"avatar_id","avatar_name","gender","premium","preview_image_url","preview_video_url"
"Abigail_expressive_2024112501","Abigail (Upper Body)","female","False","https://files2.heygen.ai/avatar/v3/1ad51ab9fee24ae88af067206e14a1d8_44250/preview_target.webp","https://files2.heygen.ai/avatar/v3/1ad51ab9fee24ae88af067206e14a1d8_44250/preview_video_target.mp4"
"Abigail_standing_office_front","Abigail Office Front","female","False","https://files2.heygen.ai/avatar/v3/463208b6cad140d2b263535826838e3a_39240/preview_target.webp","https://files2.heygen.ai/avatar/v3/463208b6cad140d2b263535826838e3a_39240/preview_video_target.mp4"
"Abigail_standing_office_side","Abigail Office Side","female","False","https://files2.heygen.ai/avatar/v3/9886d46db7f24260bb219c756ca0d759_39250/preview_target.webp","https://files2.heygen.ai/avatar/v3/9886d46db7f24260bb219c756ca0d759_39250/preview_video_target.mp4"
"Abigail_sitting_sofa_front","Abigail Sofa Front","female","False","https://files2.heygen.ai/avatar/v3/cfdab85e050048d2abc901bf882c89a7_39220/preview_target.webp","https://files2.heygen.ai/avatar/v3/cfdab85e050048d2abc901bf882c89a7_39220/preview_video_target.mp4"
"Abigail_sitting_sofa_side","Abigail Sofa Side","female","False","https://files2.heygen.ai/avatar/v3/e5e2683161894616b4cdf73d4f6ed6ea_39230/preview_target.webp","https://files2.heygen.ai/avatar/v3/e5e2683161894616b4cdf73d4f6ed6ea_39230/preview_video_target.mp4"
"Aditya_public_4","Aditya in Brown blazer","male","False","https://files2.heygen.ai/avatar/v3/17ad4b824e5a47e8b4f61e6a9cd346e7_62180/preview_target.webp","https://files2.heygen.ai/avatar/v3/17ad4b824e5a47e8b4f61e6a9cd346e7_62180/preview_video_target.mp4"
"Aditya_public_1","Aditya in Blue blazer","male","False","https://files2.heygen.ai/avatar/v3/8c30ef92b2334d919e0f754e38c1a1ae_62150/preview_target.webp","https://files2.heygen.ai/avatar/v3/8c30ef92b2334d919e0f754e38c1a1ae_62150/preview_video_target.mp4"
"Aditya_public_5","Aditya in Blue shirt","male","False","https://files2.heygen.ai/avatar/v3/cfcffd36e22045e9b47ea2b95b3f53af_62190/preview_target.webp","https://files2.heygen.ai/avatar/v3/cfcffd36e22045e9b47ea2b95b3f53af_62190/preview_video_target.mp4"
"Aditya_public_2","Aditya in Blue t-shirt","male","False","https://files2.heygen.ai/avatar/v3/6ff8854f65b947718a29941f6d24a4d2_62160/preview_target.webp","https://files2.heygen.ai/avatar/v3/6ff8854f65b947718a29941f6d24a4d2_62160/preview_video_target.mp4"
"Aditya_public_3","Aditya in Beige blazer","male","False","https://files2.heygen.ai/avatar/v3/7fe122f58cc545cab9006ec6753f599b_62170/preview_target.webp","https://files2.heygen.ai/avatar/v3/7fe122f58cc545cab9006ec6753f599b_62170/preview_video_target.mp4"
"Adrian_public_3_20240312","Adrian in Blue Shirt","male","False","https://files2.heygen.ai/avatar/v3/696e5afe51ee4794aa232753fa703fea_14947/preview_talk_2.webp","https://files2.heygen.ai/avatar/v3/696e5afe51ee4794aa232753fa703fea_14947/preview_video_talk_2.mp4"
"Adrian_public_2_20240312","Adrian in Blue Suit","male","False","https://files2.heygen.ai/avatar/v3/25ef6c86b1e946969d9a684870c47dfe_14947/preview_talk_1.webp","https://files2.heygen.ai/avatar/v3/25ef6c86b1e946969d9a684870c47dfe_14947/preview_video_talk_1.mp4"
"Adrian_public_20240312","Adrian in Blue Sweater","male","False","https://files2.heygen.ai/avatar/v3/3e3d8f2231e44f73af86ff2f68b7649a_14947/preview_talk_4.webp","https://files2.heygen.ai/avatar/v3/3e3d8f2231e44f73af86ff2f68b7649a_14947/preview_video_talk_4.mp4"
"Adriana_BizTalk_Front_public","Adriana BizTalk Front","female","False","https://files2.heygen.ai/avatar/v3/c3d1baaebbe84752b7a473373c6cd385_42780/preview_target.webp","https://files2.heygen.ai/avatar/v3/c3d1baaebbe84752b7a473373c6cd385_42780/preview_video_target.mp4"
"Adriana_BizTalk_Side_public","Adriana BizTalk Side","female","False","https://files2.heygen.ai/avatar/v3/5fb6d7ff842944f69d1ba419e15e2d77_42450/preview_talk_2.webp","https://files2.heygen.ai/avatar/v3/5fb6d7ff842944f69d1ba419e15e2d77_42450/preview_video_talk_2.mp4"
"Adriana_Business_Front_2_public","Adriana Business Front 2","female","False","https://files2.heygen.ai/avatar/v3/88dbd2785def417ca7a2b79d4cf40c6d_42780/preview_talk_3.webp","https://files2.heygen.ai/avatar/v3/88dbd2785def417ca7a2b79d4cf40c6d_42780/preview_video_talk_3.mp4"
"Adriana_Business_Front_public","Adriana Business Front ","female","False","https://files2.heygen.ai/avatar/v3/2b68bcf81edc44fabdc9070e62ca1f82_42780/preview_talk_2.webp","https://files2.heygen.ai/avatar/v3/2b68bcf81edc44fabdc9070e62ca1f82_42780/preview_video_talk_2.mp4"
"Adriana_Business_Side_public","Adriana Business Side","female","False","https://files2.heygen.ai/avatar/v3/18f25fd5ce0040a29a954e95165e233a_42770/preview_target.webp","https://files2.heygen.ai/avatar/v3/18f25fd5ce0040a29a954e95165e233a_42770/preview_video_target.mp4"
"Adriana_Nurse_Front_2_public","Adriana Nurse Front 2","female","False","https://files2.heygen.ai/avatar/v3/e3dfd4ec90884caeae05430db04334dd_42440/preview_target.webp","https://files2.heygen.ai/avatar/v3/e3dfd4ec90884caeae05430db04334dd_42440/preview_video_target.mp4"
"Adriana_Nurse_Front_public","Adriana Nurse Front","female","False","https://files2.heygen.ai/avatar/v3/79c13347a41a43059ddbad785a5836d6_47140/preview_target.webp","https://files2.heygen.ai/avatar/v3/79c13347a41a43059ddbad785a5836d6_47140/preview_video_target.mp4"
"Adriana_Nurse_Side_2_public","Adriana Nurse Side 2","female","False","https://files2.heygen.ai/avatar/v3/599c75d72b0545f9908327b491a9ec36_42450/preview_talk_4.webp","https://files2.heygen.ai/avatar/v3/599c75d72b0545f9908327b491a9ec36_42450/preview_video_talk_4.mp4"
"Adriana_Nurse_Side_public","Adriana Nurse Side","female","False","https://files2.heygen.ai/avatar/v3/c6a3c89a0e0f4170be2bdb5e2c3616b3_42450/preview_talk_3.webp","https://files2.heygen.ai/avatar/v3/c6a3c89a0e0f4170be2bdb5e2c3616b3_42450/preview_video_talk_3.mp4"
"Adriana_Nurse_Sitting_Side_public","Adriana Nurse Sitting Side","female","False","https://files2.heygen.ai/avatar/v3/2ffe91c78a70469696ed793bc01a682b_42450/preview_target.webp","https://files2.heygen.ai/avatar/v3/2ffe91c78a70469696ed793bc01a682b_42450/preview_video_target.mp4"
"Adriana_SuitSofa_Front_public","Adriana SuitSofa Front","female","False","https://files2.heygen.ai/avatar/v3/ab83416187164ac386f72e7c7288e70b_42780/preview_talk_1.webp","https://files2.heygen.ai/avatar/v3/ab83416187164ac386f72e7c7288e70b_42780/preview_video_talk_1.mp4"
"Aiko_public","Aiko","female","False","https://files2.heygen.ai/avatar/v3/1cc18796d5e44342b3247c1aa847bc8f_52250/preview_target.webp","https://files2.heygen.ai/avatar/v3/1cc18796d5e44342b3247c1aa847bc8f_52250/preview_video_target.mp4"
"Albert_public_3","Albert in Blue Polo shirt","male","False","https://files2.heygen.ai/avatar/v3/db0a30cd42d640a6b24e693c94c6aac3_62570/preview_target.webp","https://files2.heygen.ai/avatar/v3/db0a30cd42d640a6b24e693c94c6aac3_62570/preview_video_target.mp4"
"Albert_public_2","Albert in Blue blazer","male","False","https://files2.heygen.ai/avatar/v3/1a91286a9fae4e0aa41f93011f783ee2_62560/preview_target.webp","https://files2.heygen.ai/avatar/v3/1a91286a9fae4e0aa41f93011f783ee2_62560/preview_video_target.mp4"
"Albert_public_5","Albert in Blue shirt","male","False","https://files2.heygen.ai/avatar/v3/c86d6ccaf52d43ceb65df4a62f4b45e7_62590/preview_target.webp","https://files2.heygen.ai/avatar/v3/c86d6ccaf52d43ceb65df4a62f4b45e7_62590/preview_video_target.mp4"
"Albert_public_1","Albert in Blue suit","male","False","https://files2.heygen.ai/avatar/v3/57a701a3f0af49e6bda8cf47f1f7c7df_62550/preview_target.webp","https://files2.heygen.ai/avatar/v3/57a701a3f0af49e6bda8cf47f1f7c7df_62550/preview_video_target.mp4"
"Albert_public_4","Albert in Khaki blazer","male","False","https://files2.heygen.ai/avatar/v3/a8730972ac8a473f8d8c6fa309f729df_62580/preview_target.webp","https://files2.heygen.ai/avatar/v3/a8730972ac8a473f8d8c6fa309f729df_62580/preview_video_target.mp4"
"Albert_public_6","Albert in White shirt","male","False","https://files2.heygen.ai/avatar/v3/52252d1fde9d48fa8e295e48500205a4_62600/preview_target.webp","https://files2.heygen.ai/avatar/v3/52252d1fde9d48fa8e295e48500205a4_62600/preview_video_target.mp4"
"Amanda_in_Blue_Shirt_Front","Amanda in Blue Shirt (Front)","female","False","https://files2.heygen.ai/avatar/v3/74982c18df0f43fbbf304133b49b2170_35020/preview_target.webp","https://files2.heygen.ai/avatar/v3/74982c18df0f43fbbf304133b49b2170_35020/preview_video_target.mp4"
"Amanda_in_Blue_Shirt_Left","Amanda in Blue Shirt (Left)","female","False","https://files2.heygen.ai/avatar/v3/df3a17e47a5c4cada4199c4bab4b4cff_35030/preview_target.webp","https://files2.heygen.ai/avatar/v3/df3a17e47a5c4cada4199c4bab4b4cff_35030/preview_video_target.mp4"
"Amanda_in_Blue_Shirt_Right","Amanda in Blue Shirt (Right)","female","False","https://files2.heygen.ai/avatar/v3/912f2e54677a4f29b1dc877d20e3ce49_35040/preview_target.webp","https://files2.heygen.ai/avatar/v3/912f2e54677a4f29b1dc877d20e3ce49_35040/preview_video_target.mp4"
"Amanda_in_Grey_Shirt_Front","Amanda in Grey Shirt (Front)","female","False","https://files2.heygen.ai/avatar/v3/ecd4d2f8ee2b4178929876bb86efa799_35020/preview_talk_1.webp","https://files2.heygen.ai/avatar/v3/ecd4d2f8ee2b4178929876bb86efa799_35020/preview_video_talk_1.mp4"
"Amanda_in_Grey_Shirt_Left","Amanda in Grey Shirt (Left)","female","False","https://files2.heygen.ai/avatar/v3/f6f77b67900e45ffaf5f3fe756ba2bc2_35030/preview_talk_1.webp","https://files2.heygen.ai/avatar/v3/f6f77b67900e45ffaf5f3fe756ba2bc2_35030/preview_video_talk_1.mp4"
"Amanda_in_Grey_Shirt_Right","Amanda in Grey Shirt (Right)","female","False","https://files2.heygen.ai/avatar/v3/93b2b6e3ceb34ca880a8c053ade3293c_35040/preview_talk_1.webp","https://files2.heygen.ai/avatar/v3/93b2b6e3ceb34ca880a8c053ade3293c_35040/preview_video_talk_1.mp4"
"Amanda_Maintenance_Front","Amanda in Maintenance (Front)","female","False","https://files2.heygen.ai/avatar/v3/23807df66d6c4a2d89248ed269ef1a14_35020/preview_talk_2.webp","https://files2.heygen.ai/avatar/v3/23807df66d6c4a2d89248ed269ef1a14_35020/preview_video_talk_2.mp4"
"Amanda_Maintenance_Left","Amanda in Maintenance (Left)","female","False","https://files2.heygen.ai/avatar/v3/7736e274ddb24d08a1168653ea5c11b2_35030/preview_talk_2.webp","https://files2.heygen.ai/avatar/v3/7736e274ddb24d08a1168653ea5c11b2_35030/preview_video_talk_2.mp4"
"Amanda_Maintenance_Right","Amanda in Maintenance (Right)","female","False","https://files2.heygen.ai/avatar/v3/21a54eff27e54a98acd49ad2b33cc657_35040/preview_talk_2.webp","https://files2.heygen.ai/avatar/v3/21a54eff27e54a98acd49ad2b33cc657_35040/preview_video_talk_2.mp4"
"Amelia_sitting_business_training_front","Amelia Business Training Front 2","female","False","https://files2.heygen.ai/avatar/v3/0233ba6aea01411ab07ddafbf97886f2_39260/preview_talk_2.webp","https://files2.heygen.ai/avatar/v3/0233ba6aea01411ab07ddafbf97886f2_39260/preview_video_talk_2.mp4"
"Amelia_standing_business_training_front","Amelia Business Training Front","female","False","https://files2.heygen.ai/avatar/v3/20cf0b98ae164abdb4a814dab98e69ca_39260/preview_talk_3.webp","https://files2.heygen.ai/avatar/v3/20cf0b98ae164abdb4a814dab98e69ca_39260/preview_video_talk_3.mp4"
"Amelia_sitting_business_training_side","Amelia Business Training Side 2","female","False","https://files2.heygen.ai/avatar/v3/af703fd4f280409c87ba7d5376ca8cb3_39270/preview_talk_3.webp","https://files2.heygen.ai/avatar/v3/af703fd4f280409c87ba7d5376ca8cb3_39270/preview_video_talk_3.mp4"
"Amelia_standing_business_training_side","Amelia Business Training Side","female","False","https://files2.heygen.ai/avatar/v3/16741476b7a549288bfefdf05ed8aa5d_39270/preview_talk_4.webp","https://files2.heygen.ai/avatar/v3/16741476b7a549288bfefdf05ed8aa5d_39270/preview_video_talk_4.mp4"
"Amelia_lying_lounge_front","Amelia Lounge Front 2","female","False","https://files2.heygen.ai/avatar/v3/d684929e24d545de9fd98ae031541265_39260/preview_talk_5.webp","https://files2.heygen.ai/avatar/v3/d684929e24d545de9fd98ae031541265_39260/preview_video_talk_5.mp4"
"Amelia_standing_lounge_front","Amelia Lounge Front","female","False","https://files2.heygen.ai/avatar/v3/5e0c02e028214c5d83a8fb6f93d8af8b_39260/preview_talk_4.webp","https://files2.heygen.ai/avatar/v3/5e0c02e028214c5d83a8fb6f93d8af8b_39260/preview_video_talk_4.mp4"
"Amelia_lying_lounge_side","Amelia Lounge Side 2","female","False","https://files2.heygen.ai/avatar/v3/373b306eb011498f86f1b02803baf9d9_39280/preview_target.webp","https://files2.heygen.ai/avatar/v3/373b306eb011498f86f1b02803baf9d9_39280/preview_video_target.mp4"
"Amelia_standing_lounge_side","Amelia Lounge Side","female","False","https://files2.heygen.ai/avatar/v3/a3a8835d393646f3af4154c470440004_39270/preview_target.webp","https://files2.heygen.ai/avatar/v3/a3a8835d393646f3af4154c470440004_39270/preview_video_target.mp4"
"Amelia_sitting_yoga_front","Amelia Yoga Front 2","female","False","https://files2.heygen.ai/avatar/v3/dea59fe8a4d34fb9a28bb24b30424fd3_39260/preview_talk_1.webp","https://files2.heygen.ai/avatar/v3/dea59fe8a4d34fb9a28bb24b30424fd3_39260/preview_video_talk_1.mp4"
"Amelia_standing_yoga_front","Amelia Yoga Front","female","False","https://files2.heygen.ai/avatar/v3/1f58c0f60faa4cb5bf6c465615e3fb18_39260/preview_target.webp","https://files2.heygen.ai/avatar/v3/1f58c0f60faa4cb5bf6c465615e3fb18_39260/preview_video_target.mp4"
"Amelia_sitting_yoga_side","Amelia Yoga Side 2","female","False","https://files2.heygen.ai/avatar/v3/2f6cd925494e4bafa15aec123bda28f0_39270/preview_talk_2.webp","https://files2.heygen.ai/avatar/v3/2f6cd925494e4bafa15aec123bda28f0_39270/preview_video_talk_2.mp4"
"Amelia_standing_yoga_side","Amelia Yoga Side","female","False","https://files2.heygen.ai/avatar/v3/b047b9088c09438a997a62ba0f06750e_39270/preview_talk_1.webp","https://files2.heygen.ai/avatar/v3/b047b9088c09438a997a62ba0f06750e_39270/preview_video_talk_1.mp4"
"Andrew_public_pro1_20230614","Alex in Black Suit","male","False","https://files2.heygen.ai/avatar/v3/ed0577c3046545018aade5e35fc6e491_2750/preview_target.webp","https://files2.heygen.ai/avatar/v3/ed0577c3046545018aade5e35fc6e491_2750/preview_video_target.mp4"
"Andrew_public_pro3_20230614","Alex in Jacket","male","False","https://files2.heygen.ai/avatar/v3/ed0577c3046545018aade5e35fc6e491_2750/preview_talk_2.webp","https://files2.heygen.ai/avatar/v3/ed0577c3046545018aade5e35fc6e491_2750/preview_video_talk_2.mp4"
"Andrew_public_pro2_20230614","Alex in White Coat","male","False","https://files2.heygen.ai/avatar/v3/f5f78b56b91d4117b3902fe168257530_2724/preview_target.webp","https://files2.heygen.ai/avatar/v3/f5f78b56b91d4117b3902fe168257530_2724/preview_video_target.mp4"
"Andrew_public_pro4_20230614","Alex in Yellow Sweater","male","False","https://files2.heygen.ai/avatar/v3/7cd8a8ebd400418a97274f159f27b531_2745/preview_talk_1.webp","https://files2.heygen.ai/avatar/v3/7cd8a8ebd400418a97274f159f27b531_2745/preview_video_talk_1.mp4"
"Anja_standing_office_front","Anja Office Front","female","False","https://files2.heygen.ai/avatar/v3/f66130157ead439eb05bcf63b0469163_37110/preview_target.webp","https://files2.heygen.ai/avatar/v3/f66130157ead439eb05bcf63b0469163_37110/preview_video_target.mp4"
"Anja_standing_office_side","Anja Office Side ","female","False","https://files2.heygen.ai/avatar/v3/1b9dc9ae77684964b226b74075a59e22_37170/preview_target.webp","https://files2.heygen.ai/avatar/v3/1b9dc9ae77684964b226b74075a59e22_37170/preview_video_target.mp4"
"Anja_sitting_sofa_front","Anja Sofa Front","female","False","https://files2.heygen.ai/avatar/v3/00de8c52f5884155997a643d9732e669_37110/preview_talk_3.webp","https://files2.heygen.ai/avatar/v3/00de8c52f5884155997a643d9732e669_37110/preview_video_talk_3.mp4"
"Anja_sitting_sofa_side","Anja Sofa Side ","female","False","https://files2.heygen.ai/avatar/v3/347c5bbf9a1e40bc8fc76fe89887f1b5_37180/preview_talk_1.webp","https://files2.heygen.ai/avatar/v3/347c5bbf9a1e40bc8fc76fe89887f1b5_37180/preview_video_talk_1.mp4"
"Ann_Business_Front_public","Ann Business Front","female","False","https://files2.heygen.ai/avatar/v3/51161fccd84d4c71b686cfe67c34f1b6_48010/preview_target.webp","https://files2.heygen.ai/avatar/v3/51161fccd84d4c71b686cfe67c34f1b6_48010/preview_video_target.mp4"
"Ann_Business_Sitting_public","Ann Business Sitting","female","False","https://files2.heygen.ai/avatar/v3/5ebc357fa7934d258d605a2237ccd9f6_48000/preview_target.webp","https://files2.heygen.ai/avatar/v3/5ebc357fa7934d258d605a2237ccd9f6_48000/preview_video_target.mp4"
"Ann_Casual_Front_public","Ann Casual Front","female","False","https://files2.heygen.ai/avatar/v3/c664108fcc4a48bc985fa77dc995e623_48040/preview_target.webp","https://files2.heygen.ai/avatar/v3/c664108fcc4a48bc985fa77dc995e623_48040/preview_video_target.mp4"
"Ann_Casual_Lying_public","Ann Casual Lying","female","False","https://files2.heygen.ai/avatar/v3/d9bbc52a62994d8ea2f04c6d287b28bb_48050/preview_target.webp","https://files2.heygen.ai/avatar/v3/d9bbc52a62994d8ea2f04c6d287b28bb_48050/preview_video_target.mp4"
"Ann_Casual_Sitting_2_public","Ann Casual Sitting 2","female","False","https://files2.heygen.ai/avatar/v3/d05c5212e1014846a53b7cea76bc3c9c_48030/preview_target.webp","https://files2.heygen.ai/avatar/v3/d05c5212e1014846a53b7cea76bc3c9c_48030/preview_video_target.mp4"
"Ann_Casual_Sitting_public","Ann Casual Sitting","female","False","https://files2.heygen.ai/avatar/v3/88734c28f9d040b08e129b876aedc981_48020/preview_target.webp","https://files2.heygen.ai/avatar/v3/88734c28f9d040b08e129b876aedc981_48020/preview_video_target.mp4"
"Ann_Doctor_Sitting_public","Ann Doctor Sitting","female","False","https://files2.heygen.ai/avatar/v3/26de369b2d4443e586dedf27af1e0c1d_45570/preview_talk_1.webp","https://files2.heygen.ai/avatar/v3/26de369b2d4443e586dedf27af1e0c1d_45570/preview_video_talk_1.mp4"
"Ann_Doctor_Standing2_public","Ann Doctor Standing","female","False","https://files2.heygen.ai/avatar/v3/699a4c2995914d39b2cb311a930d7720_45570/preview_talk_3.webp","https://files2.heygen.ai/avatar/v3/699a4c2995914d39b2cb311a930d7720_45570/preview_video_talk_3.mp4"
"Ann_Sweater_Front_public","Ann Sweater Front","female","False","https://files2.heygen.ai/avatar/v3/abe1d571bfc94dc9bc2ef44ea3a2ce0e_47980/preview_target.webp","https://files2.heygen.ai/avatar/v3/abe1d571bfc94dc9bc2ef44ea3a2ce0e_47980/preview_video_target.mp4"
"Ann_Sweater_Side_public","Ann Sweater Side","female","False","https://files2.heygen.ai/avatar/v3/e3b375f65c8f4f5c8ce695c3ed49e4d5_48810/preview_talk_3.webp","https://files2.heygen.ai/avatar/v3/e3b375f65c8f4f5c8ce695c3ed49e4d5_48810/preview_video_talk_3.mp4"
"Ann_Therapist_public","Ann Therapist","female","False","https://files2.heygen.ai/avatar/v3/75e0a87b7fd94f0981ff398b593dd47f_45570/preview_talk_4.webp","https://files2.heygen.ai/avatar/v3/75e0a87b7fd94f0981ff398b593dd47f_45570/preview_video_talk_4.mp4"
"Anna_public_20240108","Anna in White T-shirt","female","False","https://files2.heygen.ai/avatar/v3/3c427d8c81414355b04c2b25a1e7873a_13216/preview_target.webp","https://files2.heygen.ai/avatar/v3/3c427d8c81414355b04c2b25a1e7873a_13216/preview_video_target.mp4"
"Anna_public_2_20240108","Anna in Turtleneck T-shirt","female","False","https://files2.heygen.ai/avatar/v3/3c427d8c81414355b04c2b25a1e7873a_13216/preview_talk_4.webp","https://files2.heygen.ai/avatar/v3/3c427d8c81414355b04c2b25a1e7873a_13216/preview_video_talk_4.mp4"
"Anna_public_3_20240108","Anna in Brown T-shirt","female","False","https://files2.heygen.ai/avatar/v3/3c427d8c81414355b04c2b25a1e7873a_13216/preview_talk_3.webp","https://files2.heygen.ai/avatar/v3/3c427d8c81414355b04c2b25a1e7873a_13216/preview_video_talk_3.mp4"
"Annelise_public_2","Annelise in Dark blue dress","female","False","https://files2.heygen.ai/avatar/v3/89af02fefefc4699bae12331bd047373_58430/preview_target.webp","https://files2.heygen.ai/avatar/v3/89af02fefefc4699bae12331bd047373_58430/preview_video_target.mp4"
"Annelise_public_3","Annelise in Off white dress","female","False","https://files2.heygen.ai/avatar/v3/8ce8a7654c3f4ef2a0cbad698e788c2f_58440/preview_target.webp","https://files2.heygen.ai/avatar/v3/8ce8a7654c3f4ef2a0cbad698e788c2f_58440/preview_video_target.mp4"
"Annelise_public_4","Annelise in Sky blue dress","female","False","https://files2.heygen.ai/avatar/v3/0e28ac1cc8834328be306d26938151f3_58450/preview_target.webp","https://files2.heygen.ai/avatar/v3/0e28ac1cc8834328be306d26938151f3_58450/preview_video_target.mp4"
"Annelise_public_1","Annelise in White dress","female","False","https://files2.heygen.ai/avatar/v3/7ddf9cbedfe34f728d11f916431ddf74_58400/preview_target.webp","https://files2.heygen.ai/avatar/v3/7ddf9cbedfe34f728d11f916431ddf74_58400/preview_video_target.mp4"
"Annelore_public_2","Annelore in Blue dress","female","False","https://files2.heygen.ai/avatar/v3/c1d815d3f43246b9bd78f20bd06ba61c_60700/preview_target.webp","https://files2.heygen.ai/avatar/v3/c1d815d3f43246b9bd78f20bd06ba61c_60700/preview_video_target.mp4"
"Annelore_public_5","Annelore in Red blazer","female","False","https://files2.heygen.ai/avatar/v3/6bce7f8e749f4b3b81387c763fa934cc_60660/preview_target.webp","https://files2.heygen.ai/avatar/v3/6bce7f8e749f4b3b81387c763fa934cc_60660/preview_video_target.mp4"
"Annelore_public_3","Annelore in Red sweater","female","False","https://files2.heygen.ai/avatar/v3/6ffd133e29f5414a9b3154e300e2eb01_60680/preview_target.webp","https://files2.heygen.ai/avatar/v3/6ffd133e29f5414a9b3154e300e2eb01_60680/preview_video_target.mp4"
"Annelore_public_1","Annelore in White shirt","female","False","https://files2.heygen.ai/avatar/v3/3711fd79eaa545e1be3b3eeabcad3078_60720/preview_target.webp","https://files2.heygen.ai/avatar/v3/3711fd79eaa545e1be3b3eeabcad3078_60720/preview_video_target.mp4"
"Annie_expressive10_public","Annie in Grey Jacket","female","False","https://files2.heygen.ai/avatar/v3/b76b3d8f146c4a0ab7b2b865d87eb801_55500/preview_target.webp","https://files2.heygen.ai/avatar/v3/b76b3d8f146c4a0ab7b2b865d87eb801_55500/preview_video_target.mp4"
"Annie_expressive11_public","Annie in White Shirt","female","False","https://files2.heygen.ai/avatar/v3/561ec5deb3f74a27b6b12fd8a6a2f76e_56970/preview_target.webp","https://files2.heygen.ai/avatar/v3/561ec5deb3f74a27b6b12fd8a6a2f76e_56970/preview_video_target.mp4"
"Annie_expressive12_public","Annie in Tan Jacket","female","False","https://files2.heygen.ai/avatar/v3/262658a5bb3346e38b68c623019fd5b2_55470/preview_target.webp","https://files2.heygen.ai/avatar/v3/262658a5bb3346e38b68c623019fd5b2_55470/preview_video_target.mp4"
"Annie_expressive2_public","Annie in Blue Casual","female","False","https://files2.heygen.ai/avatar/v3/35a188d174c446859764803cd63d7332_55540/preview_target.webp","https://files2.heygen.ai/avatar/v3/35a188d174c446859764803cd63d7332_55540/preview_video_target.mp4"
"Annie_expressive3_public","Annie in Light Blue","female","False","https://files2.heygen.ai/avatar/v3/2f27d7394d1546ceb091516e188b869f_55510/preview_target.webp","https://files2.heygen.ai/avatar/v3/2f27d7394d1546ceb091516e188b869f_55510/preview_video_target.mp4"
"Annie_expressive4_public","Annie in Brown Shirt","female","False","https://files2.heygen.ai/avatar/v3/823b3e996c4b4244957f4d4326f74b35_53400/preview_target.webp","https://files2.heygen.ai/avatar/v3/823b3e996c4b4244957f4d4326f74b35_53400/preview_video_target.mp4"
"Annie_expressive5_public","Annie in Black Shirt","female","False","https://files2.heygen.ai/avatar/v3/f4b1d27d912f405a8abb2ace86cb67d6_56130/preview_target.webp","https://files2.heygen.ai/avatar/v3/f4b1d27d912f405a8abb2ace86cb67d6_56130/preview_video_target.mp4"
"Annie_expressive6_public","Annie in Pink Suit","female","False","https://files2.heygen.ai/avatar/v3/a643fb413d7e460ea257d0f4c15d0179_56150/preview_target.webp","https://files2.heygen.ai/avatar/v3/a643fb413d7e460ea257d0f4c15d0179_56150/preview_video_target.mp4"
"Annie_expressive7_public","Annie in Grey Dress","female","False","https://files2.heygen.ai/avatar/v3/5b476f692d1c488bab6c7aed3ef00823_54010/preview_target.webp","https://files2.heygen.ai/avatar/v3/5b476f692d1c488bab6c7aed3ef00823_54010/preview_video_target.mp4"
"Annie_expressive8_public","Annie in Blue Vest","female","False","https://files2.heygen.ai/avatar/v3/5d8649146ffe4644858c56b3c63be17a_55490/preview_target.webp","https://files2.heygen.ai/avatar/v3/5d8649146ffe4644858c56b3c63be17a_55490/preview_video_target.mp4"
"Annie_expressive9_public","Annie in Black V-neck Shirt","female","False","https://files2.heygen.ai/avatar/v3/2ff430195ff74d8ba32d629246898304_56120/preview_target.webp","https://files2.heygen.ai/avatar/v3/2ff430195ff74d8ba32d629246898304_56120/preview_video_target.mp4"
"Annie_expressive_public","Annie in Blue Suit","female","False","https://files2.heygen.ai/avatar/v3/5d5a9a07c612460d882861e0e8931564_54040/preview_target.webp","https://files2.heygen.ai/avatar/v3/5d5a9a07c612460d882861e0e8931564_54040/preview_video_target.mp4"
"Annie_Bar_Sitting_Front_public","Annie Bar Sitting Front","female","False","https://files2.heygen.ai/avatar/v3/7b244fd523ba4135b6a2a8ecaf19b510_56090/preview_target.webp","https://files2.heygen.ai/avatar/v3/7b244fd523ba4135b6a2a8ecaf19b510_56090/preview_video_target.mp4"
"Annie_Bar_Sitting_Side_public","Annie Bar Sitting Side","female","False","https://files2.heygen.ai/avatar/v3/b724e937b6af472689a91de64233a66b_56100/preview_target.webp","https://files2.heygen.ai/avatar/v3/b724e937b6af472689a91de64233a66b_56100/preview_video_target.mp4"
"Annie_Bar_Standing_Front_2_public","Annie Bar Standing Front 2","female","False","https://files2.heygen.ai/avatar/v3/6eeb8d4212d84bfdb968d00aba9960b2_56090/preview_talk_2.webp","https://files2.heygen.ai/avatar/v3/6eeb8d4212d84bfdb968d00aba9960b2_56090/preview_video_talk_2.mp4"
"Annie_Bar_Standing_Front_3_public","Annie Bar Standing Front 3","female","False","https://files2.heygen.ai/avatar/v3/56ecee33b1d144bbb4efa65f68dcbb03_56110/preview_target.webp","https://files2.heygen.ai/avatar/v3/56ecee33b1d144bbb4efa65f68dcbb03_56110/preview_video_target.mp4"
"Annie_Bar_Standing_Front_public","Annie Bar Standing Front","female","False","https://files2.heygen.ai/avatar/v3/d0a38df14afa46d8b25f7745331cdb89_56090/preview_talk_1.webp","https://files2.heygen.ai/avatar/v3/d0a38df14afa46d8b25f7745331cdb89_56090/preview_video_talk_1.mp4"
"Annie_Bar_Standing_Side_2_public","Annie Bar Standing Side 2","female","False","https://files2.heygen.ai/avatar/v3/63948e2e772543deae18844327e27877_56100/preview_talk_3.webp","https://files2.heygen.ai/avatar/v3/63948e2e772543deae18844327e27877_56100/preview_video_talk_3.mp4"
"Annie_Bar_Standing_Side_3_public","Annie Bar Standing Side 3","female","False","https://files2.heygen.ai/avatar/v3/cbc71c5b9e754f809621b4d5706009ab_56100/preview_talk_2.webp","https://files2.heygen.ai/avatar/v3/cbc71c5b9e754f809621b4d5706009ab_56100/preview_video_talk_2.mp4"
"Annie_Bar_Standing_Side_public","Annie Bar Standing Side","female","False","https://files2.heygen.ai/avatar/v3/ba51441b61d445db8443c83f8a8d0d15_56100/preview_talk_1.webp","https://files2.heygen.ai/avatar/v3/ba51441b61d445db8443c83f8a8d0d15_56100/preview_video_talk_1.mp4"
"Annie_Business_Casual_Standing_Front_2_public","Annie Business Casual Standing Front 2","female","False","https://files2.heygen.ai/avatar/v3/59ab28f846a24d25b3e91a2a87222c4c_56020/preview_talk_1.webp","https://files2.heygen.ai/avatar/v3/59ab28f846a24d25b3e91a2a87222c4c_56020/preview_video_talk_1.mp4"
"Annie_Business_Casual_Standing_Front_public","Annie Business Casual Standing Front","female","False","https://files2.heygen.ai/avatar/v3/d1777b1afdb8436cb3b3f0833c6ed492_56020/preview_target.webp","https://files2.heygen.ai/avatar/v3/d1777b1afdb8436cb3b3f0833c6ed492_56020/preview_video_target.mp4"
"Annie_Business_Casual_Standing_Side_2_public","Annie Business Casual Standing Side 2","female","False","https://files2.heygen.ai/avatar/v3/78f858c6cf2845bb9c31b3cea76b0e58_56030/preview_talk_3.webp","https://files2.heygen.ai/avatar/v3/78f858c6cf2845bb9c31b3cea76b0e58_56030/preview_video_talk_3.mp4"
"Annie_Business_Casual_Standing_Side_public","Annie Business Casual Standing Side","female","False","https://files2.heygen.ai/avatar/v3/e87a78fbcb074752a4a7770be54513b1_56030/preview_talk_2.webp","https://files2.heygen.ai/avatar/v3/e87a78fbcb074752a4a7770be54513b1_56030/preview_video_talk_2.mp4"
"Annie_Casual_Sitting_Front_2_public","Annie Casual Sitting Front 2","female","False","https://files2.heygen.ai/avatar/v3/1b06ffc57270417ba7da3dc24decd433_55980/preview_talk_1.webp","https://files2.heygen.ai/avatar/v3/1b06ffc57270417ba7da3dc24decd433_55980/preview_video_talk_1.mp4"
"Annie_Casual_Sitting_Front_public","Annie Casual Sitting Front","female","False","https://files2.heygen.ai/avatar/v3/782ffba0e0584bd6935e7e57d5f7e444_55980/preview_target.webp","https://files2.heygen.ai/avatar/v3/782ffba0e0584bd6935e7e57d5f7e444_55980/preview_video_target.mp4"
"Annie_Casual_Sitting_Side_2_public","Annie Casual Sitting Side 2","female","False","https://files2.heygen.ai/avatar/v3/2b1a099cf17a4bcaa09b14d2f9727485_55990/preview_talk_1.webp","https://files2.heygen.ai/avatar/v3/2b1a099cf17a4bcaa09b14d2f9727485_55990/preview_video_talk_1.mp4"
"Annie_Casual_Sitting_Side_public","Annie Casual Sitting Side","female","False","https://files2.heygen.ai/avatar/v3/ce758a257b7f4be3a8c2cf37dbc9e5d7_55990/preview_target.webp","https://files2.heygen.ai/avatar/v3/ce758a257b7f4be3a8c2cf37dbc9e5d7_55990/preview_video_target.mp4"
"Annie_Casual_Standing_Front_2_public","Annie Casual Standing Front 2","female","False","https://files2.heygen.ai/avatar/v3/8e1eb5dd8aa649b3a2736ad3ae63d6c8_56040/preview_talk_2.webp","https://files2.heygen.ai/avatar/v3/8e1eb5dd8aa649b3a2736ad3ae63d6c8_56040/preview_video_talk_2.mp4"
"Annie_Casual_Standing_Front_public","Annie Casual Standing Front","female","False","https://files2.heygen.ai/avatar/v3/f5d3bb0f157d4f05b52828702f47230e_55980/preview_talk_2.webp","https://files2.heygen.ai/avatar/v3/f5d3bb0f157d4f05b52828702f47230e_55980/preview_video_talk_2.mp4"
"Annie_Casual_Standing_Side_2_public","Annie Casual Standing Side 2","female","False","https://files2.heygen.ai/avatar/v3/39eeeab7f75e411a82a3185ee8ef3901_56050/preview_talk_1.webp","https://files2.heygen.ai/avatar/v3/39eeeab7f75e411a82a3185ee8ef3901_56050/preview_video_talk_1.mp4"
"Annie_Casual_Standing_Side_public","Annie Casual Standing Side","female","False","https://files2.heygen.ai/avatar/v3/c76fa4a2be354fccbb503909d32f1a64_55990/preview_talk_2.webp","https://files2.heygen.ai/avatar/v3/c76fa4a2be354fccbb503909d32f1a64_55990/preview_video_talk_2.mp4"
"Annie_Desk_Sitting_Front_2_public","Annie Desk Sitting Front 2","female","False","https://files2.heygen.ai/avatar/v3/33d3475370b94bb7942dcbbdc445b03f_56070/preview_target.webp","https://files2.heygen.ai/avatar/v3/33d3475370b94bb7942dcbbdc445b03f_56070/preview_video_target.mp4"
"Annie_Desk_Sitting_Front_public","Annie Desk Sitting Front","female","False","https://files2.heygen.ai/avatar/v3/10c2cfbc1c1b4fa9a5fc08162b1709e2_56040/preview_talk_3.webp","https://files2.heygen.ai/avatar/v3/10c2cfbc1c1b4fa9a5fc08162b1709e2_56040/preview_video_talk_3.mp4"
"Annie_Desk_Sitting_Side_2_public","Annie Desk Sitting Side 2","female","False","https://files2.heygen.ai/avatar/v3/a130a0f3225c4fdb91de800cd836b778_56080/preview_target.webp","https://files2.heygen.ai/avatar/v3/a130a0f3225c4fdb91de800cd836b778_56080/preview_video_target.mp4"
"Annie_Desk_Sitting_Side_public","Annie Desk Sitting Side","female","False","https://files2.heygen.ai/avatar/v3/ea08ae4933164707bc0e9b1536b28bc9_56050/preview_target.webp","https://files2.heygen.ai/avatar/v3/ea08ae4933164707bc0e9b1536b28bc9_56050/preview_video_target.mp4"
"Annie_Lounge_Standing_Front_public","Annie Lounge Standing Front","female","False","https://files2.heygen.ai/avatar/v3/363e6f1f39b540b4adbfdae8ebda75ae_55960/preview_talk_2.webp","https://files2.heygen.ai/avatar/v3/363e6f1f39b540b4adbfdae8ebda75ae_55960/preview_video_talk_2.mp4"
"Annie_Lounge_Standing_Side_public","Annie Lounge Standing Side","female","False","https://files2.heygen.ai/avatar/v3/e621bd1f24c14305a2233e93a8c8715e_55970/preview_talk_1.webp","https://files2.heygen.ai/avatar/v3/e621bd1f24c14305a2233e93a8c8715e_55970/preview_video_talk_1.mp4"
"Annie_Office_Sitting_Front_2_public","Annie Office Sitting Front 2","female","False","https://files2.heygen.ai/avatar/v3/6f1c6120e79f48ed834be24a94b05931_56070/preview_talk_2.webp","https://files2.heygen.ai/avatar/v3/6f1c6120e79f48ed834be24a94b05931_56070/preview_video_talk_2.mp4"
"Annie_Office_Sitting_Front_public","Annie Office Sitting Front","female","False","https://files2.heygen.ai/avatar/v3/b5272572b25143fbb1af3b874a03bdaf_56020/preview_talk_2.webp","https://files2.heygen.ai/avatar/v3/b5272572b25143fbb1af3b874a03bdaf_56020/preview_video_talk_2.mp4"
"Annie_Office_Sitting_Side_2_public","Annie Office Sitting Side 2","female","False","https://files2.heygen.ai/avatar/v3/6bd64a550919413f8257aabfb74c22fb_56080/preview_talk_1.webp","https://files2.heygen.ai/avatar/v3/6bd64a550919413f8257aabfb74c22fb_56080/preview_video_talk_1.mp4"
"Annie_Office_Sitting_Side_public","Annie Office Sitting Side","female","False","https://files2.heygen.ai/avatar/v3/58d47dbbb5d7454dbda0f53bc34fd9ea_56030/preview_target.webp","https://files2.heygen.ai/avatar/v3/58d47dbbb5d7454dbda0f53bc34fd9ea_56030/preview_video_target.mp4"
"Annie_Office_Standing_Front_public","Annie Office Standing Front","female","False","https://files2.heygen.ai/avatar/v3/4166f08ed46f40fb87ca14b9ef48765d_56020/preview_talk_3.webp","https://files2.heygen.ai/avatar/v3/4166f08ed46f40fb87ca14b9ef48765d_56020/preview_video_talk_3.mp4"
"Annie_Office_Standing_Side_public","Annie Office Standing Side","female","False","https://files2.heygen.ai/avatar/v3/ad51bc760ed54ab3bc2f3f8eccaf8e30_56030/preview_talk_1.webp","https://files2.heygen.ai/avatar/v3/ad51bc760ed54ab3bc2f3f8eccaf8e30_56030/preview_video_talk_1.mp4"
"Annie_Sofa_Sitting_Front_3_public","Annie Sofa Sitting Front 3","female","False","https://files2.heygen.ai/avatar/v3/adcd9c28596f40389a926f2b7a4153d0_56310/preview_talk_1.webp","https://files2.heygen.ai/avatar/v3/adcd9c28596f40389a926f2b7a4153d0_56310/preview_video_talk_1.mp4"
"Annie_Sofa_Sitting_Front_public","Annie Sofa Sitting Front","female","False","https://files2.heygen.ai/avatar/v3/96b055e7536f4d99b8c5f519fbad7179_55960/preview_target.webp","https://files2.heygen.ai/avatar/v3/96b055e7536f4d99b8c5f519fbad7179_55960/preview_video_target.mp4"
"Annie_Sofa_Sitting_Side_2_public","Annie Sofa Sitting Side 2","female","False","https://files2.heygen.ai/avatar/v3/3c6fc843d9eb4b4a83e6e15d4dd1414a_55970/preview_target.webp","https://files2.heygen.ai/avatar/v3/3c6fc843d9eb4b4a83e6e15d4dd1414a_55970/preview_video_target.mp4"
"Annie_Sofa_Sitting_Side_3_public","Annie Sofa Sitting Side 3","female","False","https://files2.heygen.ai/avatar/v3/46bf2baf90bc4333a8a40d01f22e606d_56320/preview_target.webp","https://files2.heygen.ai/avatar/v3/46bf2baf90bc4333a8a40d01f22e606d_56320/preview_video_target.mp4"
"Annie_Sofa_Sitting_Side1_public","Annie Sofa Sitting Side","female","False","https://files2.heygen.ai/avatar/v3/c9f42d5a83d84ed6b3f42989f0ef20b4_56310/preview_target.webp","https://files2.heygen.ai/avatar/v3/c9f42d5a83d84ed6b3f42989f0ef20b4_56310/preview_video_target.mp4"
"Annie_Sofa_Sitting_Side_public","Annie Sofa Sitting Front 2","female","False","https://files2.heygen.ai/avatar/v3/7f2caecd8b8b4e5f94b1ee92fe697322_55960/preview_talk_1.webp","https://files2.heygen.ai/avatar/v3/7f2caecd8b8b4e5f94b1ee92fe697322_55960/preview_video_talk_1.mp4"
"Annie_Studio_Pink_Sitting_Front_public","Annie Studio Pink Sitting Front","female","False","https://files2.heygen.ai/avatar/v3/b56dba4dc8114414bc16d39d7aa051bc_56040/preview_target.webp","https://files2.heygen.ai/avatar/v3/b56dba4dc8114414bc16d39d7aa051bc_56040/preview_video_target.mp4"
"Annie_Studio_Pink_Sitting_Side_public","Annie Studio Pink Sitting Side","female","False","https://files2.heygen.ai/avatar/v3/aa2a61c1d5834ece938375d412132580_56320/preview_talk_1.webp","https://files2.heygen.ai/avatar/v3/aa2a61c1d5834ece938375d412132580_56320/preview_video_talk_1.mp4"
"Annie_Studio_Pink_Standing_Front_public","Annie Studio Pink Standing Front","female","False","https://files2.heygen.ai/avatar/v3/456807b0fc8e4f8da62760594118c2a6_56040/preview_talk_1.webp","https://files2.heygen.ai/avatar/v3/456807b0fc8e4f8da62760594118c2a6_56040/preview_video_talk_1.mp4"
"Annie_Studio_Pink_Standing_Side_public","Annie Studio Pink Standing Side","female","False","https://files2.heygen.ai/avatar/v3/30184bf113ce49bfac8cdf00c225046f_56060/preview_target.webp","https://files2.heygen.ai/avatar/v3/30184bf113ce49bfac8cdf00c225046f_56060/preview_video_target.mp4"
"Armando_Casual_Front_public","Armando Casual Front","male","False","https://files2.heygen.ai/avatar/v3/fa717f667b7b4e41b0d7e4fd320ab080_43280/preview_talk_1.webp","https://files2.heygen.ai/avatar/v3/fa717f667b7b4e41b0d7e4fd320ab080_43280/preview_video_talk_1.mp4"
"Armando_Casual_Side_public","Armando Casual Side","male","False","https://files2.heygen.ai/avatar/v3/36dff2ade72644a4a3103341a0bfe7d5_43290/preview_talk_2.webp","https://files2.heygen.ai/avatar/v3/36dff2ade72644a4a3103341a0bfe7d5_43290/preview_video_talk_2.mp4"
"Armando_Suit_Front_public","Armando Suit Front","male","False","https://files2.heygen.ai/avatar/v3/ef41b4d270ae48b0af554464adde71aa_43280/preview_talk_5.webp","https://files2.heygen.ai/avatar/v3/ef41b4d270ae48b0af554464adde71aa_43280/preview_video_talk_5.mp4"
"Armando_Suit_Side_public","Armando Suit Side","male","False","https://files2.heygen.ai/avatar/v3/866961acf5084781b1557068ada1dd28_43460/preview_target.webp","https://files2.heygen.ai/avatar/v3/866961acf5084781b1557068ada1dd28_43460/preview_video_target.mp4"
"Armando_Sweater_Front2_public","Armando Sweater Front 2","male","False","https://files2.heygen.ai/avatar/v3/7e412117419c468ab441a52e0db47ab6_43280/preview_talk_4.webp","https://files2.heygen.ai/avatar/v3/7e412117419c468ab441a52e0db47ab6_43280/preview_video_talk_4.mp4"
"Armando_Sweater_Front_public","Armando Sweater Front","male","False","https://files2.heygen.ai/avatar/v3/8d12122d6f83476e843394e69451c03a_43280/preview_talk_3.webp","https://files2.heygen.ai/avatar/v3/8d12122d6f83476e843394e69451c03a_43280/preview_video_talk_3.mp4"
"Armando_Sweater_Side2_public","Armando Sweater Side 2","male","False","https://files2.heygen.ai/avatar/v3/c6360c23d795460182cc96331161d74f_43290/preview_talk_4.webp","https://files2.heygen.ai/avatar/v3/c6360c23d795460182cc96331161d74f_43290/preview_video_talk_4.mp4"
"Armando_Sweater_Side_public","Armando Sweater Side","male","False","https://files2.heygen.ai/avatar/v3/6aa7211edc3048538569da077618e256_43290/preview_talk_3.webp","https://files2.heygen.ai/avatar/v3/6aa7211edc3048538569da077618e256_43290/preview_video_talk_3.mp4"
"Artur_standing_office_front","Artur Office Front 2","male","False","https://files2.heygen.ai/avatar/v3/ea847ee0ca44468fb6119d16396bf8f1_37890/preview_target.webp","https://files2.heygen.ai/avatar/v3/ea847ee0ca44468fb6119d16396bf8f1_37890/preview_video_target.mp4"
"Artur_sitting_office_front","Artur Office Front","male","False","https://files2.heygen.ai/avatar/v3/f0d69336d41f48359261cefc05678c38_37890/preview_talk_3.webp","https://files2.heygen.ai/avatar/v3/f0d69336d41f48359261cefc05678c38_37890/preview_video_talk_3.mp4"
"Artur_standing_office_side","Artur Office Side 2","male","False","https://files2.heygen.ai/avatar/v3/95cb5001e58e4ed986632d66826278cd_37900/preview_talk_1.webp","https://files2.heygen.ai/avatar/v3/95cb5001e58e4ed986632d66826278cd_37900/preview_video_talk_1.mp4"
"Artur_sitting_office_side","Artur Office Side","male","False","https://files2.heygen.ai/avatar/v3/aab51cd1942d42d6a15457516e682570_37910/preview_target.webp","https://files2.heygen.ai/avatar/v3/aab51cd1942d42d6a15457516e682570_37910/preview_video_target.mp4"
"Artur_standing_sofacasual_front","Artur Sofa Casual Front 2","male","False","https://files2.heygen.ai/avatar/v3/34590e9ed41648b997d90f8436b2b447_37890/preview_talk_2.webp","https://files2.heygen.ai/avatar/v3/34590e9ed41648b997d90f8436b2b447_37890/preview_video_talk_2.mp4"
"Artur_sitting_sofacasual_front","Artur Sofa Casual Front","male","False","https://files2.heygen.ai/avatar/v3/d97c6a964bbe4ccca11c99fe9d451618_37890/preview_talk_1.webp","https://files2.heygen.ai/avatar/v3/d97c6a964bbe4ccca11c99fe9d451618_37890/preview_video_talk_1.mp4"
"Artur_standing_sofacasual_side","Artur Sofa Casual Side 2","male","False","https://files2.heygen.ai/avatar/v3/3a119d8bef7942309046fafc809da3f3_37900/preview_target.webp","https://files2.heygen.ai/avatar/v3/3a119d8bef7942309046fafc809da3f3_37900/preview_video_target.mp4"
"Artur_sitting_sofacasual_side","Artur Sofa Causal Side","male","False","https://files2.heygen.ai/avatar/v3/37d7cd5b84d74a22bc7fc97eda3c3011_37900/preview_talk_2.webp","https://files2.heygen.ai/avatar/v3/37d7cd5b84d74a22bc7fc97eda3c3011_37900/preview_video_talk_2.mp4"
"Aubrey_sitting_sofa_side","Aubrey Sofa Side","female","False","https://files2.heygen.ai/avatar/v3/cabc74337c474348ab080ca75d55111b_39680/preview_target.webp","https://files2.heygen.ai/avatar/v3/cabc74337c474348ab080ca75d55111b_39680/preview_video_target.mp4"
"Aubrey_expressive_2024112701","Aubrey (Upper Body)","female","False","https://files2.heygen.ai/avatar/v3/c1794f8106eb4f9391b3f7283473ca9c_44710/preview_talk_1.webp","https://files2.heygen.ai/avatar/v3/c1794f8106eb4f9391b3f7283473ca9c_44710/preview_video_talk_1.mp4"
"Aubrey_standing_night_scene_front","Aubrey Night Scene Front","female","False","https://files2.heygen.ai/avatar/v3/33fda333525e41b4bbff63fe17169507_39530/preview_target.webp","https://files2.heygen.ai/avatar/v3/33fda333525e41b4bbff63fe17169507_39530/preview_video_target.mp4"
"Aubrey_standing_outdoor_sport_front","Aubrey Outdoor Sport Front","female","False","https://files2.heygen.ai/avatar/v3/c4745b302cb848b7a9352ece1a6d1211_39400/preview_target.webp","https://files2.heygen.ai/avatar/v3/c4745b302cb848b7a9352ece1a6d1211_39400/preview_video_target.mp4"
"Aubrey_standing_outdoor_sport_side","Aubrey Outdoor Sport Side","female","False","https://files2.heygen.ai/avatar/v3/e18ecbc69acb465b905beb42597496dc_39500/preview_target.webp","https://files2.heygen.ai/avatar/v3/e18ecbc69acb465b905beb42597496dc_39500/preview_video_target.mp4"
"Aubrey_sitting_sofa_front","Aubrey Sofa Front","female","False","https://files2.heygen.ai/avatar/v3/21f4de0e5c484eaabc74729e0be42fb3_39570/preview_target.webp","https://files2.heygen.ai/avatar/v3/21f4de0e5c484eaabc74729e0be42fb3_39570/preview_video_target.mp4"
"August_Casual_Front2_public","August Casual Front 2","male","False","https://files2.heygen.ai/avatar/v3/7ee4b62fcfd2497592d0f7f564bad649_42700/preview_talk_1.webp","https://files2.heygen.ai/avatar/v3/7ee4b62fcfd2497592d0f7f564bad649_42700/preview_video_talk_1.mp4"
"August_Casual_Front_public","August Casual Front","male","False","https://files2.heygen.ai/avatar/v3/483f52a8e2c84a41ad2b3c2dc985e2a1_42700/preview_talk_2.webp","https://files2.heygen.ai/avatar/v3/483f52a8e2c84a41ad2b3c2dc985e2a1_42700/preview_video_talk_2.mp4"
"August_Cool_Sitting_public","August Cool Sitting","male","False","https://files2.heygen.ai/avatar/v3/97c26ee40b2d411482b98dfcaa634216_46890/preview_target.webp","https://files2.heygen.ai/avatar/v3/97c26ee40b2d411482b98dfcaa634216_46890/preview_video_target.mp4"
"August_Cool_Style_public","August Cool Style","male","False","https://files2.heygen.ai/avatar/v3/232789c980374dc39fc445cc2b4734ab_43140/preview_target.webp","https://files2.heygen.ai/avatar/v3/232789c980374dc39fc445cc2b4734ab_43140/preview_video_target.mp4"
"August_Employee_Front_public","August Employee Front","male","False","https://files2.heygen.ai/avatar/v3/acf277577bc74c7a9cf97f06b04f9aa1_42700/preview_target.webp","https://files2.heygen.ai/avatar/v3/acf277577bc74c7a9cf97f06b04f9aa1_42700/preview_video_target.mp4"
"August_Hoodies_Front2_public","August Hoodies Front 2","male","False","https://files2.heygen.ai/avatar/v3/587df623272843cca6ccbe4db2b27abe_42700/preview_talk_3.webp","https://files2.heygen.ai/avatar/v3/587df623272843cca6ccbe4db2b27abe_42700/preview_video_talk_3.mp4"
"August_Hoodies_Front_public","August Hoodies Front","male","False","https://files2.heygen.ai/avatar/v3/c39391b38b9341e3b1bf3395d601f910_42700/preview_talk_4.webp","https://files2.heygen.ai/avatar/v3/c39391b38b9341e3b1bf3395d601f910_42700/preview_video_talk_4.mp4"
"Bahar_expressive_2024112501","Bahar (Upper Body)","female","False","https://files2.heygen.ai/avatar/v3/2808dbe6335043d5b5d5215cc97c4d78_44540/preview_talk_2.webp","https://files2.heygen.ai/avatar/v3/2808dbe6335043d5b5d5215cc97c4d78_44540/preview_video_talk_2.mp4"
"Bahar_Business_Front_public","Bahar Business Front","female","False","https://files2.heygen.ai/avatar/v3/94b3783586ad4a5bad570b07e81613a4_42880/preview_talk_1.webp","https://files2.heygen.ai/avatar/v3/94b3783586ad4a5bad570b07e81613a4_42880/preview_video_talk_1.mp4"
"Bahar_Business_Side_public","Bahar Business Side","female","False","https://files2.heygen.ai/avatar/v3/a96302474efd47ab9f42313e5a82ee05_42890/preview_talk_1.webp","https://files2.heygen.ai/avatar/v3/a96302474efd47ab9f42313e5a82ee05_42890/preview_video_talk_1.mp4"
"Bahar_Business_Sitting_Front_public","Bahar Business Sitting Front","female","False","https://files2.heygen.ai/avatar/v3/81bc1d34f34646c5a294b8861fb21bed_43180/preview_talk_2.webp","https://files2.heygen.ai/avatar/v3/81bc1d34f34646c5a294b8861fb21bed_43180/preview_video_talk_2.mp4"
"Bahar_Business_Sitting_Side_public","Bahar Business Sitting Side","female","False","https://files2.heygen.ai/avatar/v3/9e030e6461744e93b035a1c127d82516_43190/preview_talk_1.webp","https://files2.heygen.ai/avatar/v3/9e030e6461744e93b035a1c127d82516_43190/preview_video_talk_1.mp4"
"Bahar_Casual_Sitting_Front2_public","Bahar Casual Sitting Front 2","female","False","https://files2.heygen.ai/avatar/v3/bdf6a54fc1cc412fb59b7dbd4e96713c_43180/preview_target.webp","https://files2.heygen.ai/avatar/v3/bdf6a54fc1cc412fb59b7dbd4e96713c_43180/preview_video_target.mp4"
"Bahar_Casual_Sitting_Front_public","Bahar Casual Sitting Front","female","False","https://files2.heygen.ai/avatar/v3/e9fbd6e6291044a5a74059166d17938a_43180/preview_talk_1.webp","https://files2.heygen.ai/avatar/v3/e9fbd6e6291044a5a74059166d17938a_43180/preview_video_talk_1.mp4"
"Bahar_Casual_Sitting_Side2_public","Bahar Casual Sitting Side 2","female","False","https://files2.heygen.ai/avatar/v3/4fc10ac8217f45beb88e41f24ba13aa6_43190/preview_talk_2.webp","https://files2.heygen.ai/avatar/v3/4fc10ac8217f45beb88e41f24ba13aa6_43190/preview_video_talk_2.mp4"
"Bahar_Casual_Sitting_Side_public","Bahar Casual Sitting Side","female","False","https://files2.heygen.ai/avatar/v3/6f1c0a1b71304658bff0456a27671898_43190/preview_target.webp","https://files2.heygen.ai/avatar/v3/6f1c0a1b71304658bff0456a27671898_43190/preview_video_target.mp4"
"Bahar_Denim_Casual_Front_public","Bahar Denim Casual Front","female","False","https://files2.heygen.ai/avatar/v3/964bf1663527476f8903cf7752e10200_42880/preview_talk_4.webp","https://files2.heygen.ai/avatar/v3/964bf1663527476f8903cf7752e10200_42880/preview_video_talk_4.mp4"
"Bahar_Denim_Casual_Side_public","Bahar Denim Casual Side","female","False","https://files2.heygen.ai/avatar/v3/8f913b5aba2349b190292af2e0e41fa1_42890/preview_talk_5.webp","https://files2.heygen.ai/avatar/v3/8f913b5aba2349b190292af2e0e41fa1_42890/preview_video_talk_5.mp4"
"Bahar_Denim_Front_public","Bahar Denim Front","female","False","https://files2.heygen.ai/avatar/v3/e09fcd146f1342fd9ad2ece55e5e4bba_42880/preview_talk_3.webp","https://files2.heygen.ai/avatar/v3/e09fcd146f1342fd9ad2ece55e5e4bba_42880/preview_video_talk_3.mp4"
"Bahar_Denim_Side_public","Bahar Denim Side","female","False","https://files2.heygen.ai/avatar/v3/7d0c09fbdcae4689bcbb23d634b62ac9_42890/preview_talk_4.webp","https://files2.heygen.ai/avatar/v3/7d0c09fbdcae4689bcbb23d634b62ac9_42890/preview_video_talk_4.mp4"
"Bahar_Jacket_Casual_Front_public","Bahar Jacket Casual Front","female","False","https://files2.heygen.ai/avatar/v3/a806334b76254cb7b3d483c75b5eeee6_42880/preview_talk_2.webp","https://files2.heygen.ai/avatar/v3/a806334b76254cb7b3d483c75b5eeee6_42880/preview_video_talk_2.mp4"
"Bahar_Jacket_Casual_Side_public","Bahar Jacket Casual Side","female","False","https://files2.heygen.ai/avatar/v3/dbe58d21cb154a09a06e73d8db614c64_42890/preview_talk_2.webp","https://files2.heygen.ai/avatar/v3/dbe58d21cb154a09a06e73d8db614c64_42890/preview_video_talk_2.mp4"
"Bahar_Jacket_Front_public","Bahar Jacket Front","female","False","https://files2.heygen.ai/avatar/v3/2b05489f9bf14615854a09786646fcc7_43170/preview_target.webp","https://files2.heygen.ai/avatar/v3/2b05489f9bf14615854a09786646fcc7_43170/preview_video_target.mp4"
"Bahar_Jacket_Side_public","Bahar Jacket Side","female","False","https://files2.heygen.ai/avatar/v3/75429efd268945039288e4de35324817_42890/preview_talk_3.webp","https://files2.heygen.ai/avatar/v3/75429efd268945039288e4de35324817_42890/preview_video_talk_3.mp4"
"Bahar_Suit_Front_public","Bahar Suit Front","female","False","https://files2.heygen.ai/avatar/v3/1cab6f2c26f14b18a05aa972b9f229e8_42880/preview_target.webp","https://files2.heygen.ai/avatar/v3/1cab6f2c26f14b18a05aa972b9f229e8_42880/preview_video_target.mp4"
"Bahar_Suit_Side_public","Bahar Suit Side","female","False","https://files2.heygen.ai/avatar/v3/95893e8e41ce40288e0dba37058a6f3f_42890/preview_target.webp","https://files2.heygen.ai/avatar/v3/95893e8e41ce40288e0dba37058a6f3f_42890/preview_video_target.mp4"
"Bastien_public_3","Bastien in Blue T-shirt","male","False","https://files2.heygen.ai/avatar/v3/b82423e99e994597980e86cd5cb1acf2_61190/preview_target.webp","https://files2.heygen.ai/avatar/v3/b82423e99e994597980e86cd5cb1acf2_61190/preview_video_target.mp4"
"Bastien_public_1","Bastien in Blue blazer","male","False","https://files2.heygen.ai/avatar/v3/fac96f4ac63a4d3387e6405259fece72_61170/preview_target.webp","https://files2.heygen.ai/avatar/v3/fac96f4ac63a4d3387e6405259fece72_61170/preview_video_target.mp4"
"Bastien_public_4","Bastien in Blue shirt","male","False","https://files2.heygen.ai/avatar/v3/198d0e6f033f48d7a7347ac87734b902_61200/preview_target.webp","https://files2.heygen.ai/avatar/v3/198d0e6f033f48d7a7347ac87734b902_61200/preview_video_target.mp4"
"Bastien_public_2","Bastien in White shirt","male","False","https://files2.heygen.ai/avatar/v3/5800d49efb324ad3b1646a864ed7bd5c_61180/preview_target.webp","https://files2.heygen.ai/avatar/v3/5800d49efb324ad3b1646a864ed7bd5c_61180/preview_video_target.mp4"
"Blanka_sitting_lounge_front","Blanka Lounge Front","female","False","https://files2.heygen.ai/avatar/v3/51d99b18bdec4ad39b58ca10b9973473_38510/preview_target.webp","https://files2.heygen.ai/avatar/v3/51d99b18bdec4ad39b58ca10b9973473_38510/preview_video_target.mp4"
"Blanka_sitting_lounge_side","Blanka Lounge Side","female","False","https://files2.heygen.ai/avatar/v3/fb7baae003b44539b1d9f4a8b2b7f500_38520/preview_talk_1.webp","https://files2.heygen.ai/avatar/v3/fb7baae003b44539b1d9f4a8b2b7f500_38520/preview_video_talk_1.mp4"
"Blanka_standing_outfoorbusiness_front","Blanka Outdoor Business Front","female","False","https://files2.heygen.ai/avatar/v3/4df6714eaf9c41659b064af419016c9d_38350/preview_target.webp","https://files2.heygen.ai/avatar/v3/4df6714eaf9c41659b064af419016c9d_38350/preview_video_target.mp4"
"Blanka_standing_outfoorbusiness_side","Blanka Outdoor Business Side","female","False","https://files2.heygen.ai/avatar/v3/9ae8af02981248d998dd2f45e2366d3c_38370/preview_target.webp","https://files2.heygen.ai/avatar/v3/9ae8af02981248d998dd2f45e2366d3c_38370/preview_video_target.mp4"
"Blanka_lying_outfoorreading_front","Blanka Outdoor Reading Front","female","False","https://files2.heygen.ai/avatar/v3/3e62dc394fe8459aad0978193425a19e_38380/preview_target.webp","https://files2.heygen.ai/avatar/v3/3e62dc394fe8459aad0978193425a19e_38380/preview_video_target.mp4"
"Blanka_lying_outfoorreading_side","Blanka Outdoor Reading Side","female","False","https://files2.heygen.ai/avatar/v3/f7fc084722ab4cf49a60b961cc7a1aba_38390/preview_target.webp","https://files2.heygen.ai/avatar/v3/f7fc084722ab4cf49a60b961cc7a1aba_38390/preview_video_target.mp4"
"Blanka_sitting_picnic_front","Blanka Picnic Front","female","False","https://files2.heygen.ai/avatar/v3/edd66a35d1d24c70b96cf534dd8bf4f3_38350/preview_talk_1.webp","https://files2.heygen.ai/avatar/v3/edd66a35d1d24c70b96cf534dd8bf4f3_38350/preview_video_talk_1.mp4"
"Blanka_sitting_picnic_side","Blanka Picnic Side","female","False","https://files2.heygen.ai/avatar/v3/91746ac0ba6d4fc6945141a7fd7ba94f_39450/preview_target.webp","https://files2.heygen.ai/avatar/v3/91746ac0ba6d4fc6945141a7fd7ba94f_39450/preview_video_target.mp4"
"Bojan_sitting_businesstraining_front","Bojan Business Training Front 2","male","False","https://files2.heygen.ai/avatar/v3/391d7595784140d0b627958c1c93aff1_39290/preview_talk_2.webp","https://files2.heygen.ai/avatar/v3/391d7595784140d0b627958c1c93aff1_39290/preview_video_talk_2.mp4"
"Bojan_standing_businesstraining_front","Bojan Business Training Front","male","False","https://files2.heygen.ai/avatar/v3/2823b7672add411f9152b61e9a35cb3e_39290/preview_talk_3.webp","https://files2.heygen.ai/avatar/v3/2823b7672add411f9152b61e9a35cb3e_39290/preview_video_talk_3.mp4"
"Bojan_sitting_businesstraining_side","Bojan Business Training Side 2","male","False","https://files2.heygen.ai/avatar/v3/3c5516397fe54b60a88301e631a4ac01_39300/preview_talk_3.webp","https://files2.heygen.ai/avatar/v3/3c5516397fe54b60a88301e631a4ac01_39300/preview_video_talk_3.mp4"
"Bojan_standing_businesstraining_side","Bojan Business Training Side","male","False","https://files2.heygen.ai/avatar/v3/60cba321b0204363be5b256483187398_39300/preview_talk_2.webp","https://files2.heygen.ai/avatar/v3/60cba321b0204363be5b256483187398_39300/preview_video_talk_2.mp4"
"Bojan_lying_lounge_front","Bojan Lounge Front 2","male","False","https://files2.heygen.ai/avatar/v3/7c6fba3e91e34effa4dbab98b8bb9c14_39290/preview_talk_5.webp","https://files2.heygen.ai/avatar/v3/7c6fba3e91e34effa4dbab98b8bb9c14_39290/preview_video_talk_5.mp4"
"Bojan_standing_lounge_front","Bojan Lounge Front","male","False","https://files2.heygen.ai/avatar/v3/bad55976711c4992ab1fbc8cabaed126_39290/preview_talk_4.webp","https://files2.heygen.ai/avatar/v3/bad55976711c4992ab1fbc8cabaed126_39290/preview_video_talk_4.mp4"
"Bojan_lying_lounge_side","Bojan Lounge Side 2","male","False","https://files2.heygen.ai/avatar/v3/332cecb7cce14727b52a30ce699a542f_39310/preview_target.webp","https://files2.heygen.ai/avatar/v3/332cecb7cce14727b52a30ce699a542f_39310/preview_video_target.mp4"
"Bojan_standing_lounge_side","Bojan Lounge Side","male","False","https://files2.heygen.ai/avatar/v3/9945877106754f28a3bfe27533dce139_39300/preview_talk_4.webp","https://files2.heygen.ai/avatar/v3/9945877106754f28a3bfe27533dce139_39300/preview_video_talk_4.mp4"
"Bojan_sitting_sport_front","Bojan Sport Front 2","male","False","https://files2.heygen.ai/avatar/v3/cb0ae5ed511f4f38abe47351d7aa7619_39290/preview_talk_1.webp","https://files2.heygen.ai/avatar/v3/cb0ae5ed511f4f38abe47351d7aa7619_39290/preview_video_talk_1.mp4"
"Bojan_standing_sport_front","Bojan Sport Front","male","False","https://files2.heygen.ai/avatar/v3/365e65ba93b24697ab9be6b5c7535888_39290/preview_target.webp","https://files2.heygen.ai/avatar/v3/365e65ba93b24697ab9be6b5c7535888_39290/preview_video_target.mp4"
"Bojan_sitting_sport_side","Bojan Sport Side 2","male","False","https://files2.heygen.ai/avatar/v3/0e68f5d5255648a685618487017b58a4_39300/preview_talk_1.webp","https://files2.heygen.ai/avatar/v3/0e68f5d5255648a685618487017b58a4_39300/preview_video_talk_1.mp4"
"Bojan_standing_sport_side","Bojan Sport Side","male","False","https://files2.heygen.ai/avatar/v3/721015cf222c44da922c7fe1d4ebcb5d_39300/preview_target.webp","https://files2.heygen.ai/avatar/v3/721015cf222c44da922c7fe1d4ebcb5d_39300/preview_video_target.mp4"
"Bradley_Blue_Polo_Front","Bradley in Blue Polo (Front)","male","False","https://files2.heygen.ai/avatar/v3/c422d0fd8a0645458a084b68e3223a5b_34490/preview_talk_1.webp","https://files2.heygen.ai/avatar/v3/c422d0fd8a0645458a084b68e3223a5b_34490/preview_video_talk_1.mp4"
"Bradley_Blue_Polo_Left","Bradley in Blue Polo (Left)","male","False","https://files2.heygen.ai/avatar/v3/49f1225a81254457961a2a7baf887a28_34500/preview_talk_1.webp","https://files2.heygen.ai/avatar/v3/49f1225a81254457961a2a7baf887a28_34500/preview_video_talk_1.mp4"
"Bradley_Blue_Polo_Right","Bradley in Blue Polo (Right)","male","False","https://files2.heygen.ai/avatar/v3/9cbd922a3e324a1081a8b409a7c601b4_34510/preview_talk_1.webp","https://files2.heygen.ai/avatar/v3/9cbd922a3e324a1081a8b409a7c601b4_34510/preview_video_talk_1.mp4"
"Bradley_Blue_Shirt_Front","Bradley in Blue Shirt (Front)","male","False","https://files2.heygen.ai/avatar/v3/49220aa3db2541c5b56e1386e0014ecf_34490/preview_talk_2.webp","https://files2.heygen.ai/avatar/v3/49220aa3db2541c5b56e1386e0014ecf_34490/preview_video_talk_2.mp4"
"Bradley_Blue_Shirt_Left","Bradley in Blue Shirt (Left)","male","False","https://files2.heygen.ai/avatar/v3/2c266f31fb9f4f92b9c00ef56bf5fdef_34500/preview_talk_2.webp","https://files2.heygen.ai/avatar/v3/2c266f31fb9f4f92b9c00ef56bf5fdef_34500/preview_video_talk_2.mp4"
"Bradley_Blue_Shirt_Right","Bradley in Blue Shirt (Right)","male","False","https://files2.heygen.ai/avatar/v3/706eac56881e4a4d8494f6e1dc08fd93_34510/preview_talk_2.webp","https://files2.heygen.ai/avatar/v3/706eac56881e4a4d8494f6e1dc08fd93_34510/preview_video_talk_2.mp4"
"Bradley_Doctor_Front","Bradley in Doctor (Front)","male","False","https://files2.heygen.ai/avatar/v3/ab93928a6e14473f81880393e92ebfcf_34490/preview_target.webp","https://files2.heygen.ai/avatar/v3/ab93928a6e14473f81880393e92ebfcf_34490/preview_video_target.mp4"
"Bradley_Doctor_Left","Bradley in Doctor (Left)","male","False","https://files2.heygen.ai/avatar/v3/7f5cd2b39cc949b8a52fc00479ab9679_34500/preview_target.webp","https://files2.heygen.ai/avatar/v3/7f5cd2b39cc949b8a52fc00479ab9679_34500/preview_video_target.mp4"
"Bradley_Doctor_Right","Bradley in Doctor (Right)","male","False","https://files2.heygen.ai/avatar/v3/090fb330b0e14f5184595bd585fcb011_34510/preview_target.webp","https://files2.heygen.ai/avatar/v3/090fb330b0e14f5184595bd585fcb011_34510/preview_video_target.mp4"
"Brandon_expressive2_public","Brandon in Grey Suit","male","False","https://files2.heygen.ai/avatar/v3/5f57202f32dc4604845dc3da6372e5e4_53100/preview_target.webp","https://files2.heygen.ai/avatar/v3/5f57202f32dc4604845dc3da6372e5e4_53100/preview_video_target.mp4"
"Brandon_expressive3_public","Brandon in Blue Sweater","male","False","https://files2.heygen.ai/avatar/v3/60eee91ed9164189bca7b2cfe7d9f25f_53110/preview_target.webp","https://files2.heygen.ai/avatar/v3/60eee91ed9164189bca7b2cfe7d9f25f_53110/preview_video_target.mp4"
"Brandon_expressive_public","Brandon in White Shirt","male","False","https://files2.heygen.ai/avatar/v3/0978953f30744f8dbf7100b60d2a09b9_53210/preview_target.webp","https://files2.heygen.ai/avatar/v3/0978953f30744f8dbf7100b60d2a09b9_53210/preview_video_target.mp4"
"Brandon_Business_Sitting_Front_public","Brandon Business Sitting Front","male","False","https://files2.heygen.ai/avatar/v3/4fd0dacf93e74e9ea1c8f9029bf16b25_56470/preview_talk_1.webp","https://files2.heygen.ai/avatar/v3/4fd0dacf93e74e9ea1c8f9029bf16b25_56470/preview_video_talk_1.mp4"
"Brandon_Business_Sitting_Side_public","Brandon Business Sitting Side","male","False","https://files2.heygen.ai/avatar/v3/73bd9bd18fc54d569badd2d51e87636c_56430/preview_target.webp","https://files2.heygen.ai/avatar/v3/73bd9bd18fc54d569badd2d51e87636c_56430/preview_video_target.mp4"
"Brandon_Business_Standing_Front_public","Brandon Business Standing Front","male","False","https://files2.heygen.ai/avatar/v3/acdd45e9119c4c068e9685cdf93c687b_56470/preview_target.webp","https://files2.heygen.ai/avatar/v3/acdd45e9119c4c068e9685cdf93c687b_56470/preview_video_target.mp4"
"Brandon_Business_Standing_Side_public","Brandon Business Standing Side","male","False","https://files2.heygen.ai/avatar/v3/2b501d62780243a78391bcd935f42a28_56480/preview_target.webp","https://files2.heygen.ai/avatar/v3/2b501d62780243a78391bcd935f42a28_56480/preview_video_target.mp4"
"Brandon_Casual_Sitting_Front_public","Brandon Casual Sitting Front","male","False","https://files2.heygen.ai/avatar/v3/13f7552901c7408dadd2b286d0a56885_56460/preview_target.webp","https://files2.heygen.ai/avatar/v3/13f7552901c7408dadd2b286d0a56885_56460/preview_video_target.mp4"
"Brandon_Casual_Sitting_Side_public","Brandon Casual Sitting Side","male","False","https://files2.heygen.ai/avatar/v3/ed920c43b4744d97b087340ff2736146_56420/preview_talk_3.webp","https://files2.heygen.ai/avatar/v3/ed920c43b4744d97b087340ff2736146_56420/preview_video_talk_3.mp4"
"Brandon_Kitchen_Standing_Front_public","Brandon Kitchen Standing Front","male","False","https://files2.heygen.ai/avatar/v3/d167565dc233493db56ed3f0de1515bd_56440/preview_talk_3.webp","https://files2.heygen.ai/avatar/v3/d167565dc233493db56ed3f0de1515bd_56440/preview_video_talk_3.mp4"
"Brandon_Kitchen_Standing_Side_public","Brandon Kitchen Standing Side","male","False","https://files2.heygen.ai/avatar/v3/a9e12b52fc964426a42e67e4349f14aa_56420/preview_talk_2.webp","https://files2.heygen.ai/avatar/v3/a9e12b52fc964426a42e67e4349f14aa_56420/preview_video_talk_2.mp4"
"Brandon_Lobby_Sitting_Front_public","Brandon Lobby Sitting Front","male","False","https://files2.heygen.ai/avatar/v3/f976a69d5c7c46a9a38f21497775453c_56440/preview_talk_2.webp","https://files2.heygen.ai/avatar/v3/f976a69d5c7c46a9a38f21497775453c_56440/preview_video_talk_2.mp4"
"Brandon_Lobby_Sitting_Side_public","Brandon Lobby Sitting Side","male","False","https://files2.heygen.ai/avatar/v3/d83075f7f6cc4394aba9e7bc9cc7eaa9_56420/preview_talk_1.webp","https://files2.heygen.ai/avatar/v3/d83075f7f6cc4394aba9e7bc9cc7eaa9_56420/preview_video_talk_1.mp4"
"Brandon_Lobby_Standing_Front_public","Brandon Lobby Standing Front","male","False","https://files2.heygen.ai/avatar/v3/f91ca96713e04efaa5c37e58c00fff5a_56440/preview_target.webp","https://files2.heygen.ai/avatar/v3/f91ca96713e04efaa5c37e58c00fff5a_56440/preview_video_target.mp4"
"Brandon_Lobby_Standing_Side_public","Brandon Lobby Standing Side","male","False","https://files2.heygen.ai/avatar/v3/caf1662da32b4224a20424b4f04560b9_56450/preview_target.webp","https://files2.heygen.ai/avatar/v3/caf1662da32b4224a20424b4f04560b9_56450/preview_video_target.mp4"
"Brandon_Office_Sitting_Front_public","Brandon Office Sitting Front","male","False","https://files2.heygen.ai/avatar/v3/a135e32af9ff4a70bfe66a75f274541b_56460/preview_talk_1.webp","https://files2.heygen.ai/avatar/v3/a135e32af9ff4a70bfe66a75f274541b_56460/preview_video_talk_1.mp4"
"Brandon_Office_Sitting_Side_public","Brandon Office Sitting Side","male","False","https://files2.heygen.ai/avatar/v3/fc4d9cfbfe454b17a27d8ccfbd0f5461_56450/preview_talk_2.webp","https://files2.heygen.ai/avatar/v3/fc4d9cfbfe454b17a27d8ccfbd0f5461_56450/preview_video_talk_2.mp4"
"Brandon_Office_Standing_Front_public","Brandon Office Standing Front","male","False","https://files2.heygen.ai/avatar/v3/77f01bf4c99047b6a0c07bd4546edb29_56460/preview_talk_2.webp","https://files2.heygen.ai/avatar/v3/77f01bf4c99047b6a0c07bd4546edb29_56460/preview_video_talk_2.mp4"
"Brandon_Office_Standing_Side_public","Brandon Office Standing Side","male","False","https://files2.heygen.ai/avatar/v3/b69cbbb5f8274ef4b8592ebcfacc643a_56450/preview_talk_1.webp","https://files2.heygen.ai/avatar/v3/b69cbbb5f8274ef4b8592ebcfacc643a_56450/preview_video_talk_1.mp4"
"Brandon_Sofa_Sitting_Front_public","Brandon Sofa Sitting Front","male","False","https://files2.heygen.ai/avatar/v3/dec54fe437c94fb2a1877282cc3bd584_56440/preview_talk_1.webp","https://files2.heygen.ai/avatar/v3/dec54fe437c94fb2a1877282cc3bd584_56440/preview_video_talk_1.mp4"
"Brandon_Sofa_Sitting_Side_public","Brandon Sofa Sitting Side","male","False","https://files2.heygen.ai/avatar/v3/7b0ee32f7d0040bb93a0de37aca11530_56420/preview_target.webp","https://files2.heygen.ai/avatar/v3/7b0ee32f7d0040bb93a0de37aca11530_56420/preview_video_target.mp4"
"Brent_standing_office_front","Brent Office Front 2","male","False","https://files2.heygen.ai/avatar/v3/d018125159b44e01847bc192c85a2e8b_36800/preview_talk_1.webp","https://files2.heygen.ai/avatar/v3/d018125159b44e01847bc192c85a2e8b_36800/preview_video_talk_1.mp4"
"Brent_sitting_office_front","Brent Office Front","male","False","https://files2.heygen.ai/avatar/v3/032a89b9f70440a49aade4e7a9069229_36790/preview_talk_9.webp","https://files2.heygen.ai/avatar/v3/032a89b9f70440a49aade4e7a9069229_36790/preview_video_talk_9.mp4"
"Brent_standing_office_side","Brent Office Side 2","male","False","https://files2.heygen.ai/avatar/v3/e543f891e849403fb1836d43c2ae9a6c_36810/preview_target.webp","https://files2.heygen.ai/avatar/v3/e543f891e849403fb1836d43c2ae9a6c_36810/preview_video_target.mp4"
"Brent_sitting_office_side","Brent Office Side","male","False","https://files2.heygen.ai/avatar/v3/48ab1b4af8564d1888bbc1aa4023c573_36780/preview_talk_9.webp","https://files2.heygen.ai/avatar/v3/48ab1b4af8564d1888bbc1aa4023c573_36780/preview_video_talk_9.mp4"
"Brent_standing_sofa_front","Brent Sofa Front 2","male","False","https://files2.heygen.ai/avatar/v3/f8a2243b054942a69b4bc529a8a58651_36720/preview_talk_2.webp","https://files2.heygen.ai/avatar/v3/f8a2243b054942a69b4bc529a8a58651_36720/preview_video_talk_2.mp4"
"Brent_sitting_sofa_front","Brent Sofa Front","male","False","https://files2.heygen.ai/avatar/v3/3eda8aa23aec402f82b7c7f4b1c276fa_36700/preview_talk_1.webp","https://files2.heygen.ai/avatar/v3/3eda8aa23aec402f82b7c7f4b1c276fa_36700/preview_video_talk_1.mp4"
"Brent_standing_sofa_side","Brent Sofa Side 2","male","False","https://files2.heygen.ai/avatar/v3/8cf0bd0a90d94364b5133c62b9a06cf0_36730/preview_talk_3.webp","https://files2.heygen.ai/avatar/v3/8cf0bd0a90d94364b5133c62b9a06cf0_36730/preview_video_talk_3.mp4"
"Brent_sitting_sofa_side","Brent Sofa Side","male","False","https://files2.heygen.ai/avatar/v3/c904025bcfbb44c093cbfbb4aa69d39c_36710/preview_talk_2.webp","https://files2.heygen.ai/avatar/v3/c904025bcfbb44c093cbfbb4aa69d39c_36710/preview_video_talk_2.mp4"
"Briana_public_2_20240110","Briana in White shirt","female","False","https://files2.heygen.ai/avatar/v3/e50a097f50b541749c318dfedfe9c640_13311/preview_talk_1.webp","https://files2.heygen.ai/avatar/v3/e50a097f50b541749c318dfedfe9c640_13311/preview_video_talk_1.mp4"
"Briana_public_20240110","Briana in Striped T-shirt","female","False","https://files2.heygen.ai/avatar/v3/e50a097f50b541749c318dfedfe9c640_13311/preview_talk_2.webp","https://files2.heygen.ai/avatar/v3/e50a097f50b541749c318dfedfe9c640_13311/preview_video_talk_2.mp4"
"Briana_public_3_20240110","Briana in Brown suit","female","False","https://files2.heygen.ai/avatar/v3/e50a097f50b541749c318dfedfe9c640_13311/preview_talk_4.webp","https://files2.heygen.ai/avatar/v3/e50a097f50b541749c318dfedfe9c640_13311/preview_video_talk_4.mp4"
"Bruce_public","Bruce","male","False","https://files2.heygen.ai/avatar/v3/06885be851ed42d1a2a5192598d9ab80_52290/preview_target.webp","https://files2.heygen.ai/avatar/v3/06885be851ed42d1a2a5192598d9ab80_52290/preview_video_target.mp4"
"Bryan_Casual_Front_public","Bryan Casual Front","male","False","https://files2.heygen.ai/avatar/v3/081f26a79daa4f38b6dd91c65b9d0889_43310/preview_target.webp","https://files2.heygen.ai/avatar/v3/081f26a79daa4f38b6dd91c65b9d0889_43310/preview_video_target.mp4"
"Bryan_Casual_Side_public","Bryan Casual Side","male","False","https://files2.heygen.ai/avatar/v3/1e2f2a63828044a8914069748fe264ab_43320/preview_target.webp","https://files2.heygen.ai/avatar/v3/1e2f2a63828044a8914069748fe264ab_43320/preview_video_target.mp4"
"Bryan_FitnessCoach_public","Bryan Fitness Coach","male","False","https://files2.heygen.ai/avatar/v3/7fbef4dd1d6641bc8777b26a6aaac85e_45580/preview_talk_1.webp","https://files2.heygen.ai/avatar/v3/7fbef4dd1d6641bc8777b26a6aaac85e_45580/preview_video_talk_1.mp4"
"Bryan_IT_Sitting_public","Bryan Tech Expert","male","False","https://files2.heygen.ai/avatar/v3/33c9ac4aead44dfc8bc0082a35062a70_45580/preview_talk_3.webp","https://files2.heygen.ai/avatar/v3/33c9ac4aead44dfc8bc0082a35062a70_45580/preview_video_talk_3.mp4"
"Bryan_PlaidShirt_Front_public","Bryan Plaid Shirt Front","male","False","https://files2.heygen.ai/avatar/v3/ec48aa774b094e82bbafc1767852174f_43310/preview_talk_1.webp","https://files2.heygen.ai/avatar/v3/ec48aa774b094e82bbafc1767852174f_43310/preview_video_talk_1.mp4"
"Bryan_PlaidShirt_Side_public","Bryan Plaid Shirt Side","male","False","https://files2.heygen.ai/avatar/v3/a0d217c2271045e28d16473f244cc20d_43320/preview_talk_3.webp","https://files2.heygen.ai/avatar/v3/a0d217c2271045e28d16473f244cc20d_43320/preview_video_talk_3.mp4"
"Bryan_Suit_Front_public","Bryan Suit Front","male","False","https://files2.heygen.ai/avatar/v3/4a77fc7cc1cb4304b40c61ac1e11921a_43310/preview_talk_2.webp","https://files2.heygen.ai/avatar/v3/4a77fc7cc1cb4304b40c61ac1e11921a_43310/preview_video_talk_2.mp4"
"Bryan_Suit_Side_public","Bryan Suit Side","male","False","https://files2.heygen.ai/avatar/v3/a2592f1e4fdb4af5868f6f01b1a2e83e_43320/preview_talk_2.webp","https://files2.heygen.ai/avatar/v3/a2592f1e4fdb4af5868f6f01b1a2e83e_43320/preview_video_talk_2.mp4"
"Bryce_public_5","Bryce in Black t-shirt","male","False","https://files2.heygen.ai/avatar/v3/a159e97bd1074405884694913633ea7f_63060/preview_target.webp","https://files2.heygen.ai/avatar/v3/a159e97bd1074405884694913633ea7f_63060/preview_video_target.mp4"
"Bryce_public_1","Bryce in Blue blazer","male","False","https://files2.heygen.ai/avatar/v3/61b1f2295f114bcf9a467a28854ae7f5_63020/preview_target.webp","https://files2.heygen.ai/avatar/v3/61b1f2295f114bcf9a467a28854ae7f5_63020/preview_video_target.mp4"
"Bryce_public_4","Bryce in Blue shirt","male","False","https://files2.heygen.ai/avatar/v3/ae7eeb1d36944268a17c547f618fec2d_63050/preview_target.webp","https://files2.heygen.ai/avatar/v3/ae7eeb1d36944268a17c547f618fec2d_63050/preview_video_target.mp4"
"Bryce_public_2","Bryce in Grey blazer","male","False","https://files2.heygen.ai/avatar/v3/90f19ae257644acdbc7f814d60a3adc3_63030/preview_target.webp","https://files2.heygen.ai/avatar/v3/90f19ae257644acdbc7f814d60a3adc3_63030/preview_video_target.mp4"
"Bryce_public_3","Bryce in White shirt","male","False","https://files2.heygen.ai/avatar/v3/75d8b16a6d334853b36642e740be308e_63040/preview_target.webp","https://files2.heygen.ai/avatar/v3/75d8b16a6d334853b36642e740be308e_63040/preview_video_target.mp4"
"Byron_Business_Front_2_public","Byron Business Front 2","male","False","https://files2.heygen.ai/avatar/v3/dc8ae4ecccac4ac2a5d37a4e6b687936_46450/preview_talk_1.webp","https://files2.heygen.ai/avatar/v3/dc8ae4ecccac4ac2a5d37a4e6b687936_46450/preview_video_talk_1.mp4"
"Byron_Business_Front_public","Byron Business Front","male","False","https://files2.heygen.ai/avatar/v3/574a6db186404f0a9298c4fe08d846a9_43440/preview_target.webp","https://files2.heygen.ai/avatar/v3/574a6db186404f0a9298c4fe08d846a9_43440/preview_video_target.mp4"
"Byron_Business_Side_2_public","Byron Business Side 2","male","False","https://files2.heygen.ai/avatar/v3/ae8e24c71de14670a6326419007d6129_46460/preview_target.webp","https://files2.heygen.ai/avatar/v3/ae8e24c71de14670a6326419007d6129_46460/preview_video_target.mp4"
"Byron_Business_Side_public","Byron Business Side","male","False","https://files2.heygen.ai/avatar/v3/8ba3e815f497464ba506ee1b16bd2687_43450/preview_talk_1.webp","https://files2.heygen.ai/avatar/v3/8ba3e815f497464ba506ee1b16bd2687_43450/preview_video_talk_1.mp4"
"Byron_Business_Sitting_Front_public","Byron Business Sitting Front","male","False","https://files2.heygen.ai/avatar/v3/1e6143eb608c48b4a5c011550c6b7267_46440/preview_target.webp","https://files2.heygen.ai/avatar/v3/1e6143eb608c48b4a5c011550c6b7267_46440/preview_video_target.mp4"
"Byron_Business_Sitting_Size_public","Byron Business Sitting Size","male","False","https://files2.heygen.ai/avatar/v3/61293cf6fb9c41b592665d637e539aaf_46430/preview_target.webp","https://files2.heygen.ai/avatar/v3/61293cf6fb9c41b592665d637e539aaf_46430/preview_video_target.mp4"
"Byron_Casual_Front_2_public","Byron Casual Front 2","male","False","https://files2.heygen.ai/avatar/v3/dfd1b15d97ed47b2b112e9c8ed0cac2b_46470/preview_talk_1.webp","https://files2.heygen.ai/avatar/v3/dfd1b15d97ed47b2b112e9c8ed0cac2b_46470/preview_video_talk_1.mp4"
"Byron_Casual_Front_public","Byron Casual Front","male","False","https://files2.heygen.ai/avatar/v3/73f3eb112e9a47dab0e1d44bdd0b26a2_45510/preview_talk_2.webp","https://files2.heygen.ai/avatar/v3/73f3eb112e9a47dab0e1d44bdd0b26a2_45510/preview_video_talk_2.mp4"
"Byron_Casual_Side_2_public","Byron Casual Side 2","male","False","https://files2.heygen.ai/avatar/v3/b527a84a8ae64488892a4c45bf6779b3_46480/preview_target.webp","https://files2.heygen.ai/avatar/v3/b527a84a8ae64488892a4c45bf6779b3_46480/preview_video_target.mp4"
"Byron_Casual_Side_public","Byron Casual Side","male","False","https://files2.heygen.ai/avatar/v3/6d986b9c617d4c70945977d73c0d10c6_45520/preview_talk_1.webp","https://files2.heygen.ai/avatar/v3/6d986b9c617d4c70945977d73c0d10c6_45520/preview_video_talk_1.mp4"
"Byron_Casual_Sitting_Front_public","Byron Casual Sitting Front","male","False","https://files2.heygen.ai/avatar/v3/3a491556539c4522bdf2928ce5029613_46470/preview_target.webp","https://files2.heygen.ai/avatar/v3/3a491556539c4522bdf2928ce5029613_46470/preview_video_target.mp4"
"Byron_Casual_Sitting_Side_public","Byron Casual Sitting Side","male","False","https://files2.heygen.ai/avatar/v3/fb2fa69c65704aee895309236591901a_46480/preview_talk_1.webp","https://files2.heygen.ai/avatar/v3/fb2fa69c65704aee895309236591901a_46480/preview_video_talk_1.mp4"
"Byron_Jacket_Front_public","Byron Jacket Front","male","False","https://files2.heygen.ai/avatar/v3/d906050dc688415080200145a6f98630_46450/preview_target.webp","https://files2.heygen.ai/avatar/v3/d906050dc688415080200145a6f98630_46450/preview_video_target.mp4"
"Byron_Jacket_Side_public","Byron Jacket Side","male","False","https://files2.heygen.ai/avatar/v3/f9ac3130d26b408589e2cfbf8c9d3c2a_45540/preview_talk_2.webp","https://files2.heygen.ai/avatar/v3/f9ac3130d26b408589e2cfbf8c9d3c2a_45540/preview_video_talk_2.mp4"
"Byron_Sitting_Front_public","Byron Sitting Front","male","False","https://files2.heygen.ai/avatar/v3/8564c18a136840e29a0c54fad090ba36_45530/preview_target.webp","https://files2.heygen.ai/avatar/v3/8564c18a136840e29a0c54fad090ba36_45530/preview_video_target.mp4"
"Byron_Sitting_Side_public","Byron Sitting Side","male","False","https://files2.heygen.ai/avatar/v3/d7d37e8b1aef4d5ab925ab3eeac488c5_45540/preview_target.webp","https://files2.heygen.ai/avatar/v3/d7d37e8b1aef4d5ab925ab3eeac488c5_45540/preview_video_target.mp4"
"Byron_Suit_Front_public","Byron Suit Front","male","False","https://files2.heygen.ai/avatar/v3/caef8e33487246f093470f1a7678f0d5_43440/preview_talk_2.webp","https://files2.heygen.ai/avatar/v3/caef8e33487246f093470f1a7678f0d5_43440/preview_video_talk_2.mp4"
"Byron_Suit_Side_public","Byron Suit Side","male","False","https://files2.heygen.ai/avatar/v3/ff7697329c2f4f66888736580068739f_45720/preview_talk_2.webp","https://files2.heygen.ai/avatar/v3/ff7697329c2f4f66888736580068739f_45720/preview_video_talk_2.mp4"
"Candace_Beige_Dress_Front","Candace in Beige Dress (Front)","female","False","https://files2.heygen.ai/avatar/v3/bb948a1bf0fb4f9b9b2039cf3ed2013d_34520/preview_target.webp","https://files2.heygen.ai/avatar/v3/bb948a1bf0fb4f9b9b2039cf3ed2013d_34520/preview_video_target.mp4"
"Candace_Beige_Dress_Left","Candace in Beige Dress (Left)","female","False","https://files2.heygen.ai/avatar/v3/209f38334f324ce489edc92f83605c45_34530/preview_target.webp","https://files2.heygen.ai/avatar/v3/209f38334f324ce489edc92f83605c45_34530/preview_video_target.mp4"
"Candace_Beige_Dress_Right","Candace in Beige Dress (Right)","female","False","https://files2.heygen.ai/avatar/v3/bbff688b03724c0da88c13bcd65033e5_34540/preview_target.webp","https://files2.heygen.ai/avatar/v3/bbff688b03724c0da88c13bcd65033e5_34540/preview_video_target.mp4"
"Candace_Doctor_Front","Candace in Doctor (Front)","female","False","https://files2.heygen.ai/avatar/v3/61368abc197e4cd6ad4f3d2d3a5c0054_34850/preview_target.webp","https://files2.heygen.ai/avatar/v3/61368abc197e4cd6ad4f3d2d3a5c0054_34850/preview_video_target.mp4"
"Candace_Doctor_Left","Candace in Doctor (Left)","female","False","https://files2.heygen.ai/avatar/v3/3f24528591ce4cc39823537683f4ba02_34860/preview_target.webp","https://files2.heygen.ai/avatar/v3/3f24528591ce4cc39823537683f4ba02_34860/preview_video_target.mp4"
"Candace_Doctor_Right","Candace in Doctor (Right)","female","False","https://files2.heygen.ai/avatar/v3/dbb8126d62064cbba68145d2e8f308aa_34870/preview_target.webp","https://files2.heygen.ai/avatar/v3/dbb8126d62064cbba68145d2e8f308aa_34870/preview_video_target.mp4"
"Candace_Pink_Blazer_Front","Candace in Pink Blazer (Front)","female","False","https://files2.heygen.ai/avatar/v3/d50c1347171c4d9586d1a8b868b88d20_34520/preview_talk_1.webp","https://files2.heygen.ai/avatar/v3/d50c1347171c4d9586d1a8b868b88d20_34520/preview_video_talk_1.mp4"
"Candace_Pink_Blazer_Right","Candace in Pink Blazer (Right)","female","False","https://files2.heygen.ai/avatar/v3/9c63740a813e4670948914a8a92df3e0_34540/preview_talk_1.webp","https://files2.heygen.ai/avatar/v3/9c63740a813e4670948914a8a92df3e0_34540/preview_video_talk_1.mp4"
"Candace_Pink_Blazer_Left","Candace in Pink Blazer  (Left)","female","False","https://files2.heygen.ai/avatar/v3/d1aebde1aec54c11b8b1cd16c14de3db_34530/preview_talk_1.webp","https://files2.heygen.ai/avatar/v3/d1aebde1aec54c11b8b1cd16c14de3db_34530/preview_video_talk_1.mp4"
"Carla_in_Doctor_Front","Carla in Doctor (Front)","female","False","https://files2.heygen.ai/avatar/v3/0ce4e8f76382460f90c8200db2ea18b8_35400/preview_target.webp","https://files2.heygen.ai/avatar/v3/0ce4e8f76382460f90c8200db2ea18b8_35400/preview_video_target.mp4"
"Carla_in_Doctor_Left","Carla in Doctor (Left)","female","False","https://files2.heygen.ai/avatar/v3/98a665dd632248559fb25a7cecafe4ed_35270/preview_talk_2.webp","https://files2.heygen.ai/avatar/v3/98a665dd632248559fb25a7cecafe4ed_35270/preview_video_talk_2.mp4"
"Carla_in_Doctor_Right","Carla in Doctor (Right)","female","False","https://files2.heygen.ai/avatar/v3/e9a8136d450f4570a51fd2b11081c55a_35280/preview_talk_2.webp","https://files2.heygen.ai/avatar/v3/e9a8136d450f4570a51fd2b11081c55a_35280/preview_video_talk_2.mp4"
"Carla_in_Dress_Left","Carla in Dress  (Left)","female","False","https://files2.heygen.ai/avatar/v3/1d8d24a798bf42fa8ff1210c4ca783c0_35270/preview_talk_1.webp","https://files2.heygen.ai/avatar/v3/1d8d24a798bf42fa8ff1210c4ca783c0_35270/preview_video_talk_1.mp4"
"Carla_in_Shirt_Front","Carla in Shirt (Front)","female","False","https://files2.heygen.ai/avatar/v3/c9191fd6306e48019135729eefc8547d_35460/preview_target.webp","https://files2.heygen.ai/avatar/v3/c9191fd6306e48019135729eefc8547d_35460/preview_video_target.mp4"
"Carla_in_Shirt_Left","Carla in Shirt (Left)","female","False","https://files2.heygen.ai/avatar/v3/aa0d9b88e3824c049210c2f4b9cb2ced_35270/preview_target.webp","https://files2.heygen.ai/avatar/v3/aa0d9b88e3824c049210c2f4b9cb2ced_35270/preview_video_target.mp4"
"Carla_in_Shirt_Right","Carla in Shirt (Right)","female","False","https://files2.heygen.ai/avatar/v3/99b4106e46494a4cb9731de8fb7a02b2_35280/preview_target.webp","https://files2.heygen.ai/avatar/v3/99b4106e46494a4cb9731de8fb7a02b2_35280/preview_video_target.mp4"
"Carlotta_BizTalk_Front_public","Carlotta BizTalk Front","female","False","https://files2.heygen.ai/avatar/v3/de842dc5e72d46e19769f266d6592cec_46200/preview_target.webp","https://files2.heygen.ai/avatar/v3/de842dc5e72d46e19769f266d6592cec_46200/preview_video_target.mp4"
"Carlotta_BizTalk_Side_public","Carlotta BizTalk Side","female","False","https://files2.heygen.ai/avatar/v3/2e4a1f950b7e433a82266ca1b3b3b35e_46120/preview_target.webp","https://files2.heygen.ai/avatar/v3/2e4a1f950b7e433a82266ca1b3b3b35e_46120/preview_video_target.mp4"
"Carlotta_Business_Front_public","Carlotta Business Front","female","False","https://files2.heygen.ai/avatar/v3/8a6b6606ed164dd686941b9cf7b454b3_47080/preview_talk_1.webp","https://files2.heygen.ai/avatar/v3/8a6b6606ed164dd686941b9cf7b454b3_47080/preview_video_talk_1.mp4"
"Carlotta_Business_Side_public","Carlotta Business Side","female","False","https://files2.heygen.ai/avatar/v3/df6bd16e971e49f8920a035288729936_47090/preview_target.webp","https://files2.heygen.ai/avatar/v3/df6bd16e971e49f8920a035288729936_47090/preview_video_target.mp4"
"Carlotta_Casual_Front_public","Carlotta Casual Front","female","False","https://files2.heygen.ai/avatar/v3/f2e273b9eb654a5a8cb26aacfb26e24e_46130/preview_target.webp","https://files2.heygen.ai/avatar/v3/f2e273b9eb654a5a8cb26aacfb26e24e_46130/preview_video_target.mp4"
"Carlotta_Casual_Side_public","Carlotta Casual Side","female","False","https://files2.heygen.ai/avatar/v3/9cca635ae43a4b259a6a2f607c418702_46150/preview_target.webp","https://files2.heygen.ai/avatar/v3/9cca635ae43a4b259a6a2f607c418702_46150/preview_video_target.mp4"
"Carlotta_Casual_Sitting_Front_public","Carlotta Casual Sitting Front","female","False","https://files2.heygen.ai/avatar/v3/673f0954600a4253a84bf0aec53b760b_46130/preview_talk_2.webp","https://files2.heygen.ai/avatar/v3/673f0954600a4253a84bf0aec53b760b_46130/preview_video_talk_2.mp4"
"Carlotta_Casual_Sitting_Side_public","Carlotta Casual Sitting Side","female","False","https://files2.heygen.ai/avatar/v3/47ed824e72624ca7ae53c72854332d52_46140/preview_target.webp","https://files2.heygen.ai/avatar/v3/47ed824e72624ca7ae53c72854332d52_46140/preview_video_target.mp4"
"Carlotta_Half_Front_public","Carlotta Half Front","female","False","https://files2.heygen.ai/avatar/v3/c9ed556b88074ec29ce49a008d564a42_46130/preview_talk_1.webp","https://files2.heygen.ai/avatar/v3/c9ed556b88074ec29ce49a008d564a42_46130/preview_video_talk_1.mp4"
"Carlotta_Pink_Jumpsuit_Front_2_public","Carlotta Pink Jumpsuit Front 2","female","False","https://files2.heygen.ai/avatar/v3/0c3418dc38c74fdeac9d1610186353db_47110/preview_target.webp","https://files2.heygen.ai/avatar/v3/0c3418dc38c74fdeac9d1610186353db_47110/preview_video_target.mp4"
"Carlotta_Pink_Jumpsuit_Front_public","Carlotta Pink Jumpsuit Front","female","False","https://files2.heygen.ai/avatar/v3/667582ceb33d493fbeaa6180331e1b29_47110/preview_talk_1.webp","https://files2.heygen.ai/avatar/v3/667582ceb33d493fbeaa6180331e1b29_47110/preview_video_talk_1.mp4"
"Carlotta_Pink_Jumpsuit_Side_2_public","Carlotta Pink Jumpsuit Side 2","female","False","https://files2.heygen.ai/avatar/v3/a3f3bc580bfe4aae9d9d5da54f8aa95e_47100/preview_target.webp","https://files2.heygen.ai/avatar/v3/a3f3bc580bfe4aae9d9d5da54f8aa95e_47100/preview_video_target.mp4"
"Carlotta_Pink_Jumpsuit_Side_public","Carlotta Pink Jumpsuit Side","female","False","https://files2.heygen.ai/avatar/v3/627b45da78184333962ece812d2d5ce1_47100/preview_talk_2.webp","https://files2.heygen.ai/avatar/v3/627b45da78184333962ece812d2d5ce1_47100/preview_video_talk_2.mp4"
"Carlotta_Pink_Jumpsuit_Sitting_Front_public","Carlotta Pink Jumpsuit Sitting Front","female","False","https://files2.heygen.ai/avatar/v3/e7bd16caf2e04a3395ac9c15a9c8080a_47100/preview_talk_1.webp","https://files2.heygen.ai/avatar/v3/e7bd16caf2e04a3395ac9c15a9c8080a_47100/preview_video_talk_1.mp4"
"Carlotta_Pink_Jumpsuit_Sitting_Side_public","Carlotta Pink Jumpsuit Sitting Side","female","False","https://files2.heygen.ai/avatar/v3/2be5dffeb3b14fa0b2991ef05dc67dde_47120/preview_target.webp","https://files2.heygen.ai/avatar/v3/2be5dffeb3b14fa0b2991ef05dc67dde_47120/preview_video_target.mp4"
"Caroline_Business_Sitting_Front_public","Caroline Business Sitting Front","female","False","https://files2.heygen.ai/avatar/v3/75e4f326918c45028fe06bc9dc0c45da_56520/preview_talk_2.webp","https://files2.heygen.ai/avatar/v3/75e4f326918c45028fe06bc9dc0c45da_56520/preview_video_talk_2.mp4"
"Caroline_Business_Sitting_Side_public","Caroline Business Sitting Side","female","False","https://files2.heygen.ai/avatar/v3/888acf282a044ad5a782bae81896a2e5_56500/preview_target.webp","https://files2.heygen.ai/avatar/v3/888acf282a044ad5a782bae81896a2e5_56500/preview_video_target.mp4"
"Caroline_Business_Standing_Front_public","Caroline Business Standing Front","female","False","https://files2.heygen.ai/avatar/v3/0b2e86f53a914241bed4a852044c1a07_56520/preview_talk_3.webp","https://files2.heygen.ai/avatar/v3/0b2e86f53a914241bed4a852044c1a07_56520/preview_video_talk_3.mp4"
"Caroline_Business_Standing_Side_public","Caroline Business Standing Side","female","False","https://files2.heygen.ai/avatar/v3/f3fcaa4f09e7472a852114b590fa2a8d_56530/preview_talk_1.webp","https://files2.heygen.ai/avatar/v3/f3fcaa4f09e7472a852114b590fa2a8d_56530/preview_video_talk_1.mp4"
"Caroline_expressive2_public","Caroline in Blue Suit","female","False","https://files2.heygen.ai/avatar/v3/fa1a44f802eb451b8378fa28a313f4a8_53460/preview_target.webp","https://files2.heygen.ai/avatar/v3/fa1a44f802eb451b8378fa28a313f4a8_53460/preview_video_target.mp4"
"Caroline_expressive3_public","Caroline in White Shirt","female","False","https://files2.heygen.ai/avatar/v3/60c45d1ba2ef4b50ba05ba44393531b6_53200/preview_target.webp","https://files2.heygen.ai/avatar/v3/60c45d1ba2ef4b50ba05ba44393531b6_53200/preview_video_target.mp4"
"Caroline_expressive4_public","Caroline in Yellow Casual","female","False","https://files2.heygen.ai/avatar/v3/09c735e083fa4821ba29ab077518b6f0_53190/preview_target.webp","https://files2.heygen.ai/avatar/v3/09c735e083fa4821ba29ab077518b6f0_53190/preview_video_target.mp4"
"Caroline_expressive_public","Caroline in Yellow Skirt","female","False","https://files2.heygen.ai/avatar/v3/cdf4aff51ea147e0bd88e88d86cdd0c6_53080/preview_target.webp","https://files2.heygen.ai/avatar/v3/cdf4aff51ea147e0bd88e88d86cdd0c6_53080/preview_video_target.mp4"
"Caroline_Casual_Sitting_Front_public","Caroline Casual Sitting Front","female","False","https://files2.heygen.ai/avatar/v3/f39a2f74c5fb4a4e862b5ff1a199aa10_56530/preview_target.webp","https://files2.heygen.ai/avatar/v3/f39a2f74c5fb4a4e862b5ff1a199aa10_56530/preview_video_target.mp4"
"Caroline_Casual_Sitting_Side_public","Caroline Casual Sitting Side","female","False","https://files2.heygen.ai/avatar/v3/82300d1188ef452199bef275affea43a_56490/preview_talk_1.webp","https://files2.heygen.ai/avatar/v3/82300d1188ef452199bef275affea43a_56490/preview_video_talk_1.mp4"
"Caroline_Kitchen_Standing_Front_public","Caroline Kitchen Standing Front","female","False","https://files2.heygen.ai/avatar/v3/fc911d9b046040a0a59a2cc487915189_56510/preview_talk_3.webp","https://files2.heygen.ai/avatar/v3/fc911d9b046040a0a59a2cc487915189_56510/preview_video_talk_3.mp4"
"Caroline_Kitchen_Standing_Side_public","Caroline Kitchen Standing Side","female","False","https://files2.heygen.ai/avatar/v3/646555f344894ad2aa5f5cd78847e411_56490/preview_talk_3.webp","https://files2.heygen.ai/avatar/v3/646555f344894ad2aa5f5cd78847e411_56490/preview_video_talk_3.mp4"
"Caroline_Lobby_Sitting_Front_public","Caroline Lobby Sitting Front","female","False","https://files2.heygen.ai/avatar/v3/b2d4cd479a784aef8266f1408800a49e_56510/preview_talk_2.webp","https://files2.heygen.ai/avatar/v3/b2d4cd479a784aef8266f1408800a49e_56510/preview_video_talk_2.mp4"
"Caroline_Lobby_Sitting_Side_public","Caroline Lobby Sitting Side","female","False","https://files2.heygen.ai/avatar/v3/eb18399de63e44409044ce7dd551c7d7_56490/preview_talk_2.webp","https://files2.heygen.ai/avatar/v3/eb18399de63e44409044ce7dd551c7d7_56490/preview_video_talk_2.mp4"
"Caroline_Lobby_Standing_Front_public","Caroline Lobby Standing Front","female","False","https://files2.heygen.ai/avatar/v3/7be8979f94954968bafa45388069f7e5_56520/preview_target.webp","https://files2.heygen.ai/avatar/v3/7be8979f94954968bafa45388069f7e5_56520/preview_video_target.mp4"
"Caroline_Lobby_Standing_Side_public","Caroline Lobby Standing Side","female","False","https://files2.heygen.ai/avatar/v3/90ccd5692fec46c6a26156893bcbfa77_56540/preview_talk_1.webp","https://files2.heygen.ai/avatar/v3/90ccd5692fec46c6a26156893bcbfa77_56540/preview_video_talk_1.mp4"
"Caroline_Office_Sitting_Front_public","Caroline Office Sitting Front","female","False","https://files2.heygen.ai/avatar/v3/662d937a621d4fc5be1d68c626bf9c62_56520/preview_talk_1.webp","https://files2.heygen.ai/avatar/v3/662d937a621d4fc5be1d68c626bf9c62_56520/preview_video_talk_1.mp4"
"Caroline_Office_Sitting_Side_public","Caroline Office Sitting Side","female","False","https://files2.heygen.ai/avatar/v3/efb7fc61fcdb43968fd2486af63c0017_56540/preview_talk_1.webp","https://files2.heygen.ai/avatar/v3/efb7fc61fcdb43968fd2486af63c0017_56540/preview_video_talk_1.mp4"
"Caroline_Office_Standing_Front_public","Caroline Office Standing Front","female","False","https://files2.heygen.ai/avatar/v3/ed6a1f3702ad4248b0d04f9d6f3470a0_56510/preview_talk_1.webp","https://files2.heygen.ai/avatar/v3/ed6a1f3702ad4248b0d04f9d6f3470a0_56510/preview_video_talk_1.mp4"
"Caroline_Office_Standing_Side_public","Caroline Office Standing Side","female","False","https://files2.heygen.ai/avatar/v3/48a976bfc7ca4db0b83e68995edc17ca_56540/preview_talk_2.webp","https://files2.heygen.ai/avatar/v3/48a976bfc7ca4db0b83e68995edc17ca_56540/preview_video_talk_2.mp4"
"Caroline_Sofa_Sitting_Front_public","Caroline Sofa Sitting Front","female","False","https://files2.heygen.ai/avatar/v3/e52b899fc5c54b519d0c79b3c4faa514_56510/preview_target.webp","https://files2.heygen.ai/avatar/v3/e52b899fc5c54b519d0c79b3c4faa514_56510/preview_video_target.mp4"
"Caroline_Sofa_Sitting_Side_public","Caroline Sofa Sitting Side","female","False","https://files2.heygen.ai/avatar/v3/875a9f8fbea74bfe85b65beae04f056a_56490/preview_target.webp","https://files2.heygen.ai/avatar/v3/875a9f8fbea74bfe85b65beae04f056a_56490/preview_video_target.mp4"
"Chad_in_Blue_Shirt_Front","Chad in Blue Shirt (Front)","male","False","https://files2.heygen.ai/avatar/v3/575f7e5be4084f57a7d0790766b52714_34900/preview_target.webp","https://files2.heygen.ai/avatar/v3/575f7e5be4084f57a7d0790766b52714_34900/preview_video_target.mp4"
"Chad_in_Blue_Shirt_Left","Chad in Blue Shirt (Left)","male","False","https://files2.heygen.ai/avatar/v3/06e9e5ebb60e41d58d03f9b3fff8ddd6_34910/preview_target.webp","https://files2.heygen.ai/avatar/v3/06e9e5ebb60e41d58d03f9b3fff8ddd6_34910/preview_video_target.mp4"
"Chad_in_Blue_Shirt_Right","Chad in Blue Shirt (Right)","male","False","https://files2.heygen.ai/avatar/v3/5394a7147272444a9464b5510f9cf1a2_34920/preview_target.webp","https://files2.heygen.ai/avatar/v3/5394a7147272444a9464b5510f9cf1a2_34920/preview_video_target.mp4"
"Chad_in_Grey_Shirt_Front","Chad in Grey Shirt (Front)","male","False","https://files2.heygen.ai/avatar/v3/525340ba68ed423bb9bd8620ac7e66ea_34900/preview_talk_1.webp","https://files2.heygen.ai/avatar/v3/525340ba68ed423bb9bd8620ac7e66ea_34900/preview_video_talk_1.mp4"
"Chad_in_Grey_Shirt_Left","Chad in Grey Shirt (Left)","male","False","https://files2.heygen.ai/avatar/v3/38de15d384614b3c8004e7286eac43ad_34910/preview_talk_1.webp","https://files2.heygen.ai/avatar/v3/38de15d384614b3c8004e7286eac43ad_34910/preview_video_talk_1.mp4"
"Chad_in_Grey_Shirt_Right","Chad in Grey Shirt (Right)","male","False","https://files2.heygen.ai/avatar/v3/69ed9db7f4c14a848ac10a4971d961e5_34920/preview_talk_1.webp","https://files2.heygen.ai/avatar/v3/69ed9db7f4c14a848ac10a4971d961e5_34920/preview_video_talk_1.mp4"
"Chad_Maintenance_Front","Chad in Maintenance (Front)","male","False","https://files2.heygen.ai/avatar/v3/ac048b34f66c4526a396842915c438c8_34900/preview_talk_2.webp","https://files2.heygen.ai/avatar/v3/ac048b34f66c4526a396842915c438c8_34900/preview_video_talk_2.mp4"
"Chad_Maintenance_Left","Chad in Maintenance (Left)","male","False","https://files2.heygen.ai/avatar/v3/bcc11928ea3e4af2a56f03403aaf59a2_34910/preview_talk_2.webp","https://files2.heygen.ai/avatar/v3/bcc11928ea3e4af2a56f03403aaf59a2_34910/preview_video_talk_2.mp4"
"Chad_Maintenance_Right","Chad in Maintenance (Right)","male","False","https://files2.heygen.ai/avatar/v3/d7c033a06a4843a185c7206dcacd16cd_34920/preview_talk_2.webp","https://files2.heygen.ai/avatar/v3/d7c033a06a4843a185c7206dcacd16cd_34920/preview_video_talk_2.mp4"
"Chakir_headscarf_Front","Chakir in Headscarf (Front)","male","False","https://files2.heygen.ai/avatar/v3/1455b446cbb841ec80b14cbce4f9abed_34990/preview_talk_1.webp","https://files2.heygen.ai/avatar/v3/1455b446cbb841ec80b14cbce4f9abed_34990/preview_video_talk_1.mp4"
"Chakir_headscarf_Left","Chakir in Headscarf (Left)","male","False","https://files2.heygen.ai/avatar/v3/2df99c3628df4d61b2a9a1b8aaf3751d_35200/preview_target.webp","https://files2.heygen.ai/avatar/v3/2df99c3628df4d61b2a9a1b8aaf3751d_35200/preview_video_target.mp4"
"Chakir_headscarf_Right","Chakir in Headscarf (Right)","male","False","https://files2.heygen.ai/avatar/v3/446b8476089c4469bcb77d92c5b5bb37_35010/preview_talk_1.webp","https://files2.heygen.ai/avatar/v3/446b8476089c4469bcb77d92c5b5bb37_35010/preview_video_talk_1.mp4"
"Chakir_in_white_Shirt_Front","Chakir in White Shirt (Front)","male","False","https://files2.heygen.ai/avatar/v3/cbb6d8112bf94261b0359c436d84e7af_34990/preview_target.webp","https://files2.heygen.ai/avatar/v3/cbb6d8112bf94261b0359c436d84e7af_34990/preview_video_target.mp4"
"Chakir_in_white_Shirt_Right","Chakir in White Shirt (Right)","male","False","https://files2.heygen.ai/avatar/v3/5722a2844e74401fbdcc7cd738b04841_35010/preview_target.webp","https://files2.heygen.ai/avatar/v3/5722a2844e74401fbdcc7cd738b04841_35010/preview_video_target.mp4"
"Chakir_in_white_Shirt_Left","Chakir in white Shirt (Left)","male","False","https://files2.heygen.ai/avatar/v3/6fb001cf69dc43f9a751a54b4b46d347_35190/preview_target.webp","https://files2.heygen.ai/avatar/v3/6fb001cf69dc43f9a751a54b4b46d347_35190/preview_video_target.mp4"
"Chloe_expressive_2024120201","Chloe (Upper Body)","female","False","https://files2.heygen.ai/avatar/v3/66a0acd4479e467b8d8f31eaadb9aa35_44820/preview_target.webp","https://files2.heygen.ai/avatar/v3/66a0acd4479e467b8d8f31eaadb9aa35_44820/preview_video_target.mp4"
"Chloe_standing_lounge_front","Chloe Lounge Front","female","False","https://files2.heygen.ai/avatar/v3/874b8f9546d34bb49a7f536c8efaabdd_38950/preview_talk_2.webp","https://files2.heygen.ai/avatar/v3/874b8f9546d34bb49a7f536c8efaabdd_38950/preview_video_talk_2.mp4"
"Chloe_standing_lounge_side","Chloe Lounge Side","female","False","https://files2.heygen.ai/avatar/v3/f9cf88722b454aee8275454fde3c1ac1_38950/preview_target.webp","https://files2.heygen.ai/avatar/v3/f9cf88722b454aee8275454fde3c1ac1_38950/preview_video_target.mp4"
"Chloe_standing_outdoor_side","Chloe Outdoor Side","female","False","https://files2.heygen.ai/avatar/v3/a5489521612d405ea3bb6e8bcdcc0f58_38950/preview_talk_1.webp","https://files2.heygen.ai/avatar/v3/a5489521612d405ea3bb6e8bcdcc0f58_38950/preview_video_talk_1.mp4"
"Colin_Business_Front2_public","Colin Business Front 2","male","False","https://files2.heygen.ai/avatar/v3/2c9f905ae82942a895aaef96c366d670_43050/preview_talk_4.webp","https://files2.heygen.ai/avatar/v3/2c9f905ae82942a895aaef96c366d670_43050/preview_video_talk_4.mp4"
"Colin_Business_Front_public","Colin Business Front","male","False","https://files2.heygen.ai/avatar/v3/b7b5e97f604d4ab08f0db2cc3fd894f9_43060/preview_target.webp","https://files2.heygen.ai/avatar/v3/b7b5e97f604d4ab08f0db2cc3fd894f9_43060/preview_video_target.mp4"
"Colin_Jacket_Front_public","Colin Jacket Front","male","False","https://files2.heygen.ai/avatar/v3/26ab680d5c5a46bf919d3c84f66ae49a_43050/preview_talk_6.webp","https://files2.heygen.ai/avatar/v3/26ab680d5c5a46bf919d3c84f66ae49a_43050/preview_video_talk_6.mp4"
"Colin_Sitting_Cool_Style2_public","Colin Sitting Cool Style 2","male","False","https://files2.heygen.ai/avatar/v3/6523884e1c354d6f98442537b84608e0_44910/preview_talk_1.webp","https://files2.heygen.ai/avatar/v3/6523884e1c354d6f98442537b84608e0_44910/preview_video_talk_1.mp4"
"Colin_Sitting_Cool_Style_public","Colin Sitting Cool Style","male","False","https://files2.heygen.ai/avatar/v3/3bf8bd3d5e7f4b86a6f5215bdb7ec4be_44920/preview_target.webp","https://files2.heygen.ai/avatar/v3/3bf8bd3d5e7f4b86a6f5215bdb7ec4be_44920/preview_video_target.mp4"
"Colin_Suit_Front_public","Colin Suit Front","male","False","https://files2.heygen.ai/avatar/v3/d5d39d6a461c40a2bf1cb1d0335af444_43050/preview_talk_5.webp","https://files2.heygen.ai/avatar/v3/d5d39d6a461c40a2bf1cb1d0335af444_43050/preview_video_talk_5.mp4"
"Colin_Sweater_Front_public","Colin Sweater Front","male","False","https://files2.heygen.ai/avatar/v3/fa6a353bb4de486a8277a70d29de5f66_43050/preview_talk_2.webp","https://files2.heygen.ai/avatar/v3/fa6a353bb4de486a8277a70d29de5f66_43050/preview_video_talk_2.mp4"
"Colin_Sweater_Sitting_Front_public","Colin Sweater Sitting Front","male","False","https://files2.heygen.ai/avatar/v3/4436c61923a646749b4a29852a3032f7_43050/preview_talk_3.webp","https://files2.heygen.ai/avatar/v3/4436c61923a646749b4a29852a3032f7_43050/preview_video_talk_3.mp4"
"Connie_Business_Front_public","Connie Business Front","female","False","https://files2.heygen.ai/avatar/v3/e9410c73299a4e9ead25f48a96ca7851_46270/preview_talk_2.webp","https://files2.heygen.ai/avatar/v3/e9410c73299a4e9ead25f48a96ca7851_46270/preview_video_talk_2.mp4"
"Connie_Business_Sitting_Front_public","Connie Business Sitting Front","female","False","https://files2.heygen.ai/avatar/v3/87ae6fed85af45fd987aadc4305242b1_48090/preview_target.webp","https://files2.heygen.ai/avatar/v3/87ae6fed85af45fd987aadc4305242b1_48090/preview_video_target.mp4"
"Connie_Casual_Sitting_Front_public","Connie Casual Sitting Front","female","False","https://files2.heygen.ai/avatar/v3/9cafc6c918544a3aa9247d77b99110ac_46230/preview_target.webp","https://files2.heygen.ai/avatar/v3/9cafc6c918544a3aa9247d77b99110ac_46230/preview_video_target.mp4"
"Connie_Casual_Sitting_Side_public","Connie Casual Sitting Side","female","False","https://files2.heygen.ai/avatar/v3/7b61f67ac59f437f9f5cb7fe3e13b26e_48060/preview_target.webp","https://files2.heygen.ai/avatar/v3/7b61f67ac59f437f9f5cb7fe3e13b26e_48060/preview_video_target.mp4"
"Connie_Education_Front_public","Connie Education Front","female","False","https://files2.heygen.ai/avatar/v3/d28f8c4f7e6c4d168b477f22078f17c2_46240/preview_target.webp","https://files2.heygen.ai/avatar/v3/d28f8c4f7e6c4d168b477f22078f17c2_46240/preview_video_target.mp4"
"Connie_Education_Side_2_public","Connie Education Side 2","female","False","https://files2.heygen.ai/avatar/v3/d95121630b014d01a518f3dbd0dffbe2_48120/preview_target.webp","https://files2.heygen.ai/avatar/v3/d95121630b014d01a518f3dbd0dffbe2_48120/preview_video_target.mp4"
"Connie_Education_Side_public","Connie Education Side","female","False","https://files2.heygen.ai/avatar/v3/21c4669a288344f2bef3a5adaf141f37_46730/preview_target.webp","https://files2.heygen.ai/avatar/v3/21c4669a288344f2bef3a5adaf141f37_46730/preview_video_target.mp4"
"Connie_Skirt_Front_public","Connie Skirt Front","female","False","https://files2.heygen.ai/avatar/v3/057e96a18c7944f3bcc94190ebcc1a9a_46700/preview_target.webp","https://files2.heygen.ai/avatar/v3/057e96a18c7944f3bcc94190ebcc1a9a_46700/preview_video_target.mp4"
"Connie_Skirt_Side_public","Connie Skirt Side","female","False","https://files2.heygen.ai/avatar/v3/b56065afb3264e778cd874d68fafa489_48110/preview_target.webp","https://files2.heygen.ai/avatar/v3/b56065afb3264e778cd874d68fafa489_48110/preview_video_target.mp4"
"Connie_Skirt_Sitting_Front_public","Connie Skirt Sitting Front","female","False","https://files2.heygen.ai/avatar/v3/8b32a4abaded44bd840b3a67522cd96b_46250/preview_target.webp","https://files2.heygen.ai/avatar/v3/8b32a4abaded44bd840b3a67522cd96b_46250/preview_video_target.mp4"
"Connie_Skirt_Sitting_Side_public","Connie Skirt Sitting Side","female","False","https://files2.heygen.ai/avatar/v3/20e170c632a54485976059171a45eb93_48110/preview_talk_1.webp","https://files2.heygen.ai/avatar/v3/20e170c632a54485976059171a45eb93_48110/preview_video_talk_1.mp4"
"Connie_Suit_Front_public","Connie Suit Front","female","False","https://files2.heygen.ai/avatar/v3/e0f737b39c5d409c85a23e1e3727e0ba_46270/preview_talk_1.webp","https://files2.heygen.ai/avatar/v3/e0f737b39c5d409c85a23e1e3727e0ba_46270/preview_video_talk_1.mp4"
"Conrad_standing_house_front","Conrad House Front","male","False","https://files2.heygen.ai/avatar/v3/ea333829d88c4fc8b6d08e8baf80297a_37140/preview_talk_3.webp","https://files2.heygen.ai/avatar/v3/ea333829d88c4fc8b6d08e8baf80297a_37140/preview_video_talk_3.mp4"
"Conrad_sitting_house_side","Conrad House Side","male","False","https://files2.heygen.ai/avatar/v3/374c45b0a3e448b4800d2e324b0c71d5_37230/preview_target.webp","https://files2.heygen.ai/avatar/v3/374c45b0a3e448b4800d2e324b0c71d5_37230/preview_video_target.mp4"
"Conrad_sitting_sofa_front","Conrad Sofa Front","male","False","https://files2.heygen.ai/avatar/v3/e45585843830421496f598bf27e00dee_37140/preview_target.webp","https://files2.heygen.ai/avatar/v3/e45585843830421496f598bf27e00dee_37140/preview_video_target.mp4"
"Conrad_standing_sofa_side","Conrad Sofa Side","male","False","https://files2.heygen.ai/avatar/v3/c93e6cf24e9c4fd9b65fffeb676e43d7_37240/preview_target.webp","https://files2.heygen.ai/avatar/v3/c93e6cf24e9c4fd9b65fffeb676e43d7_37240/preview_video_target.mp4"
"Crisanto_Business_Front_public","Crisanto Business Front","male","False","https://files2.heygen.ai/avatar/v3/fe8d76f83ac745c58c9e36c86f1c46b3_48730/preview_target.webp","https://files2.heygen.ai/avatar/v3/fe8d76f83ac745c58c9e36c86f1c46b3_48730/preview_video_target.mp4"
"Crisanto_Business_Side_public","Crisanto Business Side","male","False","https://files2.heygen.ai/avatar/v3/251e0ab5bc5f481da0f1392c86411cde_48750/preview_target.webp","https://files2.heygen.ai/avatar/v3/251e0ab5bc5f481da0f1392c86411cde_48750/preview_video_target.mp4"
"Crisanto_Chef_Front_2_public","Crisanto Chef Front 2","male","False","https://files2.heygen.ai/avatar/v3/9bfe2cb582ea4471914db54b7014333d_45990/preview_talk_2.webp","https://files2.heygen.ai/avatar/v3/9bfe2cb582ea4471914db54b7014333d_45990/preview_video_talk_2.mp4"
"Crisanto_Chef_Front_public","Crisanto Chef Front","male","False","https://files2.heygen.ai/avatar/v3/8184dd633854458f921b3ecdc84f6bb9_45990/preview_talk_1.webp","https://files2.heygen.ai/avatar/v3/8184dd633854458f921b3ecdc84f6bb9_45990/preview_video_talk_1.mp4"
"Crisanto_Chef_Side_2_public","Crisanto Chef Side 2","male","False","https://files2.heygen.ai/avatar/v3/595bcc34f197459397203cc71eef4fcc_46000/preview_talk_2.webp","https://files2.heygen.ai/avatar/v3/595bcc34f197459397203cc71eef4fcc_46000/preview_video_talk_2.mp4"
"Crisanto_Chef_Side_public","Crisanto Chef Side","male","False","https://files2.heygen.ai/avatar/v3/7c9ad0e45b104e38806d38ea99d307b6_46000/preview_talk_1.webp","https://files2.heygen.ai/avatar/v3/7c9ad0e45b104e38806d38ea99d307b6_46000/preview_video_talk_1.mp4"
"Crisanto_Chef_Sitting_public","Crisanto Chef Sitting ","male","False","https://files2.heygen.ai/avatar/v3/50929322ce354a5e8891de769339ec02_45990/preview_talk_4.webp","https://files2.heygen.ai/avatar/v3/50929322ce354a5e8891de769339ec02_45990/preview_video_talk_4.mp4"
"Crisanto_Education_Front_public","Crisanto Education Front","male","False","https://files2.heygen.ai/avatar/v3/609219c42e98438eb83e79d27ef30994_48730/preview_talk_1.webp","https://files2.heygen.ai/avatar/v3/609219c42e98438eb83e79d27ef30994_48730/preview_video_talk_1.mp4"
"Crisanto_Education_Side_public","Crisanto Education Side","male","False","https://files2.heygen.ai/avatar/v3/61e413f7cb0d4e29b66ad59fcda6fc91_48740/preview_target.webp","https://files2.heygen.ai/avatar/v3/61e413f7cb0d4e29b66ad59fcda6fc91_48740/preview_video_target.mp4"
"Crisanto_Nurse_Front_2_public","Crisanto Nurse Front 2","male","False","https://files2.heygen.ai/avatar/v3/01cb076fd95f4541a7ca6c2cc436e0ec_45460/preview_talk_2.webp","https://files2.heygen.ai/avatar/v3/01cb076fd95f4541a7ca6c2cc436e0ec_45460/preview_video_talk_2.mp4"
"Crisanto_Nurse_Front_public","Crisanto Nurse Front","male","False","https://files2.heygen.ai/avatar/v3/bb2a62d02b0c4fddb7dc21daca1c32e3_45460/preview_target.webp","https://files2.heygen.ai/avatar/v3/bb2a62d02b0c4fddb7dc21daca1c32e3_45460/preview_video_target.mp4"
"Crisanto_Nurse_Side_2_public","Crisanto Nurse Side 2","male","False","https://files2.heygen.ai/avatar/v3/341339be217141169b38894cebc6ad29_45470/preview_target.webp","https://files2.heygen.ai/avatar/v3/341339be217141169b38894cebc6ad29_45470/preview_video_target.mp4"
"Crisanto_Nurse_Side_public","Crisanto Nurse Side","male","False","https://files2.heygen.ai/avatar/v3/b6838290a19843ecb2314f41f411e88c_45470/preview_talk_2.webp","https://files2.heygen.ai/avatar/v3/b6838290a19843ecb2314f41f411e88c_45470/preview_video_talk_2.mp4"
"Crisanto_Nurse_Sitting_Front_public","Crisanto Nurse Sitting Front","male","False","https://files2.heygen.ai/avatar/v3/e63eebb8055a4b16ac51d77e0fb4f8ed_45460/preview_talk_1.webp","https://files2.heygen.ai/avatar/v3/e63eebb8055a4b16ac51d77e0fb4f8ed_45460/preview_video_talk_1.mp4"
"Crisanto_Nurse_Sitting_Side_public","Crisanto Nurse Sitting Side","male","False","https://files2.heygen.ai/avatar/v3/9d2aa21493724557bd0228de61382f05_45470/preview_talk_1.webp","https://files2.heygen.ai/avatar/v3/9d2aa21493724557bd0228de61382f05_45470/preview_video_talk_1.mp4"
"Crisanto_Suit_Front_public","Crisanto Suit Front","male","False","https://files2.heygen.ai/avatar/v3/ae32614418ff4f229decdb497c35a013_48710/preview_talk_1.webp","https://files2.heygen.ai/avatar/v3/ae32614418ff4f229decdb497c35a013_48710/preview_video_talk_1.mp4"
"Crisanto_Suit_Side_public","Crisanto Suit Side","male","False","https://files2.heygen.ai/avatar/v3/4297793cdef44da0b830cf9b404a9a5f_48720/preview_target.webp","https://files2.heygen.ai/avatar/v3/4297793cdef44da0b830cf9b404a9a5f_48720/preview_video_target.mp4"
"Daphne_public_6","Daphne in Blue blazer","female","False","https://files2.heygen.ai/avatar/v3/cf407a677b004daaa295df97c7e05e35_63170/preview_target.webp","https://files2.heygen.ai/avatar/v3/cf407a677b004daaa295df97c7e05e35_63170/preview_video_target.mp4"
"Daphne_public_5","Daphne in Blue shirt","female","False","https://files2.heygen.ai/avatar/v3/fb90d4aff67d496ca3dc2cd98b3671f0_63160/preview_target.webp","https://files2.heygen.ai/avatar/v3/fb90d4aff67d496ca3dc2cd98b3671f0_63160/preview_video_target.mp4"
"Daphne_public_1","Daphne in Grey blazer","female","False","https://files2.heygen.ai/avatar/v3/180f7fceee0f4548acead17f466c267c_63120/preview_target.webp","https://files2.heygen.ai/avatar/v3/180f7fceee0f4548acead17f466c267c_63120/preview_video_target.mp4"
"Daphne_public_2","Daphne in Grey suit","female","False","https://files2.heygen.ai/avatar/v3/9381fce758084f1fb970fe1d8d9142ac_63130/preview_target.webp","https://files2.heygen.ai/avatar/v3/9381fce758084f1fb970fe1d8d9142ac_63130/preview_video_target.mp4"
"Daphne_public_4","Daphne in White t-shirt","female","False","https://files2.heygen.ai/avatar/v3/338647658cf84f79b816750ebf278336_63150/preview_target.webp","https://files2.heygen.ai/avatar/v3/338647658cf84f79b816750ebf278336_63150/preview_video_target.mp4"
"Darnell_Blue_Shirt_Front","Darnell in Blue Shirt (Front)","male","False","https://files2.heygen.ai/avatar/v3/373673b402554493af33d61d76ce9c8d_34550/preview_talk_1.webp","https://files2.heygen.ai/avatar/v3/373673b402554493af33d61d76ce9c8d_34550/preview_video_talk_1.mp4"
"Darnell_Blue_Shirt_Left","Darnell in Blue Shirt (Left)","male","False","https://files2.heygen.ai/avatar/v3/e5bf9c0cf4b4430f863785dbbe1c4861_34560/preview_talk_1.webp","https://files2.heygen.ai/avatar/v3/e5bf9c0cf4b4430f863785dbbe1c4861_34560/preview_video_talk_1.mp4"
"Darnell_Blue_Shirt_Right","Darnell in Blue Shirt (Right)","male","False","https://files2.heygen.ai/avatar/v3/447b8c46b2f942f183d24d80724fd96f_34570/preview_talk_1.webp","https://files2.heygen.ai/avatar/v3/447b8c46b2f942f183d24d80724fd96f_34570/preview_video_talk_1.mp4"
"Darnell_Bordeaux_Polo_Front","Darnell in Bordeaux Polo (Front)","male","False","https://files2.heygen.ai/avatar/v3/4d87ef7888ba49fdb6e591523286bcce_34550/preview_target.webp","https://files2.heygen.ai/avatar/v3/4d87ef7888ba49fdb6e591523286bcce_34550/preview_video_target.mp4"
"Darnell_Bordeaux_Polo_Left","Darnell in Bordeaux Polo (Left)","male","False","https://files2.heygen.ai/avatar/v3/4118c7aecff5413c8adf07d6017f54dd_34560/preview_target.webp","https://files2.heygen.ai/avatar/v3/4118c7aecff5413c8adf07d6017f54dd_34560/preview_video_target.mp4"
"Darnell_Bordeaux_Polo_Right","Darnell in Bordeaux Polo (Right)","male","False","https://files2.heygen.ai/avatar/v3/dae7a6dbfe324a5ea9a039b3eb09bc4a_34570/preview_target.webp","https://files2.heygen.ai/avatar/v3/dae7a6dbfe324a5ea9a039b3eb09bc4a_34570/preview_video_target.mp4"
"Darnell_Doktor_Front","Darnell in Doctor (Front)","male","False","https://files2.heygen.ai/avatar/v3/f5f998247bd44b8db4b5e1968660c59a_34550/preview_talk_2.webp","https://files2.heygen.ai/avatar/v3/f5f998247bd44b8db4b5e1968660c59a_34550/preview_video_talk_2.mp4"
"Darnell_Doktor_Left","Darnell in Doctor (Left)","male","False","https://files2.heygen.ai/avatar/v3/39d3d1460aa34c7fa6b33c57859c5a9e_34560/preview_talk_2.webp","https://files2.heygen.ai/avatar/v3/39d3d1460aa34c7fa6b33c57859c5a9e_34560/preview_video_talk_2.mp4"
"Darnell_Doktor_Right","Darnell in Doctor (Right)","male","False","https://files2.heygen.ai/avatar/v3/8115f90b34374623b3ef741a002a1a8c_34570/preview_talk_2.webp","https://files2.heygen.ai/avatar/v3/8115f90b34374623b3ef741a002a1a8c_34570/preview_video_talk_2.mp4"
"Derya_standing_indoor_front","Derya Indoor Front 2","female","False","https://files2.heygen.ai/avatar/v3/c37a49d797a94e038a72b25d000b887f_36860/preview_talk_1.webp","https://files2.heygen.ai/avatar/v3/c37a49d797a94e038a72b25d000b887f_36860/preview_video_talk_1.mp4"
"Derya_sitting_indoor_front","Derya Indoor Front","female","False","https://files2.heygen.ai/avatar/v3/09afea387ab6458c96ffa792357f8b98_36860/preview_talk_3.webp","https://files2.heygen.ai/avatar/v3/09afea387ab6458c96ffa792357f8b98_36860/preview_video_talk_3.mp4"
"Derya_standing_indoor_side","Derya Indoor Side 2","female","False","https://files2.heygen.ai/avatar/v3/6c9c809bf75546e3931aabc1e84cf219_36870/preview_talk_1.webp","https://files2.heygen.ai/avatar/v3/6c9c809bf75546e3931aabc1e84cf219_36870/preview_video_talk_1.mp4"
"Derya_sitting_indoor_side","Derya Indoor Side","female","False","https://files2.heygen.ai/avatar/v3/db02a94ab35b490e843d522953dc415f_36870/preview_talk_3.webp","https://files2.heygen.ai/avatar/v3/db02a94ab35b490e843d522953dc415f_36870/preview_video_talk_3.mp4"
"Derya_standing_office_front","Derya Office Front 2","female","False","https://files2.heygen.ai/avatar/v3/9c63c979d47f431382993c741ea5da25_36960/preview_talk_1.webp","https://files2.heygen.ai/avatar/v3/9c63c979d47f431382993c741ea5da25_36960/preview_video_talk_1.mp4"
"Derya_sitting_office_front","Derya Office Front","female","False","https://files2.heygen.ai/avatar/v3/0942815c4e10448c9b3566554c66ef49_36960/preview_target.webp","https://files2.heygen.ai/avatar/v3/0942815c4e10448c9b3566554c66ef49_36960/preview_video_target.mp4"
"Derya_standing_office_side","Derya Office Side 2","female","False","https://files2.heygen.ai/avatar/v3/ec27ac59aa0c41a0b8e950172031ee4b_36970/preview_target.webp","https://files2.heygen.ai/avatar/v3/ec27ac59aa0c41a0b8e950172031ee4b_36970/preview_video_target.mp4"
"Derya_sitting_office_side","Derya Office Side","female","False","https://files2.heygen.ai/avatar/v3/8553ece9db5f4cc78e0ab5f49911cb1c_36970/preview_talk_1.webp","https://files2.heygen.ai/avatar/v3/8553ece9db5f4cc78e0ab5f49911cb1c_36970/preview_video_talk_1.mp4"
"Dexter_Casual_Front_public","Dexter Casual Front","male","False","https://files2.heygen.ai/avatar/v3/587683450ec943279bce9afc783b933f_43260/preview_target.webp","https://files2.heygen.ai/avatar/v3/587683450ec943279bce9afc783b933f_43260/preview_video_target.mp4"
"Dexter_Casual_Side_public","Dexter Casuat Side","male","False","https://files2.heygen.ai/avatar/v3/1f822595f1fb4c6281147bd1d1538c92_43270/preview_target.webp","https://files2.heygen.ai/avatar/v3/1f822595f1fb4c6281147bd1d1538c92_43270/preview_video_target.mp4"
"Dexter_Doctor_Sitting2_public","Dexter Doctor Sitting","male","False","https://files2.heygen.ai/avatar/v3/f83fffc45faa4368b6db9597e6b323ca_45590/preview_talk_3.webp","https://files2.heygen.ai/avatar/v3/f83fffc45faa4368b6db9597e6b323ca_45590/preview_video_talk_3.mp4"
"Dexter_Doctor_Standing2_public","Dexter Doctor Standing","male","False","https://files2.heygen.ai/avatar/v3/88d421f939044bb08d892e833931948b_45590/preview_talk_1.webp","https://files2.heygen.ai/avatar/v3/88d421f939044bb08d892e833931948b_45590/preview_video_talk_1.mp4"
"Dexter_Lawyer_Sitting_public","Dexter Lawyer","male","False","https://files2.heygen.ai/avatar/v3/e20ac0c902184ff793e75ae4e139b7dc_45600/preview_target.webp","https://files2.heygen.ai/avatar/v3/e20ac0c902184ff793e75ae4e139b7dc_45600/preview_video_target.mp4"
"Dexter_Suit_Front_public","Dexter Suit Front","male","False","https://files2.heygen.ai/avatar/v3/288aae5264734e64b14de9231572cf92_43260/preview_talk_2.webp","https://files2.heygen.ai/avatar/v3/288aae5264734e64b14de9231572cf92_43260/preview_video_talk_2.mp4"
"Dexter_Suit_Side_public","Dexter Suit Side","male","False","https://files2.heygen.ai/avatar/v3/88fa92f1f60543f8944909337264f8fa_43270/preview_talk_2.webp","https://files2.heygen.ai/avatar/v3/88fa92f1f60543f8944909337264f8fa_43270/preview_video_talk_2.mp4"
"Dexter_Winter_Coat_Front_public","Dexter Winter Coat Front","male","False","https://files2.heygen.ai/avatar/v3/30a5aea324364db5872aabd1a0a8721d_43260/preview_talk_1.webp","https://files2.heygen.ai/avatar/v3/30a5aea324364db5872aabd1a0a8721d_43260/preview_video_talk_1.mp4"
"Dexter_Winter_Coat_Side_public","Dexter Winter Coat Side","male","False","https://files2.heygen.ai/avatar/v3/602b80061fb04631b08e975c5985d2cf_43270/preview_talk_1.webp","https://files2.heygen.ai/avatar/v3/602b80061fb04631b08e975c5985d2cf_43270/preview_video_talk_1.mp4"
"Diana_public_2_20240315","Diana in Black Camisole Top","female","False","https://files2.heygen.ai/avatar/v3/70850f0bfc214a58a1c51e27de52fa84_15336/preview_talk_1.webp","https://files2.heygen.ai/avatar/v3/70850f0bfc214a58a1c51e27de52fa84_15336/preview_video_talk_1.mp4"
"Diana_public_3_20240315","Diana in Striped Shirt","female","False","https://files2.heygen.ai/avatar/v3/43fe3f127f0d49d08729d621c2b534c9_15336/preview_talk_3.webp","https://files2.heygen.ai/avatar/v3/43fe3f127f0d49d08729d621c2b534c9_15336/preview_video_talk_3.mp4"
"Diana_public_20240315","Diana in White Shirt","female","False","https://files2.heygen.ai/avatar/v3/cfaac1bd37ac4a97b44f4232fc88a724_15336/preview_talk_5.webp","https://files2.heygen.ai/avatar/v3/cfaac1bd37ac4a97b44f4232fc88a724_15336/preview_video_talk_5.mp4"
"Diora_public_2","Diora in Blue blazer","female","False","https://files2.heygen.ai/avatar/v3/e1635736ed19484181f0474af27ae966_62970/preview_target.webp","https://files2.heygen.ai/avatar/v3/e1635736ed19484181f0474af27ae966_62970/preview_video_target.mp4"
"Diora_public_1","Diora in Green blazer","female","False","https://files2.heygen.ai/avatar/v3/5d2f0d4aa6bb480cbfe2895e4cb0e7db_62960/preview_target.webp","https://files2.heygen.ai/avatar/v3/5d2f0d4aa6bb480cbfe2895e4cb0e7db_62960/preview_video_target.mp4"
"Diora_public_3","Diora in White shirt","female","False","https://files2.heygen.ai/avatar/v3/17e9176043da40d1bdb73b870285ed48_62980/preview_target.webp","https://files2.heygen.ai/avatar/v3/17e9176043da40d1bdb73b870285ed48_62980/preview_video_target.mp4"
"Diora_public_4","Diora in White t-shirt","female","False","https://files2.heygen.ai/avatar/v3/36f36c2e87c24d6390dc7d594925f3cb_62990/preview_target.webp","https://files2.heygen.ai/avatar/v3/36f36c2e87c24d6390dc7d594925f3cb_62990/preview_video_target.mp4"
"Diran_Casual_Front_public","Diran Casual Front","male","False","https://files2.heygen.ai/avatar/v3/e477a746635a447abf4a914add4647e8_42070/preview_talk_1.webp","https://files2.heygen.ai/avatar/v3/e477a746635a447abf4a914add4647e8_42070/preview_video_talk_1.mp4"
"Diran_Casual_Side_public","Diran Casual Side","male","False","https://files2.heygen.ai/avatar/v3/419bbd32272a49558b2d64002b2d36e5_42080/preview_talk_1.webp","https://files2.heygen.ai/avatar/v3/419bbd32272a49558b2d64002b2d36e5_42080/preview_video_talk_1.mp4"
"Diran_Jacket_Front_public","Diran Jacket Front","male","False","https://files2.heygen.ai/avatar/v3/b4f0f441120c4b91829474d2eec04a94_42290/preview_target.webp","https://files2.heygen.ai/avatar/v3/b4f0f441120c4b91829474d2eec04a94_42290/preview_video_target.mp4"
"Diran_Jacket_Side_public","Diran Jacket Side","male","False","https://files2.heygen.ai/avatar/v3/bded73fa5ae04fbe99c627027170b2af_42080/preview_target.webp","https://files2.heygen.ai/avatar/v3/bded73fa5ae04fbe99c627027170b2af_42080/preview_video_target.mp4"
"Diran_Macbook_Business_Front_public","Diran Macbook Business Front","male","False","https://files2.heygen.ai/avatar/v3/e548e03f4b184e468686a9f6601cd03f_42070/preview_talk_2.webp","https://files2.heygen.ai/avatar/v3/e548e03f4b184e468686a9f6601cd03f_42070/preview_video_talk_2.mp4"
"Diran_Macbook_Business_Side_public","Diran Macbook Business Side","male","False","https://files2.heygen.ai/avatar/v3/5f0ecfb9ce22464fbdbd6cf85af39bd6_42080/preview_talk_3.webp","https://files2.heygen.ai/avatar/v3/5f0ecfb9ce22464fbdbd6cf85af39bd6_42080/preview_video_talk_3.mp4"
"Diran_Macbook_Casual_Front_public","Diran Macbook Casual Front","male","False","https://files2.heygen.ai/avatar/v3/8b3389bc365d4c7980141f50fc27d1cb_42070/preview_target.webp","https://files2.heygen.ai/avatar/v3/8b3389bc365d4c7980141f50fc27d1cb_42070/preview_video_target.mp4"
"Diran_Macbook_Casual_Side_public","Diran Macbook Casual Side","male","False","https://files2.heygen.ai/avatar/v3/9b40abfbefb84a429591dce31a1902e1_42080/preview_talk_2.webp","https://files2.heygen.ai/avatar/v3/9b40abfbefb84a429591dce31a1902e1_42080/preview_video_talk_2.mp4"
"Diran_Macbook_Sitting_Front2_public","Diran Macbook Sitting Front 2","male","False","https://files2.heygen.ai/avatar/v3/f23c696b73ea44fc86eb7e7c5c9eaf23_42330/preview_talk_2.webp","https://files2.heygen.ai/avatar/v3/f23c696b73ea44fc86eb7e7c5c9eaf23_42330/preview_video_talk_2.mp4"
"Diran_Macbook_Sitting_Front_public","Diran Macbook Sitting Front","male","False","https://files2.heygen.ai/avatar/v3/80ffca2ba14545149b90e56ee65a3e24_42330/preview_talk_1.webp","https://files2.heygen.ai/avatar/v3/80ffca2ba14545149b90e56ee65a3e24_42330/preview_video_talk_1.mp4"
"Diran_Macbook_Sitting_Side2_public","Diran Macbook Sitting Side 2","male","False","https://files2.heygen.ai/avatar/v3/f6d41d04e1384d58a3d2447f2f8d5e17_42320/preview_target.webp","https://files2.heygen.ai/avatar/v3/f6d41d04e1384d58a3d2447f2f8d5e17_42320/preview_video_target.mp4"
"Diran_Macbook_Sitting_Side_public","Diran Macbook Sitting Side","male","False","https://files2.heygen.ai/avatar/v3/a50ecbe2d54f4aefb90b03d3df561228_42320/preview_talk_2.webp","https://files2.heygen.ai/avatar/v3/a50ecbe2d54f4aefb90b03d3df561228_42320/preview_video_talk_2.mp4"
"Diran_Suit_Front_public","Diran Suit Front","male","False","https://files2.heygen.ai/avatar/v3/af6571f2bf534d9ebe401af37cf43c05_42340/preview_target.webp","https://files2.heygen.ai/avatar/v3/af6571f2bf534d9ebe401af37cf43c05_42340/preview_video_target.mp4"
"Diran_Suit_Side_public","Diran Suit Side","male","False","https://files2.heygen.ai/avatar/v3/9c11e91378d7476c9b9d36e9ea8dc60d_42350/preview_target.webp","https://files2.heygen.ai/avatar/v3/9c11e91378d7476c9b9d36e9ea8dc60d_42350/preview_video_target.mp4"
"Diran_iPad_Front_public","Diran iPad Front","male","False","https://files2.heygen.ai/avatar/v3/7ee42a37066f496790e1070606547b90_42290/preview_talk_1.webp","https://files2.heygen.ai/avatar/v3/7ee42a37066f496790e1070606547b90_42290/preview_video_talk_1.mp4"
"Diran_iPad_Side_public","Diran iPad Side","male","False","https://files2.heygen.ai/avatar/v3/b400a91cb9f44e97925b930da45532e6_42300/preview_target.webp","https://files2.heygen.ai/avatar/v3/b400a91cb9f44e97925b930da45532e6_42300/preview_video_target.mp4"
"Diran_iPad_Sitting_Front_public","Diran iPad Sitting Front","male","False","https://files2.heygen.ai/avatar/v3/0993152f8f6447d5b33be7baba4d3736_42330/preview_target.webp","https://files2.heygen.ai/avatar/v3/0993152f8f6447d5b33be7baba4d3736_42330/preview_video_target.mp4"
"Diran_iPad_Sitting_Side_public","Diran iPad Sitting Side","male","False","https://files2.heygen.ai/avatar/v3/50c76013151b4ad0a9e1b2641bbebe88_42320/preview_talk_1.webp","https://files2.heygen.ai/avatar/v3/50c76013151b4ad0a9e1b2641bbebe88_42320/preview_video_talk_1.mp4"
"Elenora_Casual_Front_public","Elenora Casual Front","female","False","https://files2.heygen.ai/avatar/v3/b62300f2487e44c5be5b5ea14c90717e_43220/preview_talk_3.webp","https://files2.heygen.ai/avatar/v3/b62300f2487e44c5be5b5ea14c90717e_43220/preview_video_talk_3.mp4"
"Elenora_Casual_Side_public","Elenora Casual Side","female","False","https://files2.heygen.ai/avatar/v3/d13e6bed695440acbe3a18fa87a35fcc_43230/preview_talk_3.webp","https://files2.heygen.ai/avatar/v3/d13e6bed695440acbe3a18fa87a35fcc_43230/preview_video_talk_3.mp4"
"Elenora_FitnessCoach2_public","Elenora Fitness Coach","female","False","https://files2.heygen.ai/avatar/v3/4e5afdfe8bdb44f3ae18b90281ab034c_45610/preview_talk_1.webp","https://files2.heygen.ai/avatar/v3/4e5afdfe8bdb44f3ae18b90281ab034c_45610/preview_video_talk_1.mp4"
"Elenora_FitnessCoach_public","Elenora Fitness Coach 2","female","False","https://files2.heygen.ai/avatar/v3/e097a0182d5e4f5a8dabc656fd39c063_45610/preview_target.webp","https://files2.heygen.ai/avatar/v3/e097a0182d5e4f5a8dabc656fd39c063_45610/preview_video_target.mp4"
"Elenora_IT_Sitting_public","Elenora Tech Expert","female","False","https://files2.heygen.ai/avatar/v3/cbd4a69890a040e6a0d54088e606a559_45610/preview_talk_3.webp","https://files2.heygen.ai/avatar/v3/cbd4a69890a040e6a0d54088e606a559_45610/preview_video_talk_3.mp4"
"Elenora_Suit_Front_public","Elenora Suit Front","female","False","https://files2.heygen.ai/avatar/v3/f674b92def174246b17570b2b25c2cb2_43220/preview_talk_2.webp","https://files2.heygen.ai/avatar/v3/f674b92def174246b17570b2b25c2cb2_43220/preview_video_talk_2.mp4"
"Elenora_Suit_Side_public","Elenora Suit Side","female","False","https://files2.heygen.ai/avatar/v3/dd36ae26fdae453e8b255cf9f0294be5_43230/preview_talk_2.webp","https://files2.heygen.ai/avatar/v3/dd36ae26fdae453e8b255cf9f0294be5_43230/preview_video_talk_2.mp4"
"Elenora_YellowDress_Front_public","Elenora YellowDress Front","female","False","https://files2.heygen.ai/avatar/v3/cc3775c857904e5ca2c1e9f0704eeb8f_43220/preview_talk_1.webp","https://files2.heygen.ai/avatar/v3/cc3775c857904e5ca2c1e9f0704eeb8f_43220/preview_video_talk_1.mp4"
"Elenora_YellowDress_Side_public","Elenora YellowDress Side","female","False","https://files2.heygen.ai/avatar/v3/f06c1cfc15574d7bbfed820c52cd35bc_43230/preview_target.webp","https://files2.heygen.ai/avatar/v3/f06c1cfc15574d7bbfed820c52cd35bc_43230/preview_video_target.mp4"
"Emanuel_standing_office_front","Emanuel Office Front","male","False","https://files2.heygen.ai/avatar/v3/2ecb3781b0b1420f8244d7ac13f00407_37150/preview_target.webp","https://files2.heygen.ai/avatar/v3/2ecb3781b0b1420f8244d7ac13f00407_37150/preview_video_target.mp4"
"Emanuel_standing_office_side","Emanuel Office Side","male","False","https://files2.heygen.ai/avatar/v3/a1d81ce162544fb0955bc9896411514b_37250/preview_talk_1.webp","https://files2.heygen.ai/avatar/v3/a1d81ce162544fb0955bc9896411514b_37250/preview_video_talk_1.mp4"
"Emanuel_sitting_sofa_front","Emanuel Sofa Front","male","False","https://files2.heygen.ai/avatar/v3/b18507ce1ab74d1dacb7112bb16f2440_37150/preview_talk_2.webp","https://files2.heygen.ai/avatar/v3/b18507ce1ab74d1dacb7112bb16f2440_37150/preview_video_talk_2.mp4"
"Emanuel_sitting_Sofa_side","Emanuel Sofa Side","male","False","https://files2.heygen.ai/avatar/v3/b6d50563342f4037b1561b9b9c011527_37260/preview_target.webp","https://files2.heygen.ai/avatar/v3/b6d50563342f4037b1561b9b9c011527_37260/preview_video_target.mp4"
"Emery_public_4","Emery in Blue suit","female","False","https://files2.heygen.ai/avatar/v3/63954b1f5dce496fa6d78fd62020b9ac_62730/preview_target.webp","https://files2.heygen.ai/avatar/v3/63954b1f5dce496fa6d78fd62020b9ac_62730/preview_video_target.mp4"
"Emery_public_6","Emery in Green shirt","female","False","https://files2.heygen.ai/avatar/v3/e70ee5d4ff8848189c3710335d538b11_62830/preview_target.webp","https://files2.heygen.ai/avatar/v3/e70ee5d4ff8848189c3710335d538b11_62830/preview_video_target.mp4"
"Emery_public_5","Emery in Khaki blazer","female","False","https://files2.heygen.ai/avatar/v3/3d1305ae766244e0a2fbdf1ecef89b5f_62740/preview_target.webp","https://files2.heygen.ai/avatar/v3/3d1305ae766244e0a2fbdf1ecef89b5f_62740/preview_video_target.mp4"
"Emery_public_1","Emery in Red blazer","female","False","https://files2.heygen.ai/avatar/v3/4cd52c19d0e0449fa38af0a8b210881c_62710/preview_target.webp","https://files2.heygen.ai/avatar/v3/4cd52c19d0e0449fa38af0a8b210881c_62710/preview_video_target.mp4"
"Emery_public_3","Emery in White t-shirt","female","False","https://files2.heygen.ai/avatar/v3/796d0a61e8a3490abd5953e5319604d9_62720/preview_target.webp","https://files2.heygen.ai/avatar/v3/796d0a61e8a3490abd5953e5319604d9_62720/preview_video_target.mp4"
"Emilia_standing_outdoorbusiness_front","Emilia Outdoor Business Front","female","False","https://files2.heygen.ai/avatar/v3/5ee7536c7271417a971f08a55efcfa91_38320/preview_talk_1.webp","https://files2.heygen.ai/avatar/v3/5ee7536c7271417a971f08a55efcfa91_38320/preview_video_talk_1.mp4"
"Emilia_standing_outdoorbusiness_side","Emilia Outdoor Business Side","female","False","https://files2.heygen.ai/avatar/v3/f5fb4ea7f6494dafbea81435b19ef74f_38340/preview_target.webp","https://files2.heygen.ai/avatar/v3/f5fb4ea7f6494dafbea81435b19ef74f_38340/preview_video_target.mp4"
"Emilia_sitting_outdooryoga2_front","Emilia Outdoor Yoga Front 2","female","False","https://files2.heygen.ai/avatar/v3/08cd771666d1401697c738fceed4f2d3_38470/preview_talk_1.webp","https://files2.heygen.ai/avatar/v3/08cd771666d1401697c738fceed4f2d3_38470/preview_video_talk_1.mp4"
"Emilia_sitting_outdooryoga_front","Emilia Outdoor Yoga Front","female","False","https://files2.heygen.ai/avatar/v3/137d2a33e1d246fd8d528b3040f25714_38470/preview_target.webp","https://files2.heygen.ai/avatar/v3/137d2a33e1d246fd8d528b3040f25714_38470/preview_video_target.mp4"
"Emilia_sitting_outdooryoga_side","Emilia Outdoor Yoga Side","female","False","https://files2.heygen.ai/avatar/v3/635f87f70ed74107ae3535d8cbc7a41f_38480/preview_talk_1.webp","https://files2.heygen.ai/avatar/v3/635f87f70ed74107ae3535d8cbc7a41f_38480/preview_video_talk_1.mp4"
"Emilia_sitting_picnic_front","Emilia Picnic Front","female","False","https://files2.heygen.ai/avatar/v3/604bdf31284940c1acb1ac31d08a8a21_38320/preview_target.webp","https://files2.heygen.ai/avatar/v3/604bdf31284940c1acb1ac31d08a8a21_38320/preview_video_target.mp4"
"Emilia_sitting_picnic_side","Emilia Picnic Side","female","False","https://files2.heygen.ai/avatar/v3/974306439e5046fa93e4aeb36269816a_38330/preview_target.webp","https://files2.heygen.ai/avatar/v3/974306439e5046fa93e4aeb36269816a_38330/preview_video_target.mp4"
"Eric_public_pro1_20230601","Edward in Black Suit","male","False","https://files2.heygen.ai/avatar/v3/15e5253e9ae94a08a720b3ba45522eb5_2606/preview_talk_1.webp","https://files2.heygen.ai/avatar/v3/15e5253e9ae94a08a720b3ba45522eb5_2606/preview_video_talk_1.mp4"
"Eric_public_lite1_20230601","Edward","male","False","https://files2.heygen.ai/avatar/v3/e259aabd01a24e958299ce130b6f4928_2623/preview_target.webp","https://files2.heygen.ai/avatar/v3/e259aabd01a24e958299ce130b6f4928_2623/preview_video_target.mp4"
"Eric_public_pro2_20230608","Edward in Blue Shirt","male","False","https://files2.heygen.ai/avatar/v3/bab998cb82fb4423b521341a9e962017_2662/preview_target.webp","https://files2.heygen.ai/avatar/v3/bab998cb82fb4423b521341a9e962017_2662/preview_video_target.mp4"
"Esmond_public_4","Esmond in Black shirt","male","False","https://files2.heygen.ai/avatar/v3/475b6c3cb28d4d439a1e24953d864d62_61240/preview_target.webp","https://files2.heygen.ai/avatar/v3/475b6c3cb28d4d439a1e24953d864d62_61240/preview_video_target.mp4"
"Esmond_public_1","Esmond in Blue blazer","male","False","https://files2.heygen.ai/avatar/v3/281f2ab20bf642dd8ae4119ec15ca281_61210/preview_target.webp","https://files2.heygen.ai/avatar/v3/281f2ab20bf642dd8ae4119ec15ca281_61210/preview_video_target.mp4"
"Esmond_public_3","Esmond in Blue suit","male","False","https://files2.heygen.ai/avatar/v3/0a809b1601d14a14aa75740178a32cba_61230/preview_target.webp","https://files2.heygen.ai/avatar/v3/0a809b1601d14a14aa75740178a32cba_61230/preview_video_target.mp4"
"Esmond_public_5","Esmond in Grey sweater","male","False","https://files2.heygen.ai/avatar/v3/474952e3af6e43fb91efc589e9586eb0_61250/preview_target.webp","https://files2.heygen.ai/avatar/v3/474952e3af6e43fb91efc589e9586eb0_61250/preview_video_target.mp4"
"Fernando_sitting_businessindoor_front","Fernando Business Indoor Front","male","False","https://files2.heygen.ai/avatar/v3/203425112ca0467990d1b2327ab394b6_39010/preview_talk_5.webp","https://files2.heygen.ai/avatar/v3/203425112ca0467990d1b2327ab394b6_39010/preview_video_talk_5.mp4"
"Fernando_sitting_businessindoor_side","Fernando Business Indoor Side","male","False","https://files2.heygen.ai/avatar/v3/654d4253f9e64dbb990ec673f136cc02_39030/preview_talk_5.webp","https://files2.heygen.ai/avatar/v3/654d4253f9e64dbb990ec673f136cc02_39030/preview_video_talk_5.mp4"
"Fernando_sitting_outdoorchair_front_close","Fernando OutdoorChair Front 2","male","False","https://files2.heygen.ai/avatar/v3/3b06323de19040bf9ca490f55c1286c5_39010/preview_talk_4.webp","https://files2.heygen.ai/avatar/v3/3b06323de19040bf9ca490f55c1286c5_39010/preview_video_talk_4.mp4"
"Fernando_sitting_outdoorchair_front","Fernando Outdoor Chair Front","male","False","https://files2.heygen.ai/avatar/v3/30f7858a50834089928f7409c2407454_39010/preview_talk_3.webp","https://files2.heygen.ai/avatar/v3/30f7858a50834089928f7409c2407454_39010/preview_video_talk_3.mp4"
"Fernando_sitting_outdoorchair_side","Fernando Outdoor Chair Side","male","False","https://files2.heygen.ai/avatar/v3/80c9802f265b48a0a1fef8cbd323fcd7_39030/preview_talk_2.webp","https://files2.heygen.ai/avatar/v3/80c9802f265b48a0a1fef8cbd323fcd7_39030/preview_video_talk_2.mp4"
"Fernando_standing_outdoor_front","Fernando Outdoor Front","male","False","https://files2.heygen.ai/avatar/v3/72f925de0b85401daa342edb27d40aa0_39010/preview_talk_2.webp","https://files2.heygen.ai/avatar/v3/72f925de0b85401daa342edb27d40aa0_39010/preview_video_talk_2.mp4"
"Fernando_standing_outdoor_side","Fernando Outdoor Side","male","False","https://files2.heygen.ai/avatar/v3/53b0890c59a74386a36d8cee752223f1_39030/preview_target.webp","https://files2.heygen.ai/avatar/v3/53b0890c59a74386a36d8cee752223f1_39030/preview_video_target.mp4"
"Fernando_sitting_outdoortable_front","Fernando Outdoor Table Front","male","False","https://files2.heygen.ai/avatar/v3/b7fc0ac85619411fb2635b18c111c2f3_39010/preview_target.webp","https://files2.heygen.ai/avatar/v3/b7fc0ac85619411fb2635b18c111c2f3_39010/preview_video_target.mp4"
"Fernando_sitting_outdoortable_side","Fernando Outdoor Table Side","male","False","https://files2.heygen.ai/avatar/v3/4c142c4734ea42a6a1eec3f08aafa31f_39040/preview_talk_1.webp","https://files2.heygen.ai/avatar/v3/4c142c4734ea42a6a1eec3f08aafa31f_39040/preview_video_talk_1.mp4"
"Fina_Business_Sitting_Front_public","Fina Business Sitting Front","female","False","https://files2.heygen.ai/avatar/v3/f4db5688f278411ab3353f92b9b41df7_46060/preview_talk_2.webp","https://files2.heygen.ai/avatar/v3/f4db5688f278411ab3353f92b9b41df7_46060/preview_video_talk_2.mp4"
"Fina_Business_Sitting_Side_public","Fina Business Sitting Side","female","False","https://files2.heygen.ai/avatar/v3/6791432e4c3b4234b02d0a09b59f4bb8_46060/preview_talk_1.webp","https://files2.heygen.ai/avatar/v3/6791432e4c3b4234b02d0a09b59f4bb8_46060/preview_video_talk_1.mp4"
"Fina_Casual_Front_2_public","Fina Casual Front 2","female","False","https://files2.heygen.ai/avatar/v3/4b1c65a25855430db1d95d300c1303fb_48300/preview_talk_2.webp","https://files2.heygen.ai/avatar/v3/4b1c65a25855430db1d95d300c1303fb_48300/preview_video_talk_2.mp4"
"Fina_Casual_Front_public","Fina Casual Front","female","False","https://files2.heygen.ai/avatar/v3/c25a30861f1f406ca2642f0b6c344321_48300/preview_talk_1.webp","https://files2.heygen.ai/avatar/v3/c25a30861f1f406ca2642f0b6c344321_48300/preview_video_talk_1.mp4"
"Fina_Casual_Side_2_public","Fina Casual Side 2","female","False","https://files2.heygen.ai/avatar/v3/757d14d78f704e82aae30524c4f5cd2f_48310/preview_target.webp","https://files2.heygen.ai/avatar/v3/757d14d78f704e82aae30524c4f5cd2f_48310/preview_video_target.mp4"
"Fina_Casual_Side_public","Fina Casual Side","female","False","https://files2.heygen.ai/avatar/v3/35173ee1f75644a493e479bedce54b31_48310/preview_talk_1.webp","https://files2.heygen.ai/avatar/v3/35173ee1f75644a493e479bedce54b31_48310/preview_video_talk_1.mp4"
"Fina_Casual_Sitting_Front_public","Fina Casual Sitting Front","female","False","https://files2.heygen.ai/avatar/v3/c5d86dd89e614d438486858229cf2c56_48300/preview_target.webp","https://files2.heygen.ai/avatar/v3/c5d86dd89e614d438486858229cf2c56_48300/preview_video_target.mp4"
"Fina_Casual_Sitting_Side_public","Fina Casual Sitting Side","female","False","https://files2.heygen.ai/avatar/v3/a7f246ec7df54d16b8427cfcd3b7efaf_48840/preview_target.webp","https://files2.heygen.ai/avatar/v3/a7f246ec7df54d16b8427cfcd3b7efaf_48840/preview_video_target.mp4"
"Fina_Denim_Front_public","Fina Denim Front","female","False","https://files2.heygen.ai/avatar/v3/39b063f1e03b478c9f6732e7404c5879_48660/preview_talk_1.webp","https://files2.heygen.ai/avatar/v3/39b063f1e03b478c9f6732e7404c5879_48660/preview_video_talk_1.mp4"
"Fina_Denim_Side_public","Fina Denim Side","female","False","https://files2.heygen.ai/avatar/v3/818c73f503434c1296abdf4f6686669f_48650/preview_talk_1.webp","https://files2.heygen.ai/avatar/v3/818c73f503434c1296abdf4f6686669f_48650/preview_video_talk_1.mp4"
"Fina_Denim_Sitting_Front_public","Fina Denim Sitting Front","female","False","https://files2.heygen.ai/avatar/v3/d0b96a42ff264c7085dd2c5740c026de_48660/preview_target.webp","https://files2.heygen.ai/avatar/v3/d0b96a42ff264c7085dd2c5740c026de_48660/preview_video_target.mp4"
"Fina_Employee_Front_public","Fina Employee Front","female","False","https://files2.heygen.ai/avatar/v3/c49d50763f20456e8d9e61c37eb62c55_48680/preview_target.webp","https://files2.heygen.ai/avatar/v3/c49d50763f20456e8d9e61c37eb62c55_48680/preview_video_target.mp4"
"Fina_Employee_Side_public","Fina Employee Side","female","False","https://files2.heygen.ai/avatar/v3/3387a579d5b54c90aaaac4fd40502e13_48690/preview_target.webp","https://files2.heygen.ai/avatar/v3/3387a579d5b54c90aaaac4fd40502e13_48690/preview_video_target.mp4"
"Fina_Suit_Front_public","Fina Suit Front","female","False","https://files2.heygen.ai/avatar/v3/6e035f8d60c44e9e82ab83d950a188e2_48670/preview_target.webp","https://files2.heygen.ai/avatar/v3/6e035f8d60c44e9e82ab83d950a188e2_48670/preview_video_target.mp4"
"Fina_Suit_Side_public","Fina Suit Side","female","False","https://files2.heygen.ai/avatar/v3/08b96fb7b9a24758ab3ea01e839b70e2_46050/preview_target.webp","https://files2.heygen.ai/avatar/v3/08b96fb7b9a24758ab3ea01e839b70e2_46050/preview_video_target.mp4"
"Fina_Support_Front_public","Fina Support Front","female","False","https://files2.heygen.ai/avatar/v3/1feb21c4a972455884b3827c551a373a_48680/preview_talk_1.webp","https://files2.heygen.ai/avatar/v3/1feb21c4a972455884b3827c551a373a_48680/preview_video_talk_1.mp4"
"Fina_Support_Side_public","Fina Support Side","female","False","https://files2.heygen.ai/avatar/v3/1dcec33ac696411e841aeb1f552b281e_48700/preview_target.webp","https://files2.heygen.ai/avatar/v3/1dcec33ac696411e841aeb1f552b281e_48700/preview_video_target.mp4"
"Florin_Business_Sitting_Front_public","Florin Business Sitting Front","male","False","https://files2.heygen.ai/avatar/v3/5b31d7f1d1354605831fdb23bc01db9d_47240/preview_talk_2.webp","https://files2.heygen.ai/avatar/v3/5b31d7f1d1354605831fdb23bc01db9d_47240/preview_video_talk_2.mp4"
"Florin_Business_Sitting_Side_public","Florin Business Sitting Side","male","False","https://files2.heygen.ai/avatar/v3/d3ba0e24035844028e16b57c820c1eb0_47250/preview_talk_1.webp","https://files2.heygen.ai/avatar/v3/d3ba0e24035844028e16b57c820c1eb0_47250/preview_video_talk_1.mp4"
"Florin_Maintain_Front_2_public","Florin Maintain Front 2","male","False","https://files2.heygen.ai/avatar/v3/8b3996a8508d4060b6031549f161eafa_47220/preview_talk_2.webp","https://files2.heygen.ai/avatar/v3/8b3996a8508d4060b6031549f161eafa_47220/preview_video_talk_2.mp4"
"Florin_Maintain_Front_public","Florin Maintain Front","male","False","https://files2.heygen.ai/avatar/v3/6010f06908ef489cbd83bbb25363e9c2_47220/preview_talk_1.webp","https://files2.heygen.ai/avatar/v3/6010f06908ef489cbd83bbb25363e9c2_47220/preview_video_talk_1.mp4"
"Florin_Maintain_Side_2_public","Florin Maintain Side 2","male","False","https://files2.heygen.ai/avatar/v3/01ddd912ed994a26bae4cd38097c4475_47230/preview_talk_2.webp","https://files2.heygen.ai/avatar/v3/01ddd912ed994a26bae4cd38097c4475_47230/preview_video_talk_2.mp4"
"Florin_Maintain_Side_public","Florin Maintain Side","male","False","https://files2.heygen.ai/avatar/v3/59db27f7418c4df8b14e7ad6d5c35c66_47230/preview_talk_1.webp","https://files2.heygen.ai/avatar/v3/59db27f7418c4df8b14e7ad6d5c35c66_47230/preview_video_talk_1.mp4"
"Florin_Maintain_Siiting_Front_public","Florin Maintain Siiting Front","male","False","https://files2.heygen.ai/avatar/v3/c8369305348c40078ea929bccd4d6e5d_47220/preview_target.webp","https://files2.heygen.ai/avatar/v3/c8369305348c40078ea929bccd4d6e5d_47220/preview_video_target.mp4"
"Florin_Maintain_Siiting_Side_public","Florin Maintain Siiting Side","male","False","https://files2.heygen.ai/avatar/v3/d599304e6ace4b1aba7375fed14959e2_47230/preview_target.webp","https://files2.heygen.ai/avatar/v3/d599304e6ace4b1aba7375fed14959e2_47230/preview_video_target.mp4"
"Florin_Suit_Front_2_public","Florin Suit Front 2","male","False","https://files2.heygen.ai/avatar/v3/215cd27932924fccbc47142bd8f2e763_47240/preview_talk_1.webp","https://files2.heygen.ai/avatar/v3/215cd27932924fccbc47142bd8f2e763_47240/preview_video_talk_1.mp4"
"Florin_Suit_Front_public","Florin Suit Front","male","False","https://files2.heygen.ai/avatar/v3/fb61612fe550432f8d77051767781048_47240/preview_target.webp","https://files2.heygen.ai/avatar/v3/fb61612fe550432f8d77051767781048_47240/preview_video_target.mp4"
"Florin_Suit_Side_2_public","Florin Suit Side 2","male","False","https://files2.heygen.ai/avatar/v3/0d93ce6bfb76485fb7cdf8cecada86ec_47250/preview_target.webp","https://files2.heygen.ai/avatar/v3/0d93ce6bfb76485fb7cdf8cecada86ec_47250/preview_video_target.mp4"
"Florin_Suit_Side_public","Florin Suit Side","male","False","https://files2.heygen.ai/avatar/v3/89cdfa4f4f754ff585e47a4f124f26bb_47250/preview_talk_2.webp","https://files2.heygen.ai/avatar/v3/89cdfa4f4f754ff585e47a4f124f26bb_47250/preview_video_talk_2.mp4"
"Francis_in_Blazer_Front","Francis in Blazer (Front)","male","False","https://files2.heygen.ai/avatar/v3/811f924027e4432dab06d4b2f47d8cc1_35230/preview_talk_1.webp","https://files2.heygen.ai/avatar/v3/811f924027e4432dab06d4b2f47d8cc1_35230/preview_video_talk_1.mp4"
"Francis_in_Blazer_Left","Francis in Blazer (Left)","male","False","https://files2.heygen.ai/avatar/v3/d04fefce25b94677b4b4a793d12e2c6f_35240/preview_talk_1.webp","https://files2.heygen.ai/avatar/v3/d04fefce25b94677b4b4a793d12e2c6f_35240/preview_video_talk_1.mp4"
"Francis_in_Blazer_Right","Francis in Blazer (Right)","male","False","https://files2.heygen.ai/avatar/v3/c0ec26484ee44784b79327627a127908_35250/preview_talk_1.webp","https://files2.heygen.ai/avatar/v3/c0ec26484ee44784b79327627a127908_35250/preview_video_talk_1.mp4"
"Francis_in_Doctor_Front","Francis in Doctor (Front)","male","False","https://files2.heygen.ai/avatar/v3/e7394dfe88e74f468eca3054a8cad2a1_35230/preview_talk_2.webp","https://files2.heygen.ai/avatar/v3/e7394dfe88e74f468eca3054a8cad2a1_35230/preview_video_talk_2.mp4"
"Francis_in_Doctor_Left","Francis in Doctor (Left)","male","False","https://files2.heygen.ai/avatar/v3/a16a917ce742404da06db49a9dd4f52d_35240/preview_talk_2.webp","https://files2.heygen.ai/avatar/v3/a16a917ce742404da06db49a9dd4f52d_35240/preview_video_talk_2.mp4"
"Francis_in_Doctor_Right","Francis in Doctor (Right)","male","False","https://files2.heygen.ai/avatar/v3/7344b244f0274501947605c5f694c021_35250/preview_talk_2.webp","https://files2.heygen.ai/avatar/v3/7344b244f0274501947605c5f694c021_35250/preview_video_talk_2.mp4"
"Francis_in_Shirt_Front","Francis in Shirt (Front)","male","False","https://files2.heygen.ai/avatar/v3/994f6d5fde7544ccb7dd22cf7640ab9d_35230/preview_target.webp","https://files2.heygen.ai/avatar/v3/994f6d5fde7544ccb7dd22cf7640ab9d_35230/preview_video_target.mp4"
"Francis_in_Shirt_Left","Francis in Shirt (Left)","male","False","https://files2.heygen.ai/avatar/v3/4d0eac4fe3444ac48ea15f71e09ec0f0_35240/preview_target.webp","https://files2.heygen.ai/avatar/v3/4d0eac4fe3444ac48ea15f71e09ec0f0_35240/preview_video_target.mp4"
"Francis_in_Shirt_Right","Francis in Shirt (Right)","male","False","https://files2.heygen.ai/avatar/v3/81d8cf20df564e7090b91c48a694b858_35250/preview_target.webp","https://files2.heygen.ai/avatar/v3/81d8cf20df564e7090b91c48a694b858_35250/preview_video_target.mp4"
"Fred_in_Blue_Long_Shirt_Front","Fred in Blue Long Shirt (Front)","male","False","https://files2.heygen.ai/avatar/v3/3c604d6632324854af8bb933d2359aa7_34930/preview_target.webp","https://files2.heygen.ai/avatar/v3/3c604d6632324854af8bb933d2359aa7_34930/preview_video_target.mp4"
"Fred_in_Blue_Long_Shirt_Left","Fred in Blue Long Shirt (Left)","male","False","https://files2.heygen.ai/avatar/v3/13e6f145706e457bb972b4b3e0009efd_34940/preview_target.webp","https://files2.heygen.ai/avatar/v3/13e6f145706e457bb972b4b3e0009efd_34940/preview_video_target.mp4"
"Fred_in_Blue_Long_Shirt_Right","Fred in Blue Long Shirt (Right)","male","False","https://files2.heygen.ai/avatar/v3/57730aa7292a4efa94de7347463f2618_34950/preview_target.webp","https://files2.heygen.ai/avatar/v3/57730aa7292a4efa94de7347463f2618_34950/preview_video_target.mp4"
"Fred_in_Blue_Short_Shirt_Front","Fred in Blue Short Shirt (Front)","male","False","https://files2.heygen.ai/avatar/v3/651c3060f1da41bf80e90b8c8fd9855a_34930/preview_talk_1.webp","https://files2.heygen.ai/avatar/v3/651c3060f1da41bf80e90b8c8fd9855a_34930/preview_video_talk_1.mp4"
"Fred_in_Blue_Short_Shirt_Left","Fred in Blue Short Shirt (Left)","male","False","https://files2.heygen.ai/avatar/v3/8fa0edf49fd84dd28f66302f768d9090_34940/preview_talk_1.webp","https://files2.heygen.ai/avatar/v3/8fa0edf49fd84dd28f66302f768d9090_34940/preview_video_talk_1.mp4"
"Fred_in_Blue_Short_Shirt_Right","Fred in Blue Short Shirt (Right)","male","False","https://files2.heygen.ai/avatar/v3/2400daae083f4139ae8fa3fb457f4bf7_34950/preview_talk_1.webp","https://files2.heygen.ai/avatar/v3/2400daae083f4139ae8fa3fb457f4bf7_34950/preview_video_talk_1.mp4"
"Freja_public_3","Freja in Blue blazer","female","False","https://files2.heygen.ai/avatar/v3/b7812852b40b4959ae179785716675d8_62470/preview_target.webp","https://files2.heygen.ai/avatar/v3/b7812852b40b4959ae179785716675d8_62470/preview_video_target.mp4"
"Freja_public_6","Freja in Grey blazer","female","False","https://files2.heygen.ai/avatar/v3/c85726249c114102ba83a6393b1b156d_62620/preview_target.webp","https://files2.heygen.ai/avatar/v3/c85726249c114102ba83a6393b1b156d_62620/preview_video_target.mp4"
"Freja_public_1","Freja in White blazer","female","False","https://files2.heygen.ai/avatar/v3/5ea97a1a6cbf4a96b5ee910aa8f4f08d_62450/preview_target.webp","https://files2.heygen.ai/avatar/v3/5ea97a1a6cbf4a96b5ee910aa8f4f08d_62450/preview_video_target.mp4"
"Freja_public_5","Freja in White polo shirt","female","False","https://files2.heygen.ai/avatar/v3/b1f5b0234ed945c0b85b12ee2e5398f7_62490/preview_target.webp","https://files2.heygen.ai/avatar/v3/b1f5b0234ed945c0b85b12ee2e5398f7_62490/preview_video_target.mp4"
"Freja_public_2","Freja in White shirt","female","False","https://files2.heygen.ai/avatar/v3/906c7edb89dc47ac9a73fc8e07f18b30_62460/preview_target.webp","https://files2.heygen.ai/avatar/v3/906c7edb89dc47ac9a73fc8e07f18b30_62460/preview_video_target.mp4"
"Gabriel_public_2_20240308","Gabriel in Black Sweatshirt","male","False","https://files2.heygen.ai/avatar/v3/cad18b5267ef4f2299bb14b0dedf7987_17230/preview_talk_2.webp","https://files2.heygen.ai/avatar/v3/cad18b5267ef4f2299bb14b0dedf7987_17230/preview_video_talk_2.mp4"
"Gabriel_public_20240308","Gabriel in Blue Suit","male","False","https://files2.heygen.ai/avatar/v3/d977251fe0944f579eae1c40f4350909_17230/preview_talk_5.webp","https://files2.heygen.ai/avatar/v3/d977251fe0944f579eae1c40f4350909_17230/preview_video_talk_5.mp4"
"Gabriel_public_3_20240308","Gabriel in Gray Shirt","male","False","https://files2.heygen.ai/avatar/v3/b35452c5e5dd469d90502860e8e411d6_17230/preview_talk_1.webp","https://files2.heygen.ai/avatar/v3/b35452c5e5dd469d90502860e8e411d6_17230/preview_video_talk_1.mp4"
"Gala_lying_bedroom_front","Gala Bedroom Front","female","False","https://files2.heygen.ai/avatar/v3/a58cfb99694d483ea8d84dad75e67312_38970/preview_talk_3.webp","https://files2.heygen.ai/avatar/v3/a58cfb99694d483ea8d84dad75e67312_38970/preview_video_talk_3.mp4"
"Gala_standing_businesssofa_front_close","Gala Business Sofa Front 2","female","False","https://files2.heygen.ai/avatar/v3/8352487eb0e846449665f25823c2ea0a_38970/preview_talk_1.webp","https://files2.heygen.ai/avatar/v3/8352487eb0e846449665f25823c2ea0a_38970/preview_video_talk_1.mp4"
"Gala_sitting_businesssofa_front","Gala Business Sofa Front 3","female","False","https://files2.heygen.ai/avatar/v3/d56a50a2f56f47798d25a3ad193b911f_38970/preview_talk_10.webp","https://files2.heygen.ai/avatar/v3/d56a50a2f56f47798d25a3ad193b911f_38970/preview_video_talk_10.mp4"
"Gala_standing_businesssofa_front","Gala Business Sofa Front","female","False","https://files2.heygen.ai/avatar/v3/96a78a5d17d04e75adc4b53a89eb3fe4_38970/preview_talk_7.webp","https://files2.heygen.ai/avatar/v3/96a78a5d17d04e75adc4b53a89eb3fe4_38970/preview_video_talk_7.mp4"
"Gala_standing_businesssofa_side_close","Gala Business Sofa Side 2","female","False","https://files2.heygen.ai/avatar/v3/357be7ac0ca94cf3a306b5d059f30dde_39000/preview_target.webp","https://files2.heygen.ai/avatar/v3/357be7ac0ca94cf3a306b5d059f30dde_39000/preview_video_target.mp4"
"Gala_sitting_businesssofa_side","Gala Business Sofa Side 3","female","False","https://files2.heygen.ai/avatar/v3/73a764d526b7473982e6df730298ce93_39000/preview_talk_2.webp","https://files2.heygen.ai/avatar/v3/73a764d526b7473982e6df730298ce93_39000/preview_video_talk_2.mp4"
"Gala_standing_businesssofa_side","Gala Business Sofa Side","female","False","https://files2.heygen.ai/avatar/v3/b2fe3f146ffe40f995e2d70429e1d48a_39000/preview_talk_1.webp","https://files2.heygen.ai/avatar/v3/b2fe3f146ffe40f995e2d70429e1d48a_39000/preview_video_talk_1.mp4"
"Gala_sitting_casualsofawithipad_front","Gala Casual Sofa with iPad Front","female","False","https://files2.heygen.ai/avatar/v3/2114731c94764e489ccbb735d0ea454b_38970/preview_target.webp","https://files2.heygen.ai/avatar/v3/2114731c94764e489ccbb735d0ea454b_38970/preview_video_target.mp4"
"Gala_sitting_casualsofawithipad_side_close","Gala Casual Sofa with iPad Side 2","female","False","https://files2.heygen.ai/avatar/v3/c3c5a973ecf744f2bc29652c01ee9ecb_39000/preview_talk_10.webp","https://files2.heygen.ai/avatar/v3/c3c5a973ecf744f2bc29652c01ee9ecb_39000/preview_video_talk_10.mp4"
"Gala_sitting_casualsofawithipad_side","Gala Casual Sofa with iPad Side","female","False","https://files2.heygen.ai/avatar/v3/3ee7c7d8354940539ed6fbd0d326de44_39000/preview_talk_6.webp","https://files2.heygen.ai/avatar/v3/3ee7c7d8354940539ed6fbd0d326de44_39000/preview_video_talk_6.mp4"
"Gala_sitting_office_front","Gala Office Front","female","False","https://files2.heygen.ai/avatar/v3/025975fe53df4ae3bcb08e98ef7ce01c_38970/preview_talk_12.webp","https://files2.heygen.ai/avatar/v3/025975fe53df4ae3bcb08e98ef7ce01c_38970/preview_video_talk_12.mp4"
"Gala_sitting_office_side","Gala Office Side","female","False","https://files2.heygen.ai/avatar/v3/2de6815b4d0d4b388e42c1640ac596b5_39000/preview_talk_3.webp","https://files2.heygen.ai/avatar/v3/2de6815b4d0d4b388e42c1640ac596b5_39000/preview_video_talk_3.mp4"
"Gala_sitting_sofa_front_close","Gala Sofa Front 2","female","False","https://files2.heygen.ai/avatar/v3/59efeb8f6b244693bd9d60f2094c8e4e_38970/preview_talk_6.webp","https://files2.heygen.ai/avatar/v3/59efeb8f6b244693bd9d60f2094c8e4e_38970/preview_video_talk_6.mp4"
"Gala_lying_sofa_front","Gala Sofa Front 3","female","False","https://files2.heygen.ai/avatar/v3/33bb4fd328e447f38484e426b43424cb_38970/preview_talk_2.webp","https://files2.heygen.ai/avatar/v3/33bb4fd328e447f38484e426b43424cb_38970/preview_video_talk_2.mp4"
"Gala_sitting_sofa_front","Gala Sofa Front","female","False","https://files2.heygen.ai/avatar/v3/babf386c73c541169ba57087cc1c4cd7_38970/preview_talk_4.webp","https://files2.heygen.ai/avatar/v3/babf386c73c541169ba57087cc1c4cd7_38970/preview_video_talk_4.mp4"
"Gala_sitting_sofa_side_close","Gala Sofa Side 2","female","False","https://files2.heygen.ai/avatar/v3/4b03062d8e0548afa00afd8079bcf192_39000/preview_talk_8.webp","https://files2.heygen.ai/avatar/v3/4b03062d8e0548afa00afd8079bcf192_39000/preview_video_talk_8.mp4"
"Gala_lying_sofa_side","Gala Sofa Side 3","female","False","https://files2.heygen.ai/avatar/v3/d090c9b5f58d4e81a54b9abaf020a3ef_39000/preview_talk_4.webp","https://files2.heygen.ai/avatar/v3/d090c9b5f58d4e81a54b9abaf020a3ef_39000/preview_video_talk_4.mp4"
"Gala_sitting_sofa_side","Gala Sofa Side","female","False","https://files2.heygen.ai/avatar/v3/ea6b1f336a8247caadb29d920c959ce0_39000/preview_talk_7.webp","https://files2.heygen.ai/avatar/v3/ea6b1f336a8247caadb29d920c959ce0_39000/preview_video_talk_7.mp4"
"Georgia_expressive_2024112701","Georgia (Upper Body)","female","False","https://files2.heygen.ai/avatar/v3/96a3bee923cd4d518963b1782ee18df3_44380/preview_talk_1.webp","https://files2.heygen.ai/avatar/v3/96a3bee923cd4d518963b1782ee18df3_44380/preview_video_talk_1.mp4"
"Georgia_standing_casual_front","Georgia Casual Front","female","False","https://files2.heygen.ai/avatar/v3/767af13a47a1455da7d18b7e5de39eea_39190/preview_talk_1.webp","https://files2.heygen.ai/avatar/v3/767af13a47a1455da7d18b7e5de39eea_39190/preview_video_talk_1.mp4"
"Georgia_standing_casual_side","Georgia Casual Side","female","False","https://files2.heygen.ai/avatar/v3/a648cceba67144efb80c0ea0df164e48_39210/preview_target.webp","https://files2.heygen.ai/avatar/v3/a648cceba67144efb80c0ea0df164e48_39210/preview_video_target.mp4"
"Georgia_sitting_office_front","Georgia Office Front","female","False","https://files2.heygen.ai/avatar/v3/26c9a98335d7429da6ed3215d961e080_39190/preview_target.webp","https://files2.heygen.ai/avatar/v3/26c9a98335d7429da6ed3215d961e080_39190/preview_video_target.mp4"
"Georgia_sitting_office_side","Georgia Office Side","female","False","https://files2.heygen.ai/avatar/v3/0f3cc005468d46df823f9d946312cc16_39200/preview_target.webp","https://files2.heygen.ai/avatar/v3/0f3cc005468d46df823f9d946312cc16_39200/preview_video_target.mp4"
"Gerardo_sitting_sofa_side","Gerardo Sofa Side","male","False","https://files2.heygen.ai/avatar/v3/f0da8faf4b30419487dbee70d86e4a12_39690/preview_target.webp","https://files2.heygen.ai/avatar/v3/f0da8faf4b30419487dbee70d86e4a12_39690/preview_video_target.mp4"
"Gerardo_sitting_indoor_front","Gerardo Indoor Front","male","False","https://files2.heygen.ai/avatar/v3/70ad59514ade40fb96740b0f2ce14304_39510/preview_target.webp","https://files2.heygen.ai/avatar/v3/70ad59514ade40fb96740b0f2ce14304_39510/preview_video_target.mp4"
"Gerardo_sitting_indoor_side","Gerardo Indoor Side","male","False","https://files2.heygen.ai/avatar/v3/cbf90618ebd34cc6b8308f5cf59cb995_39620/preview_target.webp","https://files2.heygen.ai/avatar/v3/cbf90618ebd34cc6b8308f5cf59cb995_39620/preview_video_target.mp4"
"Gerardo_standing_nightscene2_front","Gerardo Night Scene Front 2","male","False","https://files2.heygen.ai/avatar/v3/0cd9d7795dba4acca0982dc5a59a5975_39560/preview_target.webp","https://files2.heygen.ai/avatar/v3/0cd9d7795dba4acca0982dc5a59a5975_39560/preview_video_target.mp4"
"Gerardo_standing_nightscene_front","Gerardo Night Scene Front","male","False","https://files2.heygen.ai/avatar/v3/11af9745b4fb470bad72bf5496a12007_39550/preview_target.webp","https://files2.heygen.ai/avatar/v3/11af9745b4fb470bad72bf5496a12007_39550/preview_video_target.mp4"
"Gerardo_standing_outdoorsport_front","Gerardo Outdoor Sport Front","male","False","https://files2.heygen.ai/avatar/v3/ee7686e267ba4af2a6eec2fe349ed6a1_39410/preview_target.webp","https://files2.heygen.ai/avatar/v3/ee7686e267ba4af2a6eec2fe349ed6a1_39410/preview_video_target.mp4"
"Gerardo_standing_outdoorsport_side","Gerardo Outdoor Sport Side","male","False","https://files2.heygen.ai/avatar/v3/c6f043fd0c804e83944a732d8af5d329_39490/preview_target.webp","https://files2.heygen.ai/avatar/v3/c6f043fd0c804e83944a732d8af5d329_39490/preview_video_target.mp4"
"Gerardo_sitting_sofa_front","Gerardo Sofa Front","male","False","https://files2.heygen.ai/avatar/v3/64e4d35dddc54c92a98328cd2a921bb2_39600/preview_target.webp","https://files2.heygen.ai/avatar/v3/64e4d35dddc54c92a98328cd2a921bb2_39600/preview_video_target.mp4"
"Giulia_standing_office_front","Giulia Office Front 2","female","False","https://files2.heygen.ai/avatar/v3/80f65ad6ce5f4e85b3489a663008b130_37440/preview_talk_1.webp","https://files2.heygen.ai/avatar/v3/80f65ad6ce5f4e85b3489a663008b130_37440/preview_video_talk_1.mp4"
"Giulia_sitting_office_front","Giulia Office Front","female","False","https://files2.heygen.ai/avatar/v3/9d6af555388045e2bd0613321b815ef3_37440/preview_target.webp","https://files2.heygen.ai/avatar/v3/9d6af555388045e2bd0613321b815ef3_37440/preview_video_target.mp4"
"Giulia_standing_office_side","Giulia Office Side 2","female","False","https://files2.heygen.ai/avatar/v3/7b651f125d7a444f805fe650e6d8cae3_37450/preview_talk_1.webp","https://files2.heygen.ai/avatar/v3/7b651f125d7a444f805fe650e6d8cae3_37450/preview_video_talk_1.mp4"
"Giulia_sitting_office_side","Giulia Office Side","female","False","https://files2.heygen.ai/avatar/v3/4548d30469b4469bbf3778d603d502f9_37450/preview_target.webp","https://files2.heygen.ai/avatar/v3/4548d30469b4469bbf3778d603d502f9_37450/preview_video_target.mp4"
"Giulia_sitting_sofa_front","Giulia Sofa Front","female","False","https://files2.heygen.ai/avatar/v3/c120df50527f4a8e93f2d6fab98aa335_37400/preview_target.webp","https://files2.heygen.ai/avatar/v3/c120df50527f4a8e93f2d6fab98aa335_37400/preview_video_target.mp4"
"Giulia_sitting_sofa_side","Giulia Sofa Side","female","False","https://files2.heygen.ai/avatar/v3/5e60879e278a42a8a8bd1850aab6dff9_37410/preview_target.webp","https://files2.heygen.ai/avatar/v3/5e60879e278a42a8a8bd1850aab6dff9_37410/preview_video_target.mp4"
"Giulia_standing_sofa_front","Giulia Sofa  Front 2","female","False","https://files2.heygen.ai/avatar/v3/b0f22026f8ae46db8099bd02e3472977_37400/preview_talk_1.webp","https://files2.heygen.ai/avatar/v3/b0f22026f8ae46db8099bd02e3472977_37400/preview_video_talk_1.mp4"
"Giulia_standing_sofa_side","Giulia Sofa  Side 3","female","False","https://files2.heygen.ai/avatar/v3/55854c68aff34a2c8da13df11ff354c2_37410/preview_talk_1.webp","https://files2.heygen.ai/avatar/v3/55854c68aff34a2c8da13df11ff354c2_37410/preview_video_talk_1.mp4"
"Hada_Casual_Cup_Front_public","Hada Casual Cup Front","female","False","https://files2.heygen.ai/avatar/v3/4e16ac8a870c4235aaed50ce2db3158e_44180/preview_talk_2.webp","https://files2.heygen.ai/avatar/v3/4e16ac8a870c4235aaed50ce2db3158e_44180/preview_video_talk_2.mp4"
"Hada_Casual_Cup_Side_public","Hada Casual Cup Side","female","False","https://files2.heygen.ai/avatar/v3/a4a9f7552e2048f1a0a2af80691c8e2c_44190/preview_talk_1.webp","https://files2.heygen.ai/avatar/v3/a4a9f7552e2048f1a0a2af80691c8e2c_44190/preview_video_talk_1.mp4"
"Hada_Casual_Front_public","Hada Casual Front","female","False","https://files2.heygen.ai/avatar/v3/18d30133b9b942c18e441261118acb4a_44180/preview_target.webp","https://files2.heygen.ai/avatar/v3/18d30133b9b942c18e441261118acb4a_44180/preview_video_target.mp4"
"Hada_Casual_Side_public","Hada Casual Side","female","False","https://files2.heygen.ai/avatar/v3/1c3787bed85043a994220f22dd6b7b5e_45000/preview_target.webp","https://files2.heygen.ai/avatar/v3/1c3787bed85043a994220f22dd6b7b5e_45000/preview_video_target.mp4"
"Hada_Casual_Sitting_Front_2_public","Hada Casual Sitting Front 2","female","False","https://files2.heygen.ai/avatar/v3/703b1aa602534a5f8f5ee01860acfe51_44180/preview_talk_1.webp","https://files2.heygen.ai/avatar/v3/703b1aa602534a5f8f5ee01860acfe51_44180/preview_video_talk_1.mp4"
"Hada_Casual_Sitting_Front_public","Hada Casual Sitting Front","female","False","https://files2.heygen.ai/avatar/v3/d6ccc751de604ca8ba437b60a86f35de_44990/preview_target.webp","https://files2.heygen.ai/avatar/v3/d6ccc751de604ca8ba437b60a86f35de_44990/preview_video_target.mp4"
"Hada_Casual_Sitting_Side_2_public","Hada Casual Sitting Side 2","female","False","https://files2.heygen.ai/avatar/v3/9fa3a0b039c04c298ec879e61d792ef1_44190/preview_talk_2.webp","https://files2.heygen.ai/avatar/v3/9fa3a0b039c04c298ec879e61d792ef1_44190/preview_video_talk_2.mp4"
"Hada_Casual_Sitting_Side_public","Hada Casual Sitting Side","female","False","https://files2.heygen.ai/avatar/v3/711d72691ab64e99a76616e3b3f631f7_44190/preview_target.webp","https://files2.heygen.ai/avatar/v3/711d72691ab64e99a76616e3b3f631f7_44190/preview_video_target.mp4"
"Hada_LivelyGestures_Front_public","Hada LivelyGestures Front","female","False","https://files2.heygen.ai/avatar/v3/c917762dec9a4db6b0ee92b69bc14a93_45020/preview_target.webp","https://files2.heygen.ai/avatar/v3/c917762dec9a4db6b0ee92b69bc14a93_45020/preview_video_target.mp4"
"Hada_LivelyGestures_Side_public","Hada LivelyGestures Side","female","False","https://files2.heygen.ai/avatar/v3/26e4b9c25df84940bd1d8829a89f54e4_45010/preview_target.webp","https://files2.heygen.ai/avatar/v3/26e4b9c25df84940bd1d8829a89f54e4_45010/preview_video_target.mp4"
"Hada_LivelyGestures_Sitting_Front_public","Hada LivelyGestures Sitting Front","female","False","https://files2.heygen.ai/avatar/v3/8f58bdbeedb74bf5b827097852d13432_45780/preview_target.webp","https://files2.heygen.ai/avatar/v3/8f58bdbeedb74bf5b827097852d13432_45780/preview_video_target.mp4"
"Hada_LivelyGestures_Sitting_Side_public","Hada LivelyGestures Sitting Side","female","False","https://files2.heygen.ai/avatar/v3/3c9fc1cc2b4f4b8eb4429438bdd1f054_45790/preview_target.webp","https://files2.heygen.ai/avatar/v3/3c9fc1cc2b4f4b8eb4429438bdd1f054_45790/preview_video_target.mp4"
"Hada_Suit_Front_2_public","Hada Suit Front 2","female","False","https://files2.heygen.ai/avatar/v3/c3b773fd6744488886fd26ffedffcc34_43300/preview_talk_1.webp","https://files2.heygen.ai/avatar/v3/c3b773fd6744488886fd26ffedffcc34_43300/preview_video_talk_1.mp4"
"Hada_Suit_Front_public","Hada Suit Front","female","False","https://files2.heygen.ai/avatar/v3/b067ea74fb7848e49ed1fde8ceb2e710_43300/preview_talk_2.webp","https://files2.heygen.ai/avatar/v3/b067ea74fb7848e49ed1fde8ceb2e710_43300/preview_video_talk_2.mp4"
"Hada_Suit_Side2_public","Hada Suit Side 2","female","False","https://files2.heygen.ai/avatar/v3/1110ae32c5e14ff3bd15c25aa9ddae80_42510/preview_talk_4.webp","https://files2.heygen.ai/avatar/v3/1110ae32c5e14ff3bd15c25aa9ddae80_42510/preview_video_talk_4.mp4"
"Hada_Suit_Side_public","Hada Suit Side","female","False","https://files2.heygen.ai/avatar/v3/ff03ea60b2984ae3a14bba341d0178db_42510/preview_target.webp","https://files2.heygen.ai/avatar/v3/ff03ea60b2984ae3a14bba341d0178db_42510/preview_video_target.mp4"
"Hada_Suit_Sitting_Front_2_public","Hada Suit Sitting Front 2","female","False","https://files2.heygen.ai/avatar/v3/c0d0ac2b731941efae72f63f3c9d18bc_43300/preview_target.webp","https://files2.heygen.ai/avatar/v3/c0d0ac2b731941efae72f63f3c9d18bc_43300/preview_video_target.mp4"
"Hada_Suit_Sitting_Front_public","Hada Suit Sitting Front","female","False","https://files2.heygen.ai/avatar/v3/ae0df3236f904dff8874014cb4b618d3_42510/preview_talk_2.webp","https://files2.heygen.ai/avatar/v3/ae0df3236f904dff8874014cb4b618d3_42510/preview_video_talk_2.mp4"
"Hada_Suit_Sitting_Side_public","Hada Suit Sitting Side","female","False","https://files2.heygen.ai/avatar/v3/662dc6736d624041bba54b818dcdf61e_42510/preview_talk_1.webp","https://files2.heygen.ai/avatar/v3/662dc6736d624041bba54b818dcdf61e_42510/preview_video_talk_1.mp4"
"Harrison_public_2_20240313","Harrison in Black Suit","male","False","https://files2.heygen.ai/avatar/v3/8ad113a9695d472ea8d825c41bdbbf04_15060/preview_target.webp","https://files2.heygen.ai/avatar/v3/8ad113a9695d472ea8d825c41bdbbf04_15060/preview_video_target.mp4"
"Harrison_public_20240313","Harrison in Gray Suit","male","False","https://files2.heygen.ai/avatar/v3/d0989ba9890542e7b88b8939392eb93b_15060/preview_talk_4.webp","https://files2.heygen.ai/avatar/v3/d0989ba9890542e7b88b8939392eb93b_15060/preview_video_talk_4.mp4"
"Harrison_public_3_20240313","Harrison in White Shirt","male","False","https://files2.heygen.ai/avatar/v3/cca5c6471a834e05b11056261082b22d_15060/preview_talk_2.webp","https://files2.heygen.ai/avatar/v3/cca5c6471a834e05b11056261082b22d_15060/preview_video_talk_2.mp4"
"Ian_public_3_20240315","Ian in Beige Shirt","male","False","https://files2.heygen.ai/avatar/v3/038552b4f7d647bb8ae98c7663d7b83e_15054/preview_talk_3.webp","https://files2.heygen.ai/avatar/v3/038552b4f7d647bb8ae98c7663d7b83e_15054/preview_video_talk_3.mp4"
"Ian_public_2_20240315","Ian in Black Jacket","male","False","https://files2.heygen.ai/avatar/v3/ebcd9c44cdb4424680c739d82d97d019_15054/preview_talk_1.webp","https://files2.heygen.ai/avatar/v3/ebcd9c44cdb4424680c739d82d97d019_15054/preview_video_talk_1.mp4"
"Ian_public_20240315","Ian in Gray Suit","male","False","https://files2.heygen.ai/avatar/v3/e652fd9e04c243dda50e0b77a3b03198_15054/preview_talk_4.webp","https://files2.heygen.ai/avatar/v3/e652fd9e04c243dda50e0b77a3b03198_15054/preview_video_talk_4.mp4"
"Ida_sitting_lounge_front","Ida Lounge Front 2","female","False","https://files2.heygen.ai/avatar/v3/9b3158190121468c92b74fd59cb2a349_38110/preview_talk_1.webp","https://files2.heygen.ai/avatar/v3/9b3158190121468c92b74fd59cb2a349_38110/preview_video_talk_1.mp4"
"Ida_standing_lounge_front","Ida Lounge Front","female","False","https://files2.heygen.ai/avatar/v3/6f8a40c394b547339572c92540cf1f70_38110/preview_target.webp","https://files2.heygen.ai/avatar/v3/6f8a40c394b547339572c92540cf1f70_38110/preview_video_target.mp4"
"Ida_sitting_lounge_side","Ida Lounge Side 2","female","False","https://files2.heygen.ai/avatar/v3/01abf34f669e46f6b63816a3b4db8c2b_38120/preview_talk_1.webp","https://files2.heygen.ai/avatar/v3/01abf34f669e46f6b63816a3b4db8c2b_38120/preview_video_talk_1.mp4"
"Ida_standing_lounge_side","Ida Lounge Side","female","False","https://files2.heygen.ai/avatar/v3/cdeafe31b47a406da4ef31f631b9237e_38120/preview_target.webp","https://files2.heygen.ai/avatar/v3/cdeafe31b47a406da4ef31f631b9237e_38120/preview_video_target.mp4"
"Ida_standing_sofa_front","Ida Sofa Front 2","female","False","https://files2.heygen.ai/avatar/v3/3968fde1e2ab4cccaf79bae77e7b7387_37940/preview_target.webp","https://files2.heygen.ai/avatar/v3/3968fde1e2ab4cccaf79bae77e7b7387_37940/preview_video_target.mp4"
"Ida_sitting_sofa_front","Ida Sofa Front","female","False","https://files2.heygen.ai/avatar/v3/d70b6fe0626f44069a393baa6ede6315_37940/preview_talk_1.webp","https://files2.heygen.ai/avatar/v3/d70b6fe0626f44069a393baa6ede6315_37940/preview_video_talk_1.mp4"
"Ida_standing_sofa_side","Ida Sofa Side 2","female","False","https://files2.heygen.ai/avatar/v3/591c6df250d042fc907365186511eed4_37950/preview_target.webp","https://files2.heygen.ai/avatar/v3/591c6df250d042fc907365186511eed4_37950/preview_video_target.mp4"
"Ida_sitting_sofa_side","Ida Sofa Side","female","False","https://files2.heygen.ai/avatar/v3/d4430f0a543f493f92339928fb3cad37_37960/preview_target.webp","https://files2.heygen.ai/avatar/v3/d4430f0a543f493f92339928fb3cad37_37960/preview_video_target.mp4"
"Iker_public_5","Iker in Almond sweater","male","False","https://files2.heygen.ai/avatar/v3/304c9a93f4a241e78b0b660a9333429a_61730/preview_target.webp","https://files2.heygen.ai/avatar/v3/304c9a93f4a241e78b0b660a9333429a_61730/preview_video_target.mp4"
"Iker_public_1","Iker in Black blazer","male","False","https://files2.heygen.ai/avatar/v3/868ae49a6a114b7da763734935cc3e13_61690/preview_target.webp","https://files2.heygen.ai/avatar/v3/868ae49a6a114b7da763734935cc3e13_61690/preview_video_target.mp4"
"Iker_public_2","Iker in Blue shirt","male","False","https://files2.heygen.ai/avatar/v3/0dc47d6a8140408abe6401706b44199f_61700/preview_target.webp","https://files2.heygen.ai/avatar/v3/0dc47d6a8140408abe6401706b44199f_61700/preview_video_target.mp4"
"Iker_public_4","Iker in Grey blazer","male","False","https://files2.heygen.ai/avatar/v3/8c9dd475495a4d20b86e7ca4fc76c41b_61720/preview_target.webp","https://files2.heygen.ai/avatar/v3/8c9dd475495a4d20b86e7ca4fc76c41b_61720/preview_video_target.mp4"
"Iker_public_3","Iker in White shirt","male","False","https://files2.heygen.ai/avatar/v3/fbf1b2b23d1846d48b5d5a8373367c33_61710/preview_target.webp","https://files2.heygen.ai/avatar/v3/fbf1b2b23d1846d48b5d5a8373367c33_61710/preview_video_target.mp4"
"Imelda_BizTalk_Front_public","Imelda BizTalk Front","female","False","https://files2.heygen.ai/avatar/v3/189ce28f3ee34165930055c25a21ef15_47490/preview_target.webp","https://files2.heygen.ai/avatar/v3/189ce28f3ee34165930055c25a21ef15_47490/preview_video_target.mp4"
"Imelda_BizTalk_Side_public","Imelda BizTalk Side","female","False","https://files2.heygen.ai/avatar/v3/683bc8e6662b41d4b2c02a3d91247d5d_47500/preview_target.webp","https://files2.heygen.ai/avatar/v3/683bc8e6662b41d4b2c02a3d91247d5d_47500/preview_video_target.mp4"
"Imelda_Business_Front_public","Imelda Business Front","female","False","https://files2.heygen.ai/avatar/v3/ef7684d3ba9c46ca8b86393432d90e72_47370/preview_target.webp","https://files2.heygen.ai/avatar/v3/ef7684d3ba9c46ca8b86393432d90e72_47370/preview_video_target.mp4"
"Imelda_Business_Side_public","Imelda Business Side","female","False","https://files2.heygen.ai/avatar/v3/1574caab00294ceab1cc027eceddda3a_47380/preview_target.webp","https://files2.heygen.ai/avatar/v3/1574caab00294ceab1cc027eceddda3a_47380/preview_video_target.mp4"
"Imelda_Business_Sitting_Front_2_public","Imelda Business Sitting Front 2","female","False","https://files2.heygen.ai/avatar/v3/8f40fddd75bd49b89a289d31a155ade6_47370/preview_talk_3.webp","https://files2.heygen.ai/avatar/v3/8f40fddd75bd49b89a289d31a155ade6_47370/preview_video_talk_3.mp4"
"Imelda_Business_Sitting_Front_public","Imelda Business Sitting Front","female","False","https://files2.heygen.ai/avatar/v3/40fa1765701247d68739098e106bde91_47370/preview_talk_4.webp","https://files2.heygen.ai/avatar/v3/40fa1765701247d68739098e106bde91_47370/preview_video_talk_4.mp4"
"Imelda_Business_Sitting_Side_2_public","Imelda Business Sitting Side 2","female","False","https://files2.heygen.ai/avatar/v3/75591308ed8146bc83eba3469cac4455_47390/preview_talk_2.webp","https://files2.heygen.ai/avatar/v3/75591308ed8146bc83eba3469cac4455_47390/preview_video_talk_2.mp4"
"Imelda_Business_Sitting_Side_public","Imelda Business Sitting Side","female","False","https://files2.heygen.ai/avatar/v3/b8ef7ec09e5c4887aa0838d8e45a4cf5_47390/preview_talk_1.webp","https://files2.heygen.ai/avatar/v3/b8ef7ec09e5c4887aa0838d8e45a4cf5_47390/preview_video_talk_1.mp4"
"Imelda_Casual_Front_public","Imelda Casual Front","female","False","https://files2.heygen.ai/avatar/v3/099f6e2117f8423797f7cbd9f1bd8178_47370/preview_talk_2.webp","https://files2.heygen.ai/avatar/v3/099f6e2117f8423797f7cbd9f1bd8178_47370/preview_video_talk_2.mp4"
"Imelda_Casual_Side_public","Imelda Casual Side","female","False","https://files2.heygen.ai/avatar/v3/e4289af9992e4abfaca282f5eda61bf4_47390/preview_target.webp","https://files2.heygen.ai/avatar/v3/e4289af9992e4abfaca282f5eda61bf4_47390/preview_video_target.mp4"
"Imelda_Coat_Front_2_public","Imelda Coat Front 2","female","False","https://files2.heygen.ai/avatar/v3/c268c69724b742689233bfbab7e615da_47360/preview_target.webp","https://files2.heygen.ai/avatar/v3/c268c69724b742689233bfbab7e615da_47360/preview_video_target.mp4"
"Imelda_Coat_Front_public","Imelda Coat Front","female","False","https://files2.heygen.ai/avatar/v3/07df34eaa6db47de83105a11807ef45d_47360/preview_talk_1.webp","https://files2.heygen.ai/avatar/v3/07df34eaa6db47de83105a11807ef45d_47360/preview_video_talk_1.mp4"
"Imelda_Coat_Side_public","Imelda Coat Side","female","False","https://files2.heygen.ai/avatar/v3/3db20b2382534622868aa8034d2f8025_47350/preview_talk_2.webp","https://files2.heygen.ai/avatar/v3/3db20b2382534622868aa8034d2f8025_47350/preview_video_talk_2.mp4"
"Imelda_Customer_Support_Front_public","Imelda Customer Support Front","female","False","https://files2.heygen.ai/avatar/v3/f930e659ce0e446fa9f64c3058df5f77_47370/preview_talk_1.webp","https://files2.heygen.ai/avatar/v3/f930e659ce0e446fa9f64c3058df5f77_47370/preview_video_talk_1.mp4"
"Imelda_Customer_Support_Side_public","Imelda Customer Support Side","female","False","https://files2.heygen.ai/avatar/v3/e111c586d575485681d656c683e51c9a_47380/preview_talk_1.webp","https://files2.heygen.ai/avatar/v3/e111c586d575485681d656c683e51c9a_47380/preview_video_talk_1.mp4"
"Imelda_Full_Side_public","Imelda Full Side ","female","False","https://files2.heygen.ai/avatar/v3/a9b00953974a4da3a400e3d325b9a74e_47840/preview_target.webp","https://files2.heygen.ai/avatar/v3/a9b00953974a4da3a400e3d325b9a74e_47840/preview_video_target.mp4"
"Imelda_Suit_Front_public","Imelda Suit Front","female","False","https://files2.heygen.ai/avatar/v3/0fc90cad006e409a916e54c21a258b8b_47820/preview_target.webp","https://files2.heygen.ai/avatar/v3/0fc90cad006e409a916e54c21a258b8b_47820/preview_video_target.mp4"
"Imelda_Suit_Side_public","Imelda Suit Side","female","False","https://files2.heygen.ai/avatar/v3/955b1dcde3ba481d914b0086cc54e1cf_47850/preview_target.webp","https://files2.heygen.ai/avatar/v3/955b1dcde3ba481d914b0086cc54e1cf_47850/preview_video_target.mp4"
"Ivan_public_20240312","Ivan in Black Suit","male","False","https://files2.heygen.ai/avatar/v3/7e2c41a638174c099ada043b4c03e351_14903/preview_target.webp","https://files2.heygen.ai/avatar/v3/7e2c41a638174c099ada043b4c03e351_14903/preview_video_target.mp4"
"Ivan_public_3_20240312","Ivan in Gary Suit","male","False","https://files2.heygen.ai/avatar/v3/7d7e75a13e2149769093feccebc765de_14903/preview_talk_2.webp","https://files2.heygen.ai/avatar/v3/7d7e75a13e2149769093feccebc765de_14903/preview_video_talk_2.mp4"
"Ivan_public_2_20240312","Ivan in Suit","male","False","https://files2.heygen.ai/avatar/v3/edbc3c434aa64141beb3e6b20602d781_14903/preview_talk_1.webp","https://files2.heygen.ai/avatar/v3/edbc3c434aa64141beb3e6b20602d781_14903/preview_video_talk_1.mp4"
"Ivan_public_4_20240312","Ivan in Sweater","male","False","https://files2.heygen.ai/avatar/v3/835cf0a1642c4e8e92d206ea277920e1_14903/preview_talk_5.webp","https://files2.heygen.ai/avatar/v3/835cf0a1642c4e8e92d206ea277920e1_14903/preview_video_talk_5.mp4"
"Jason_public_2_20240312","Jason in Black Jacket","male","False","https://files2.heygen.ai/avatar/v3/21374cc61f4c4a81971088ea00bbfd1f_15009/preview_target.webp","https://files2.heygen.ai/avatar/v3/21374cc61f4c4a81971088ea00bbfd1f_15009/preview_video_target.mp4"
"Jason_public_3_20240312","Jason in Blue Suit","male","False","https://files2.heygen.ai/avatar/v3/0622907387de443193028d6f055a1343_15009/preview_talk_4.webp","https://files2.heygen.ai/avatar/v3/0622907387de443193028d6f055a1343_15009/preview_video_talk_4.mp4"
"Jason_public_20240312","Jason in Gray Shirt","male","False","https://files2.heygen.ai/avatar/v3/7315c3664db441a48a19d55ef80c0cac_15009/preview_talk_2.webp","https://files2.heygen.ai/avatar/v3/7315c3664db441a48a19d55ef80c0cac_15009/preview_video_talk_2.mp4"
"Javi_Intense_Sitting_Speaking_Front_public","Javi Intense Sitting Speaking Front","male","False","https://files2.heygen.ai/avatar/v3/312bf2c4cf0b4bdbb4fafd980d81d9b0_45410/preview_target.webp","https://files2.heygen.ai/avatar/v3/312bf2c4cf0b4bdbb4fafd980d81d9b0_45410/preview_video_target.mp4"
"Javi_Intense_Sitting_Speaking_Side_public","Javi Intense Sitting Speaking Side","male","False","https://files2.heygen.ai/avatar/v3/f1e297570b5c4b4b9133e79916d1de5a_45420/preview_target.webp","https://files2.heygen.ai/avatar/v3/f1e297570b5c4b4b9133e79916d1de5a_45420/preview_video_target.mp4"
"Javi_Intense_Sitting_Speaking_public","Javi Intense Sitting Speaking ","male","False","https://files2.heygen.ai/avatar/v3/40083b4aa0c943a0b4c34856e8467752_46360/preview_talk_1.webp","https://files2.heygen.ai/avatar/v3/40083b4aa0c943a0b4c34856e8467752_46360/preview_video_talk_1.mp4"
"Javi_Intense_Speaking_Front_2_public","Javi Intense Speaking Front 2","male","False","https://files2.heygen.ai/avatar/v3/2ab72d3e275548daa55bb21fa3aa9a48_45410/preview_talk_1.webp","https://files2.heygen.ai/avatar/v3/2ab72d3e275548daa55bb21fa3aa9a48_45410/preview_video_talk_1.mp4"
"Javi_Intense_Speaking_Front_3_public","Javi Intense Speaking Front 3","male","False","https://files2.heygen.ai/avatar/v3/d0c93e4499914c3cb8a6a80c75d0c1ae_46360/preview_target.webp","https://files2.heygen.ai/avatar/v3/d0c93e4499914c3cb8a6a80c75d0c1ae_46360/preview_video_target.mp4"
"Javi_Intense_Speaking_Front_public","Javi Intense Speaking Front","male","False","https://files2.heygen.ai/avatar/v3/4ec8f26f56bc44bda131c3b1029fc397_42910/preview_talk_2.webp","https://files2.heygen.ai/avatar/v3/4ec8f26f56bc44bda131c3b1029fc397_42910/preview_video_talk_2.mp4"
"Javi_Intense_Speaking_Side_3_public","Javi Intense Speaking Side 3","male","False","https://files2.heygen.ai/avatar/v3/43d573edb9ac4e018f0668e3568329d2_45420/preview_talk_1.webp","https://files2.heygen.ai/avatar/v3/43d573edb9ac4e018f0668e3568329d2_45420/preview_video_talk_1.mp4"
"Javi_Intense_Speaking_Side_public","Javi Intense Speaking Side","male","False","https://files2.heygen.ai/avatar/v3/889c74e161ad443a9ea558d9dd5664c3_45420/preview_talk_2.webp","https://files2.heygen.ai/avatar/v3/889c74e161ad443a9ea558d9dd5664c3_45420/preview_video_talk_2.mp4"
"Javi_in_Passionate_Gestures_2_public","Javi in Passionate Gestures 2","male","False","https://files2.heygen.ai/avatar/v3/f505c876f0ab4a8d98a1421438420528_46370/preview_target.webp","https://files2.heygen.ai/avatar/v3/f505c876f0ab4a8d98a1421438420528_46370/preview_video_target.mp4"
"Javi_in_Passionate_Gestures_3_public","Javi in Passionate Gestures 3","male","False","https://files2.heygen.ai/avatar/v3/b4ffc8decf2747f6a9240d6ef64d0eff_45440/preview_target.webp","https://files2.heygen.ai/avatar/v3/b4ffc8decf2747f6a9240d6ef64d0eff_45440/preview_video_target.mp4"
"Javi_in_Passionate_Gestures_public","Javi in Passionate Gestures","male","False","https://files2.heygen.ai/avatar/v3/8aa97ee9b3c1434ab405e7a05d78f91b_42910/preview_talk_5.webp","https://files2.heygen.ai/avatar/v3/8aa97ee9b3c1434ab405e7a05d78f91b_42910/preview_video_talk_5.mp4"
"Jin_expressive_2024112501","Jin (Upper Body)","female","False","https://files2.heygen.ai/avatar/v3/4f5a725c910f4545a158332bab676b35_44520/preview_target.webp","https://files2.heygen.ai/avatar/v3/4f5a725c910f4545a158332bab676b35_44520/preview_video_target.mp4"
"Jin_Blue_Casual_Front_public","Jin Blue Casual Front","female","False","https://files2.heygen.ai/avatar/v3/20c964c5869042c687c5813c8a8a8c90_43380/preview_talk_2.webp","https://files2.heygen.ai/avatar/v3/20c964c5869042c687c5813c8a8a8c90_43380/preview_video_talk_2.mp4"
"Jin_Blue_Casual_Side_public","Jin Blue Casual Side","female","False","https://files2.heygen.ai/avatar/v3/e6b6af595712410bbb77af0a4e77dbce_43390/preview_target.webp","https://files2.heygen.ai/avatar/v3/e6b6af595712410bbb77af0a4e77dbce_43390/preview_video_target.mp4"
"Jin_Business_Coffee_Mode_Front_public","Jin Business CafÃ© Mode Front","female","False","https://files2.heygen.ai/avatar/v3/21e007276a5044a3ae5ac61b300cfe42_43420/preview_target.webp","https://files2.heygen.ai/avatar/v3/21e007276a5044a3ae5ac61b300cfe42_43420/preview_video_target.mp4"
"Jin_Business_Coffee_Mode_Side_public","Jin Business CafÃ© Mode Side","female","False","https://files2.heygen.ai/avatar/v3/33322c2138e34155bbddb19239f90853_43430/preview_talk_1.webp","https://files2.heygen.ai/avatar/v3/33322c2138e34155bbddb19239f90853_43430/preview_video_talk_1.mp4"
"Jin_Business_Sitting_Front_public","Jin Business Sitting Front","female","False","https://files2.heygen.ai/avatar/v3/1b46b4b37c5d4cf492bd9e81cdc04356_43420/preview_talk_2.webp","https://files2.heygen.ai/avatar/v3/1b46b4b37c5d4cf492bd9e81cdc04356_43420/preview_video_talk_2.mp4"
"Jin_Business_Sitting_Side_public","Jin Business Sitting Side","female","False","https://files2.heygen.ai/avatar/v3/3e39d646223545509db0d44b8f546e99_43430/preview_target.webp","https://files2.heygen.ai/avatar/v3/3e39d646223545509db0d44b8f546e99_43430/preview_video_target.mp4"
"Jin_Casual_Coffee_Mode_Front_public","Jin Casual CafÃ© Mode Front","female","False","https://files2.heygen.ai/avatar/v3/d5dc4b23bcbf49b493a3379c10f48781_43380/preview_target.webp","https://files2.heygen.ai/avatar/v3/d5dc4b23bcbf49b493a3379c10f48781_43380/preview_video_target.mp4"
"Jin_Casual_Coffee_Mode_Side_public","Jin Casual CafÃ© Mode Side","female","False","https://files2.heygen.ai/avatar/v3/2ddb844f42a5455fba4de7d080b1e1e2_43390/preview_talk_1.webp","https://files2.heygen.ai/avatar/v3/2ddb844f42a5455fba4de7d080b1e1e2_43390/preview_video_talk_1.mp4"
"Jin_Casual_Sitting_Front_public","Jin Casual Sitting Front","female","False","https://files2.heygen.ai/avatar/v3/04c7ae8760d149bb8717d29fedf2b84b_43380/preview_talk_1.webp","https://files2.heygen.ai/avatar/v3/04c7ae8760d149bb8717d29fedf2b84b_43380/preview_video_talk_1.mp4"
"Jin_Casual_Sitting_Side_public","Jin Casual Sitting Side","female","False","https://files2.heygen.ai/avatar/v3/487e90522be14c76a050b213a1448e55_43390/preview_talk_2.webp","https://files2.heygen.ai/avatar/v3/487e90522be14c76a050b213a1448e55_43390/preview_video_talk_2.mp4"
"Jin_Suit_Front_public","Jin Suit Front","female","False","https://files2.heygen.ai/avatar/v3/d1911c218dec4cf388b0b0de1b588d05_43420/preview_talk_1.webp","https://files2.heygen.ai/avatar/v3/d1911c218dec4cf388b0b0de1b588d05_43420/preview_video_talk_1.mp4"
"Jin_Suit_Side_public","Jin Suit Side","female","False","https://files2.heygen.ai/avatar/v3/aefa97afc4014d3388e80194d617a74f_43430/preview_talk_2.webp","https://files2.heygen.ai/avatar/v3/aefa97afc4014d3388e80194d617a74f_43430/preview_video_talk_2.mp4"
"Jin_Vest_Front_public","Jin Vest Front","female","False","https://files2.heygen.ai/avatar/v3/d2e79d47a2464bdbb0062f46b51630dc_43400/preview_talk_1.webp","https://files2.heygen.ai/avatar/v3/d2e79d47a2464bdbb0062f46b51630dc_43400/preview_video_talk_1.mp4"
"Jin_Vest_Side_public","Jin Vest Side","female","False","https://files2.heygen.ai/avatar/v3/8bbe48df011d4a79abe4086acc63dac4_43410/preview_talk_1.webp","https://files2.heygen.ai/avatar/v3/8bbe48df011d4a79abe4086acc63dac4_43410/preview_video_talk_1.mp4"
"Jin_Vest_Sitting_Front_public","Jin Vest Sitting Front","female","False","https://files2.heygen.ai/avatar/v3/e76da3050bbd4e7ba05f99986c8ed594_43400/preview_talk_2.webp","https://files2.heygen.ai/avatar/v3/e76da3050bbd4e7ba05f99986c8ed594_43400/preview_video_talk_2.mp4"
"Jin_Vest_Sitting_Side_public","Jin Vest Sitting Side","female","False","https://files2.heygen.ai/avatar/v3/f643dd66c5a94239ac94812976e4eebb_43410/preview_talk_2.webp","https://files2.heygen.ai/avatar/v3/f643dd66c5a94239ac94812976e4eebb_43410/preview_video_talk_2.mp4"
"Jin_in_Education_Front_public","Jin in Education Front","female","False","https://files2.heygen.ai/avatar/v3/65a1d2c0c10c4983ad91b790839e40fc_43400/preview_target.webp","https://files2.heygen.ai/avatar/v3/65a1d2c0c10c4983ad91b790839e40fc_43400/preview_video_target.mp4"
"Jin_in_Education_Side_public","Jin in Education Side","female","False","https://files2.heygen.ai/avatar/v3/b27c3fb37e454e5b8455aa8fd2d86b24_43410/preview_target.webp","https://files2.heygen.ai/avatar/v3/b27c3fb37e454e5b8455aa8fd2d86b24_43410/preview_video_target.mp4"
"Jinwoo_public_4","Jinwoo in Black vest","male","False","https://files2.heygen.ai/avatar/v3/dc9765ee907f4e6cbf2776f75b7e54d2_61300/preview_target.webp","https://files2.heygen.ai/avatar/v3/dc9765ee907f4e6cbf2776f75b7e54d2_61300/preview_video_target.mp4"
"Jinwoo_public_5","Jinwoo in Blue suit","male","False","https://files2.heygen.ai/avatar/v3/b24cabb0b00f4eeb8626abb79cdbd518_61310/preview_target.webp","https://files2.heygen.ai/avatar/v3/b24cabb0b00f4eeb8626abb79cdbd518_61310/preview_video_target.mp4"
"Jinwoo_public_2","Jinwoo in White T-shirt","male","False","https://files2.heygen.ai/avatar/v3/d5718691391e495b8205cd3a8d613f68_61280/preview_target.webp","https://files2.heygen.ai/avatar/v3/d5718691391e495b8205cd3a8d613f68_61280/preview_video_target.mp4"
"Jinwoo_public_1","Jinwoo in White shirt","male","False","https://files2.heygen.ai/avatar/v3/d028ea5672244f3abed9ddd1fbe99c88_61270/preview_target.webp","https://files2.heygen.ai/avatar/v3/d028ea5672244f3abed9ddd1fbe99c88_61270/preview_video_target.mp4"
"Jinwoo_public_3","Jinwoo in White suit","male","False","https://files2.heygen.ai/avatar/v3/9166cfcf24b14ec8a4588d8f1a2bec2b_61290/preview_target.webp","https://files2.heygen.ai/avatar/v3/9166cfcf24b14ec8a4588d8f1a2bec2b_61290/preview_video_target.mp4"
"Jocelyn_standing_office_front","Jocelyn Office Front 2","female","False","https://files2.heygen.ai/avatar/v3/52491deef4b242c2898192f07743d4ce_36750/preview_target.webp","https://files2.heygen.ai/avatar/v3/52491deef4b242c2898192f07743d4ce_36750/preview_video_target.mp4"
"Jocelyn_sitting_office_front","Jocelyn Office Front","female","False","https://files2.heygen.ai/avatar/v3/ec29586b231045748569b7576aa1d6a3_36760/preview_talk_2.webp","https://files2.heygen.ai/avatar/v3/ec29586b231045748569b7576aa1d6a3_36760/preview_video_talk_2.mp4"
"Jocelyn_standing_office_side","Jocelyn Office Side 2","female","False","https://files2.heygen.ai/avatar/v3/47f18af1b24747798d4fa32dbfa79ed9_36740/preview_target.webp","https://files2.heygen.ai/avatar/v3/47f18af1b24747798d4fa32dbfa79ed9_36740/preview_video_target.mp4"
"Jocelyn_sitting_office_side","Jocelyn Office Side","female","False","https://files2.heygen.ai/avatar/v3/d8ff1a875fef4416bef4fa617558ed69_36770/preview_talk_1.webp","https://files2.heygen.ai/avatar/v3/d8ff1a875fef4416bef4fa617558ed69_36770/preview_video_talk_1.mp4"
"Jocelyn_standing_sofa_front","Jocelyn Sofa Front 2","female","False","https://files2.heygen.ai/avatar/v3/24ae8e68ba1d44a3bfd928e33459a399_36680/preview_talk_4.webp","https://files2.heygen.ai/avatar/v3/24ae8e68ba1d44a3bfd928e33459a399_36680/preview_video_talk_4.mp4"
"Jocelyn_sitting_sofa_front","Jocelyn Sofa Front","female","False","https://files2.heygen.ai/avatar/v3/3019184debd34a2e8206c441cad2289d_36670/preview_target.webp","https://files2.heygen.ai/avatar/v3/3019184debd34a2e8206c441cad2289d_36670/preview_video_target.mp4"
"Jocelyn_standing_sofa_side","Jocelyn Sofa Side 2","female","False","https://files2.heygen.ai/avatar/v3/b44135a6206e4e58b913c5e090a39597_36690/preview_talk_3.webp","https://files2.heygen.ai/avatar/v3/b44135a6206e4e58b913c5e090a39597_36690/preview_video_talk_3.mp4"
"Jocelyn_sitting_sofa_side","Jocelyn Sofa Side","female","False","https://files2.heygen.ai/avatar/v3/56f4c5e2157d47578ad209a08d4c0324_36660/preview_talk_1.webp","https://files2.heygen.ai/avatar/v3/56f4c5e2157d47578ad209a08d4c0324_36660/preview_video_talk_1.mp4"
"Joel_sitting_couch_front","Joel Couch Front","male","False","https://files2.heygen.ai/avatar/v3/812e4c922e0d4ba0b2c5a21a0dd43fb1_39100/preview_target.webp","https://files2.heygen.ai/avatar/v3/812e4c922e0d4ba0b2c5a21a0dd43fb1_39100/preview_video_target.mp4"
"Joel_sitting_couch_side","Joel Couch Side","male","False","https://files2.heygen.ai/avatar/v3/9db20d88c7b74d9c8d458a0fda92839f_39110/preview_target.webp","https://files2.heygen.ai/avatar/v3/9db20d88c7b74d9c8d458a0fda92839f_39110/preview_video_target.mp4"
"Joel_standing_gym_front","Joel Gym Front","male","False","https://files2.heygen.ai/avatar/v3/b8a3c58ffefb4428a83030f5a9a5eed6_39100/preview_talk_4.webp","https://files2.heygen.ai/avatar/v3/b8a3c58ffefb4428a83030f5a9a5eed6_39100/preview_video_talk_4.mp4"
"Joel_standing_gym_side","Joel Gym Side","male","False","https://files2.heygen.ai/avatar/v3/d60f4de42c784e6e8ebe07958dd804be_39110/preview_talk_2.webp","https://files2.heygen.ai/avatar/v3/d60f4de42c784e6e8ebe07958dd804be_39110/preview_video_talk_2.mp4"
"Joel_standing_mountain_front","Joel Mountain Front","male","False","https://files2.heygen.ai/avatar/v3/c9bd3ad912fe448f917753ac55db2157_39100/preview_talk_2.webp","https://files2.heygen.ai/avatar/v3/c9bd3ad912fe448f917753ac55db2157_39100/preview_video_talk_2.mp4"
"Joel_standing_mountain_side","Joel Mountain Side","male","False","https://files2.heygen.ai/avatar/v3/40ad4cc57ad74b1ba3e0aaf39be1b9e1_39110/preview_talk_4.webp","https://files2.heygen.ai/avatar/v3/40ad4cc57ad74b1ba3e0aaf39be1b9e1_39110/preview_video_talk_4.mp4"
"Jonas_expressive_2024112701","Jonas (Upper Body)","male","False","https://files2.heygen.ai/avatar/v3/b87e55b560894b4190552fbb1fb5ef3c_44430/preview_talk_4.webp","https://files2.heygen.ai/avatar/v3/b87e55b560894b4190552fbb1fb5ef3c_44430/preview_video_talk_4.mp4"
"Jonas_sitting_gym_front","Jonas Gym Front 2","male","False","https://files2.heygen.ai/avatar/v3/e66b500dd5034538835f52a71a6cae66_38730/preview_target.webp","https://files2.heygen.ai/avatar/v3/e66b500dd5034538835f52a71a6cae66_38730/preview_video_target.mp4"
"Jonas_standing_gym_front","Jonas Gym Front","male","False","https://files2.heygen.ai/avatar/v3/7cda83478bc14c07965b690934292a55_38730/preview_talk_1.webp","https://files2.heygen.ai/avatar/v3/7cda83478bc14c07965b690934292a55_38730/preview_video_talk_1.mp4"
"Jonas_standing_gym_side","Jonas Gym Side 2","male","False","https://files2.heygen.ai/avatar/v3/4dae6fb1f34c41fcac301ec9c7e9467a_38740/preview_talk_1.webp","https://files2.heygen.ai/avatar/v3/4dae6fb1f34c41fcac301ec9c7e9467a_38740/preview_video_talk_1.mp4"
"Jonas_sitting_gym_side","Jonas Gym Side ","male","False","https://files2.heygen.ai/avatar/v3/7d8cef0ba3f04af1a0ca33b3001c6db0_38740/preview_target.webp","https://files2.heygen.ai/avatar/v3/7d8cef0ba3f04af1a0ca33b3001c6db0_38740/preview_video_target.mp4"
"Juan_standing_office_front","June Office Front 2","female","False","https://files2.heygen.ai/avatar/v3/a603f3dcbf3c4db6b75ca2ea35a3a9ee_38910/preview_target.webp","https://files2.heygen.ai/avatar/v3/a603f3dcbf3c4db6b75ca2ea35a3a9ee_38910/preview_video_target.mp4"
"Juan_sitting_office_front","Juan Office Front","male","False","https://files2.heygen.ai/avatar/v3/88e941fd3b90448aa1366e3839a126a4_37750/preview_talk_5.webp","https://files2.heygen.ai/avatar/v3/88e941fd3b90448aa1366e3839a126a4_37750/preview_video_talk_5.mp4"
"Juan_standing_office_side","Juan Office Side 2","male","False","https://files2.heygen.ai/avatar/v3/98ad0dbc87334362addae4c56b8e5add_38010/preview_target.webp","https://files2.heygen.ai/avatar/v3/98ad0dbc87334362addae4c56b8e5add_38010/preview_video_target.mp4"
"Juan_sitting_office_side","Juan Office Side","male","False","https://files2.heygen.ai/avatar/v3/f1d2170d0d72439dbff597c801b8fce3_37750/preview_talk_6.webp","https://files2.heygen.ai/avatar/v3/f1d2170d0d72439dbff597c801b8fce3_37750/preview_video_talk_6.mp4"
"Juan_standing_sofa_front","Juan Sofa Front 2","male","False","https://files2.heygen.ai/avatar/v3/f87e6f6954844d8881669e5686e66b79_38020/preview_talk_1.webp","https://files2.heygen.ai/avatar/v3/f87e6f6954844d8881669e5686e66b79_38020/preview_video_talk_1.mp4"
"Juan_sitting_sofa_front","Juan Sofa Front","male","False","https://files2.heygen.ai/avatar/v3/2fe0f56a53ec41feb071aa1541c7b80f_37750/preview_talk_3.webp","https://files2.heygen.ai/avatar/v3/2fe0f56a53ec41feb071aa1541c7b80f_37750/preview_video_talk_3.mp4"
"Juan_standing_sofa_side","Juan Sofa Side 2","male","False","https://files2.heygen.ai/avatar/v3/ae2530fb96374adebfc6e3b6c0fd8931_37760/preview_talk_4.webp","https://files2.heygen.ai/avatar/v3/ae2530fb96374adebfc6e3b6c0fd8931_37760/preview_video_talk_4.mp4"
"Juan_sitting_sofa_side","Juan Sofa Side","male","False","https://files2.heygen.ai/avatar/v3/d92013ef9f594744b50ca39d10926d49_37750/preview_talk_2.webp","https://files2.heygen.ai/avatar/v3/d92013ef9f594744b50ca39d10926d49_37750/preview_video_talk_2.mp4"
"Judita_expressive_2024112701","Judita (Upper Body)","female","False","https://files2.heygen.ai/avatar/v3/682a899bf7664a45a6bd71236f970385_44360/preview_talk_3.webp","https://files2.heygen.ai/avatar/v3/682a899bf7664a45a6bd71236f970385_44360/preview_video_talk_3.mp4"
"Judita_standing_yoga_front","Judita Yoga Front 2","female","False","https://files2.heygen.ai/avatar/v3/4d353f3140b245188cf495976e79312a_38690/preview_target.webp","https://files2.heygen.ai/avatar/v3/4d353f3140b245188cf495976e79312a_38690/preview_video_target.mp4"
"Judita_sitting_yoga_front","Judita Yoga Front","female","False","https://files2.heygen.ai/avatar/v3/01bf1b75c57e4c99b143b1d185beb21c_38690/preview_talk_1.webp","https://files2.heygen.ai/avatar/v3/01bf1b75c57e4c99b143b1d185beb21c_38690/preview_video_talk_1.mp4"
"Judita_standing_yoga_side","Judita Yoga Side 2","female","False","https://files2.heygen.ai/avatar/v3/15b6f2f7e8c84384bbc59be99a23eb01_38700/preview_talk_1.webp","https://files2.heygen.ai/avatar/v3/15b6f2f7e8c84384bbc59be99a23eb01_38700/preview_video_talk_1.mp4"
"Judita_sitting_yoga_side","Judita Yoga Side","female","False","https://files2.heygen.ai/avatar/v3/ceff773b835a441abfac40f06475cc69_38700/preview_target.webp","https://files2.heygen.ai/avatar/v3/ceff773b835a441abfac40f06475cc69_38700/preview_video_target.mp4"
"Judith_expressive_2024120201","Judith (Upper Body)","female","False","https://files2.heygen.ai/avatar/v3/13efef4d129e4f16ae6b350e225389b0_45830/preview_talk_4.webp","https://files2.heygen.ai/avatar/v3/13efef4d129e4f16ae6b350e225389b0_45830/preview_video_talk_4.mp4"
"Judith_Business_Front2_public","Judith Business Front 2","female","False","https://files2.heygen.ai/avatar/v3/a08094ae19ba4e27a48fbe094fe9afd6_44930/preview_talk_1.webp","https://files2.heygen.ai/avatar/v3/a08094ae19ba4e27a48fbe094fe9afd6_44930/preview_video_talk_1.mp4"
"Judith_Business_Front_public","Judith Business Front","female","False","https://files2.heygen.ai/avatar/v3/6ef055097a96469c87aa215da0b7454c_44930/preview_talk_5.webp","https://files2.heygen.ai/avatar/v3/6ef055097a96469c87aa215da0b7454c_44930/preview_video_talk_5.mp4"
"Judith_Business_Sitting_Front_public","Judith Business Sitting Front","female","False","https://files2.heygen.ai/avatar/v3/375e726a54994c5e8233da3703377813_44930/preview_talk_3.webp","https://files2.heygen.ai/avatar/v3/375e726a54994c5e8233da3703377813_44930/preview_video_talk_3.mp4"
"Judith_Casual_Front_public","Judith Casual Front","female","False","https://files2.heygen.ai/avatar/v3/3e98ffec26b642dba14ddd3e10014041_46210/preview_target.webp","https://files2.heygen.ai/avatar/v3/3e98ffec26b642dba14ddd3e10014041_46210/preview_video_target.mp4"
"Judith_Casual_Sitting_Front_public","Judith Casual Sitting Front","female","False","https://files2.heygen.ai/avatar/v3/c9e3a06df9b045d0860513635d5e6d32_44930/preview_talk_2.webp","https://files2.heygen.ai/avatar/v3/c9e3a06df9b045d0860513635d5e6d32_44930/preview_video_talk_2.mp4"
"Judith_Suit_Front_public","Judith Suit Front","female","False","https://files2.heygen.ai/avatar/v3/7957e7c9ad8e4b5dbdbdb366de09c1d1_44930/preview_target.webp","https://files2.heygen.ai/avatar/v3/7957e7c9ad8e4b5dbdbdb366de09c1d1_44930/preview_video_target.mp4"
"Judy_Business_Front_public","Judy Business Front","female","False","https://files2.heygen.ai/avatar/v3/1b6a41491c5646b0b957cabe0a45a839_46300/preview_target.webp","https://files2.heygen.ai/avatar/v3/1b6a41491c5646b0b957cabe0a45a839_46300/preview_video_target.mp4"
"Judy_Business_Side_public","Judy Business Side","female","False","https://files2.heygen.ai/avatar/v3/a98b00a590f34a908a2bd29ba16b3de9_46310/preview_target.webp","https://files2.heygen.ai/avatar/v3/a98b00a590f34a908a2bd29ba16b3de9_46310/preview_video_target.mp4"
"Judy_Business_Sitting_Front_public","Judy Business Sitting Front","female","False","https://files2.heygen.ai/avatar/v3/6a3fcb04382948e38442ba263bfc001d_46300/preview_talk_1.webp","https://files2.heygen.ai/avatar/v3/6a3fcb04382948e38442ba263bfc001d_46300/preview_video_talk_1.mp4"
"Judy_Casual_Front_public","Judy Casual Front","female","False","https://files2.heygen.ai/avatar/v3/4a1b866440034b6e80a7d8299788e9c4_43240/preview_talk_3.webp","https://files2.heygen.ai/avatar/v3/4a1b866440034b6e80a7d8299788e9c4_43240/preview_video_talk_3.mp4"
"Judy_Casual_Side_public","Judy Casual Side","female","False","https://files2.heygen.ai/avatar/v3/35ac2c490fcd4e5abeb4cfe6d85493ec_43250/preview_talk_4.webp","https://files2.heygen.ai/avatar/v3/35ac2c490fcd4e5abeb4cfe6d85493ec_43250/preview_video_talk_4.mp4"
"Judy_Casual_Sitting_public","Judy Casual Sitting","female","False","https://files2.heygen.ai/avatar/v3/4e92b609f7fb4d8abefd71d763a65448_46320/preview_talk_1.webp","https://files2.heygen.ai/avatar/v3/4e92b609f7fb4d8abefd71d763a65448_46320/preview_video_talk_1.mp4"
"Judy_ConfidentSpeaking_Front_public","Judy ConfidentSpeaking Front","female","False","https://files2.heygen.ai/avatar/v3/403b42c52cd54a42ab633c2d653584a7_46320/preview_target.webp","https://files2.heygen.ai/avatar/v3/403b42c52cd54a42ab633c2d653584a7_46320/preview_video_target.mp4"
"Judy_ConfidentSpeaking_Side_public","Judy ConfidentSpeaking Side","female","False","https://files2.heygen.ai/avatar/v3/e684f0e1af47434486fd14d52b44dee8_46330/preview_target.webp","https://files2.heygen.ai/avatar/v3/e684f0e1af47434486fd14d52b44dee8_46330/preview_video_target.mp4"
"Judy_Doctor_Sitting2_public","Judy Doctor Sitting","female","False","https://files2.heygen.ai/avatar/v3/022cdb1f07914e75887c693f0c5f97dd_45650/preview_talk_1.webp","https://files2.heygen.ai/avatar/v3/022cdb1f07914e75887c693f0c5f97dd_45650/preview_video_talk_1.mp4"
"Judy_Doctor_Standing2_public","Judy Doctor Standing","female","False","https://files2.heygen.ai/avatar/v3/13bc0ed39627493da8404a4beb373f3a_45650/preview_talk_3.webp","https://files2.heygen.ai/avatar/v3/13bc0ed39627493da8404a4beb373f3a_45650/preview_video_talk_3.mp4"
"Judy_Lawyer_Sitting2_public","Judy Lawyer","female","False","https://files2.heygen.ai/avatar/v3/a7c86cb77b3144948bf8020f6e734bbf_45640/preview_talk_1.webp","https://files2.heygen.ai/avatar/v3/a7c86cb77b3144948bf8020f6e734bbf_45640/preview_video_talk_1.mp4"
"Judy_NurseSitting_Front_2_public","Judy NurseSitting Front 2","female","False","https://files2.heygen.ai/avatar/v3/f0dc3bbebe2a4f7e916e28e938aa9130_46280/preview_talk_2.webp","https://files2.heygen.ai/avatar/v3/f0dc3bbebe2a4f7e916e28e938aa9130_46280/preview_video_talk_2.mp4"
"Judy_NurseSitting_Front_public","Judy NurseSitting Front","female","False","https://files2.heygen.ai/avatar/v3/7acd8877508b472297012ebd986796eb_46280/preview_talk_1.webp","https://files2.heygen.ai/avatar/v3/7acd8877508b472297012ebd986796eb_46280/preview_video_talk_1.mp4"
"Judy_NurseSitting_Side_2_public","Judy NurseSitting Side 2","female","False","https://files2.heygen.ai/avatar/v3/09c5a65006354e949a4f0c74b5ed0b60_46290/preview_talk_2.webp","https://files2.heygen.ai/avatar/v3/09c5a65006354e949a4f0c74b5ed0b60_46290/preview_video_talk_2.mp4"
"Judy_NurseSitting_Side_public","Judy NurseSitting Side","female","False","https://files2.heygen.ai/avatar/v3/546d27d9dcd648e5b208da04d1c63a52_46290/preview_talk_1.webp","https://files2.heygen.ai/avatar/v3/546d27d9dcd648e5b208da04d1c63a52_46290/preview_video_talk_1.mp4"
"Judy_Nurse_Front2_public","Judy Nurse Front 2","female","False","https://files2.heygen.ai/avatar/v3/b5e2d4736a014d688957c0b0f9399f46_43240/preview_talk_2.webp","https://files2.heygen.ai/avatar/v3/b5e2d4736a014d688957c0b0f9399f46_43240/preview_video_talk_2.mp4"
"Judy_Nurse_Front_public","Judy Nurse Front","female","False","https://files2.heygen.ai/avatar/v3/5d360b50467145cf80d6398d65028f6b_43240/preview_target.webp","https://files2.heygen.ai/avatar/v3/5d360b50467145cf80d6398d65028f6b_43240/preview_video_target.mp4"
"Judy_Nurse_OnDuty_Front_public","Judy Nurse OnDuty Front","female","False","https://files2.heygen.ai/avatar/v3/d7f9cc78bf63408fbae9aead248aeb81_46280/preview_target.webp","https://files2.heygen.ai/avatar/v3/d7f9cc78bf63408fbae9aead248aeb81_46280/preview_video_target.mp4"
"Judy_Nurse_OnDuty_Side_public","Judy Nurse OnDuty Side","female","False","https://files2.heygen.ai/avatar/v3/44586761c46341e5a490725647672c4d_46290/preview_target.webp","https://files2.heygen.ai/avatar/v3/44586761c46341e5a490725647672c4d_46290/preview_video_target.mp4"
"Judy_Nurse_Side2_public","Judy Nurse Side 2","female","False","https://files2.heygen.ai/avatar/v3/af7607a5d023418eaec9596b89bd6edb_43250/preview_talk_2.webp","https://files2.heygen.ai/avatar/v3/af7607a5d023418eaec9596b89bd6edb_43250/preview_video_talk_2.mp4"
"Judy_Nurse_Side_public","Judy Nurse Side","female","False","https://files2.heygen.ai/avatar/v3/f2144fa87b3143a490471ee015b941b4_43250/preview_target.webp","https://files2.heygen.ai/avatar/v3/f2144fa87b3143a490471ee015b941b4_43250/preview_video_target.mp4"
"Judy_Suit_Front_public","Judy Suit Front","female","False","https://files2.heygen.ai/avatar/v3/a9b93d5caa494bd1ba9eb07b2eeceb91_43240/preview_talk_4.webp","https://files2.heygen.ai/avatar/v3/a9b93d5caa494bd1ba9eb07b2eeceb91_43240/preview_video_talk_4.mp4"
"Judy_Suit_Side_public","Judy Suit Side","female","False","https://files2.heygen.ai/avatar/v3/6ed033c167474e0a8b61f2924541a59c_43250/preview_talk_3.webp","https://files2.heygen.ai/avatar/v3/6ed033c167474e0a8b61f2924541a59c_43250/preview_video_talk_3.mp4"
"Judy_Teacher_Sitting2_public","Judy Teacher Sitting","female","False","https://files2.heygen.ai/avatar/v3/f94ae3e89f4c4ff98541ab59efa5878b_45630/preview_talk_2.webp","https://files2.heygen.ai/avatar/v3/f94ae3e89f4c4ff98541ab59efa5878b_45630/preview_video_talk_2.mp4"
"Judy_Teacher_Sitting_public","Judy HR","female","False","https://files2.heygen.ai/avatar/v3/68fbd9f64a4948baa3c295d35f49b61c_45630/preview_target.webp","https://files2.heygen.ai/avatar/v3/68fbd9f64a4948baa3c295d35f49b61c_45630/preview_video_target.mp4"
"Judy_Teacher_Standing_public","Judy Teacher Standing","female","False","https://files2.heygen.ai/avatar/v3/6cd7031aa97e496897391dd44dae56be_45630/preview_talk_1.webp","https://files2.heygen.ai/avatar/v3/6cd7031aa97e496897391dd44dae56be_45630/preview_video_talk_1.mp4"
"June_expressive_2024112701","June (Upper Body)","female","False","https://files2.heygen.ai/avatar/v3/7cf9ab8786b64aee871d07c02deedce2_44370/preview_target.webp","https://files2.heygen.ai/avatar/v3/7cf9ab8786b64aee871d07c02deedce2_44370/preview_video_target.mp4"
"June_HR_public","June HR","female","False","https://files2.heygen.ai/avatar/v3/74447a27859a456c955e01f21ef18216_45620/preview_talk_1.webp","https://files2.heygen.ai/avatar/v3/74447a27859a456c955e01f21ef18216_45620/preview_video_talk_1.mp4"
"June_sitting_office_front","June Office Front","female","False","https://files2.heygen.ai/avatar/v3/251ff4bcc6b8474991c9922146f73093_38910/preview_talk_1.webp","https://files2.heygen.ai/avatar/v3/251ff4bcc6b8474991c9922146f73093_38910/preview_video_talk_1.mp4"
"June_standing_office_side","June Office Side 2","female","False","https://files2.heygen.ai/avatar/v3/c6564b06a89a4b46b94ce065e21659dc_38900/preview_talk_1.webp","https://files2.heygen.ai/avatar/v3/c6564b06a89a4b46b94ce065e21659dc_38900/preview_video_talk_1.mp4"
"June_sitting_office_side","June Office Side","female","False","https://files2.heygen.ai/avatar/v3/6e26a23d50914a37a2c2fedc9ae9925b_38900/preview_target.webp","https://files2.heygen.ai/avatar/v3/6e26a23d50914a37a2c2fedc9ae9925b_38900/preview_video_target.mp4"
"Juan_standing_sofacasual_front","June Sofa Casual Front 2","female","False","https://files2.heygen.ai/avatar/v3/dd930d203c7d4ae4ac94b66c8ade49bb_38910/preview_talk_3.webp","https://files2.heygen.ai/avatar/v3/dd930d203c7d4ae4ac94b66c8ade49bb_38910/preview_video_talk_3.mp4"
"Juan_sitting_sofacasual_front","June Sofa Casual Front","female","False","https://files2.heygen.ai/avatar/v3/809a54ee11864a7c9d869fad045e57c6_38910/preview_talk_2.webp","https://files2.heygen.ai/avatar/v3/809a54ee11864a7c9d869fad045e57c6_38910/preview_video_talk_2.mp4"
"June_standing_sofacasual_side","June Sofa Casual Side 2","female","False","https://files2.heygen.ai/avatar/v3/39c7a3ecded342c895f73fd3d5956acf_38900/preview_talk_3.webp","https://files2.heygen.ai/avatar/v3/39c7a3ecded342c895f73fd3d5956acf_38900/preview_video_talk_3.mp4"
"June_sitting_sofacasual_side","June Sofa Casual Side","female","False","https://files2.heygen.ai/avatar/v3/074ce0017cbf4199926e898a98539724_38900/preview_talk_2.webp","https://files2.heygen.ai/avatar/v3/074ce0017cbf4199926e898a98539724_38900/preview_video_talk_2.mp4"
"Justin_public_2_20240308","Justin in Black Shirt","male","False","https://files2.heygen.ai/avatar/v3/9ae54bef2c444d68bbbb63021df4bbbb_14944/preview_talk_2.webp","https://files2.heygen.ai/avatar/v3/9ae54bef2c444d68bbbb63021df4bbbb_14944/preview_video_talk_2.mp4"
"Justin_public_20240308","Justin in Black Suit","male","False","https://files2.heygen.ai/avatar/v3/9ae54bef2c444d68bbbb63021df4bbbb_14944/preview_talk_5.webp","https://files2.heygen.ai/avatar/v3/9ae54bef2c444d68bbbb63021df4bbbb_14944/preview_video_talk_5.mp4"
"Justin_public_3_20240308","Justin in White Shirt","male","False","https://files2.heygen.ai/avatar/v3/9ae54bef2c444d68bbbb63021df4bbbb_14944/preview_target.webp","https://files2.heygen.ai/avatar/v3/9ae54bef2c444d68bbbb63021df4bbbb_14944/preview_video_target.mp4"
"Justo_Business_Front_2_public","Justo Business Front 2","male","False","https://files2.heygen.ai/avatar/v3/ef598b5c12c04153b22c81b713a6bb4e_42500/preview_talk_3.webp","https://files2.heygen.ai/avatar/v3/ef598b5c12c04153b22c81b713a6bb4e_42500/preview_video_talk_3.mp4"
"Justo_Business_Front_public","Justo Business Front","male","False","https://files2.heygen.ai/avatar/v3/c8c74761cbae4383955090c67b62c479_42500/preview_talk_2.webp","https://files2.heygen.ai/avatar/v3/c8c74761cbae4383955090c67b62c479_42500/preview_video_talk_2.mp4"
"Justo_Business_Side_2_public","Justo Business Side 2","male","False","https://files2.heygen.ai/avatar/v3/b470a434226d47b4b6d596036211c8ea_42850/preview_target.webp","https://files2.heygen.ai/avatar/v3/b470a434226d47b4b6d596036211c8ea_42850/preview_video_target.mp4"
"Justo_Business_Side_public","Justo Business Side","male","False","https://files2.heygen.ai/avatar/v3/174cec361d9843cea39fa1bbb74846bd_42850/preview_talk_2.webp","https://files2.heygen.ai/avatar/v3/174cec361d9843cea39fa1bbb74846bd_42850/preview_video_talk_2.mp4"
"Justo_Casual_Sitting_public","Justo Casual Sitting","male","False","https://files2.heygen.ai/avatar/v3/376de02794904f96bd4576e34a1dbc83_42800/preview_target.webp","https://files2.heygen.ai/avatar/v3/376de02794904f96bd4576e34a1dbc83_42800/preview_video_target.mp4"
"Justo_CustomerService_Front_2_public","Justo CustomerService Front 2","male","False","https://files2.heygen.ai/avatar/v3/029cdc814dcb41998b253637de5d54f3_42860/preview_talk_1.webp","https://files2.heygen.ai/avatar/v3/029cdc814dcb41998b253637de5d54f3_42860/preview_video_talk_1.mp4"
"Justo_CustomerService_Front_public","Justo CustomerService Front","male","False","https://files2.heygen.ai/avatar/v3/007655cd288f4cae9c52b9b20e224ef4_42500/preview_target.webp","https://files2.heygen.ai/avatar/v3/007655cd288f4cae9c52b9b20e224ef4_42500/preview_video_target.mp4"
"Justo_CustomerService_Side_public","Justo CustomerService Side","male","False","https://files2.heygen.ai/avatar/v3/19965a20aa5243bbbef261181c6cba84_42490/preview_talk_1.webp","https://files2.heygen.ai/avatar/v3/19965a20aa5243bbbef261181c6cba84_42490/preview_video_talk_1.mp4"
"Justo_CustomerService_Sitting_Front_public","Justo CustomerService Sitting Front","male","False","https://files2.heygen.ai/avatar/v3/587af8b69d9b4aa8940bd66d44e86999_42500/preview_talk_1.webp","https://files2.heygen.ai/avatar/v3/587af8b69d9b4aa8940bd66d44e86999_42500/preview_video_talk_1.mp4"
"Justo_CustomerService_Sitting_Side_public","Justo CustomerService Sitting Side","male","False","https://files2.heygen.ai/avatar/v3/a2ed055244374cd293032d7ee3a27563_42490/preview_talk_2.webp","https://files2.heygen.ai/avatar/v3/a2ed055244374cd293032d7ee3a27563_42490/preview_video_talk_2.mp4"
"Justo_EmployeeTraining_Front_public","Justo EmployeeTraining Front","male","False","https://files2.heygen.ai/avatar/v3/e9736f5d005a48b9a33ff925ca21acdb_42840/preview_target.webp","https://files2.heygen.ai/avatar/v3/e9736f5d005a48b9a33ff925ca21acdb_42840/preview_video_target.mp4"
"Justo_Suit_Casual_Front_public","Justo Suit Casual Front ","male","False","https://files2.heygen.ai/avatar/v3/d06377b067484b38bb15d6145074d083_42850/preview_talk_1.webp","https://files2.heygen.ai/avatar/v3/d06377b067484b38bb15d6145074d083_42850/preview_video_talk_1.mp4"
"Justo_Suit_Casual_Side_public","Justo Suit Casual Side ","male","False","https://files2.heygen.ai/avatar/v3/a1765991ae2749758a5c806208eb55c8_42500/preview_talk_5.webp","https://files2.heygen.ai/avatar/v3/a1765991ae2749758a5c806208eb55c8_42500/preview_video_talk_5.mp4"
"Karolin_public_3_20230109","Karolin in Gray Suit","female","False","https://files2.heygen.ai/avatar/v3/77aac0edfba14076b140a4d151dd180c_13140/preview_talk_1.webp","https://files2.heygen.ai/avatar/v3/77aac0edfba14076b140a4d151dd180c_13140/preview_video_talk_1.mp4"
"Karolin_public_2_20230109","Karolin in Sweatshirt","female","False","https://files2.heygen.ai/avatar/v3/77aac0edfba14076b140a4d151dd180c_13140/preview_talk_3.webp","https://files2.heygen.ai/avatar/v3/77aac0edfba14076b140a4d151dd180c_13140/preview_video_talk_3.mp4"
"Karolin_public_20230109","Karolin in Black Suit","female","False","https://files2.heygen.ai/avatar/v3/77aac0edfba14076b140a4d151dd180c_13140/preview_talk_4.webp","https://files2.heygen.ai/avatar/v3/77aac0edfba14076b140a4d151dd180c_13140/preview_video_talk_4.mp4"
"Kavya_standing_indoor_front","Kavya Indoor Front","female","False","https://files2.heygen.ai/avatar/v3/cc0dc576a0b249759f8e26fd892e1a76_39540/preview_target.webp","https://files2.heygen.ai/avatar/v3/cc0dc576a0b249759f8e26fd892e1a76_39540/preview_video_target.mp4"
"Kavya_standing_indoor_side","Kavya Indoor Side","female","False","https://files2.heygen.ai/avatar/v3/d640fcc06f304f4aab78766bc161c982_39630/preview_target.webp","https://files2.heygen.ai/avatar/v3/d640fcc06f304f4aab78766bc161c982_39630/preview_video_target.mp4"
"Kavya_standing_outdoor_side","Kavya Outdoor Side","female","False","https://files2.heygen.ai/avatar/v3/8eac6460a57747359330bfcfa0abbe96_39670/preview_target.webp","https://files2.heygen.ai/avatar/v3/8eac6460a57747359330bfcfa0abbe96_39670/preview_video_target.mp4"
"Kavya_standing_outdoorsport_front","Kavya Outdoor Sport Front","female","False","https://files2.heygen.ai/avatar/v3/56470a9a70304e25a1f67f1b8d1d28d2_39380/preview_talk_1.webp","https://files2.heygen.ai/avatar/v3/56470a9a70304e25a1f67f1b8d1d28d2_39380/preview_video_talk_1.mp4"
"Kavya_standing_outdoorsport_side","Kavya Outdoor Sport Side","female","False","https://files2.heygen.ai/avatar/v3/37481bb8748940fb87ba3fcafaaa2539_39470/preview_target.webp","https://files2.heygen.ai/avatar/v3/37481bb8748940fb87ba3fcafaaa2539_39470/preview_video_target.mp4"
"Kavya_sitting_sofa_front","Kavya Sofa Front","female","False","https://files2.heygen.ai/avatar/v3/7ce2094fd02547ae8a859d72c1b5c5bc_39590/preview_target.webp","https://files2.heygen.ai/avatar/v3/7ce2094fd02547ae8a859d72c1b5c5bc_39590/preview_video_target.mp4"
"Kavya_sitting_sofa_side","Kavya Sofa Side","female","False","https://files2.heygen.ai/avatar/v3/23a34d8f91754a4d9855420362330358_39700/preview_target.webp","https://files2.heygen.ai/avatar/v3/23a34d8f91754a4d9855420362330358_39700/preview_video_target.mp4"
"Kelly_Blue_Shirt_Front","Kelly in Blue Shirt  (Front)","female","False","https://files2.heygen.ai/avatar/v3/7d810f2227674342ac60646c2434ad73_34380/preview_target.webp","https://files2.heygen.ai/avatar/v3/7d810f2227674342ac60646c2434ad73_34380/preview_video_target.mp4"
"Kelly_Blue_Shirt_Left","Kelly in Blue Shirt (Left)","female","False","https://files2.heygen.ai/avatar/v3/04980c3e031d44f1a255ee0320eb0e86_34390/preview_target.webp","https://files2.heygen.ai/avatar/v3/04980c3e031d44f1a255ee0320eb0e86_34390/preview_video_target.mp4"
"Kelly_Blue_Shirt_Right","Kelly in Blue Shirt (Right)","female","False","https://files2.heygen.ai/avatar/v3/cc36136a7fcf423ba1569f9d8523b226_34400/preview_target.webp","https://files2.heygen.ai/avatar/v3/cc36136a7fcf423ba1569f9d8523b226_34400/preview_video_target.mp4"
"Kelly_Doctor_Front","Kelly in Doctor (Front)","female","False","https://files2.heygen.ai/avatar/v3/022319a6924342cb9d20a55a2bb3ea5e_34380/preview_talk_2.webp","https://files2.heygen.ai/avatar/v3/022319a6924342cb9d20a55a2bb3ea5e_34380/preview_video_talk_2.mp4"
"Kelly_Doctor_Left","Kelly in Doctor (Left)","female","False","https://files2.heygen.ai/avatar/v3/2322f9adec6647d9a6c8fb20ca326204_34390/preview_talk_2.webp","https://files2.heygen.ai/avatar/v3/2322f9adec6647d9a6c8fb20ca326204_34390/preview_video_talk_2.mp4"
"Kelly_Doctor_Right","Kelly in Doctor (Right)","female","False","https://files2.heygen.ai/avatar/v3/7dd586797b57486084c509fb0c20930f_34400/preview_talk_2.webp","https://files2.heygen.ai/avatar/v3/7dd586797b57486084c509fb0c20930f_34400/preview_video_talk_2.mp4"
"Kelly_Pink_Shirt_Front","Kelly in Pink Shirt (Front)","female","False","https://files2.heygen.ai/avatar/v3/e3b245bcf41b497da8d5f6dedddf3fdc_34380/preview_talk_1.webp","https://files2.heygen.ai/avatar/v3/e3b245bcf41b497da8d5f6dedddf3fdc_34380/preview_video_talk_1.mp4"
"Kelly_Pink_Shirt_Left","Kelly in Pink Shirt (Left)","female","False","https://files2.heygen.ai/avatar/v3/68e38a4ca8354698a6a2a98094a92dc8_34390/preview_talk_1.webp","https://files2.heygen.ai/avatar/v3/68e38a4ca8354698a6a2a98094a92dc8_34390/preview_video_talk_1.mp4"
"Kelly_Pink_Shirt_Right","Kelly in Pink Shirt (Right)","female","False","https://files2.heygen.ai/avatar/v3/f0d42e29dde746e7a8bfe17626b8c08a_34400/preview_talk_1.webp","https://files2.heygen.ai/avatar/v3/f0d42e29dde746e7a8bfe17626b8c08a_34400/preview_video_talk_1.mp4"
"Klara_public_6","Klara in Black blazer","female","False","https://files2.heygen.ai/avatar/v3/1b11039879254e7791335caa3ca17723_58510/preview_target.webp","https://files2.heygen.ai/avatar/v3/1b11039879254e7791335caa3ca17723_58510/preview_video_target.mp4"
"Klara_public_2","Klara in Blue blazer","female","False","https://files2.heygen.ai/avatar/v3/a0b8fb3136304825aa2d00a9e6b8afb0_58470/preview_target.webp","https://files2.heygen.ai/avatar/v3/a0b8fb3136304825aa2d00a9e6b8afb0_58470/preview_video_target.mp4"
"Klara_public_5","Klara in Blue dress","female","False","https://files2.heygen.ai/avatar/v3/50dd80dc30e2479fb7ea240fbe57a917_58500/preview_target.webp","https://files2.heygen.ai/avatar/v3/50dd80dc30e2479fb7ea240fbe57a917_58500/preview_video_target.mp4"
"Klara_public_1","Klara in Pink shirt","female","False","https://files2.heygen.ai/avatar/v3/db520891f724491d919a0d1f8e92385b_58460/preview_target.webp","https://files2.heygen.ai/avatar/v3/db520891f724491d919a0d1f8e92385b_58460/preview_video_target.mp4"
"Klara_public_4","Klara in White blazer","female","False","https://files2.heygen.ai/avatar/v3/528b7604e21046389fcf5ea8cbac2edf_58490/preview_target.webp","https://files2.heygen.ai/avatar/v3/528b7604e21046389fcf5ea8cbac2edf_58490/preview_video_target.mp4"
"Klara_public_3","Klara in White shirt","female","False","https://files2.heygen.ai/avatar/v3/902d856319f14463a42c4bdae34f3400_58480/preview_target.webp","https://files2.heygen.ai/avatar/v3/902d856319f14463a42c4bdae34f3400_58480/preview_video_target.mp4"
"Kristin_public_3_20240108","Kristin in Lace Dress","female","False","https://files2.heygen.ai/avatar/v3/f94222a03cee4adaa110761a374cfadc_13181/preview_target.webp","https://files2.heygen.ai/avatar/v3/f94222a03cee4adaa110761a374cfadc_13181/preview_video_target.mp4"
"Kristin_public_20240108","Kristin in V-neck Shirt","female","False","https://files2.heygen.ai/avatar/v3/f94222a03cee4adaa110761a374cfadc_13181/preview_talk_2.webp","https://files2.heygen.ai/avatar/v3/f94222a03cee4adaa110761a374cfadc_13181/preview_video_talk_2.mp4"
"Kristin_public_2_20240108","Kristin in Black Suit","female","False","https://files2.heygen.ai/avatar/v3/f94222a03cee4adaa110761a374cfadc_13181/preview_talk_5.webp","https://files2.heygen.ai/avatar/v3/f94222a03cee4adaa110761a374cfadc_13181/preview_video_talk_5.mp4"
"Leos_standing_office_front","Leos Office Front 2","male","False","https://files2.heygen.ai/avatar/v3/aab1172d472e474e98a85e262dab0dae_38050/preview_talk_1.webp","https://files2.heygen.ai/avatar/v3/aab1172d472e474e98a85e262dab0dae_38050/preview_video_talk_1.mp4"
"Leos_sitting_office_front","Leos Office Front","male","False","https://files2.heygen.ai/avatar/v3/167f0f21269445be8eb3964aee62bbad_38050/preview_target.webp","https://files2.heygen.ai/avatar/v3/167f0f21269445be8eb3964aee62bbad_38050/preview_video_target.mp4"
"Leos_standing_office_side","Leos Office Side 2","male","False","https://files2.heygen.ai/avatar/v3/bb7d7a3065934a589ce70b208624edfd_38060/preview_talk_1.webp","https://files2.heygen.ai/avatar/v3/bb7d7a3065934a589ce70b208624edfd_38060/preview_video_talk_1.mp4"
"Leos_sitting_office_side","Leos Office Side","male","False","https://files2.heygen.ai/avatar/v3/774bc8aa4baa452ea438af6ae7a7ab3d_38060/preview_target.webp","https://files2.heygen.ai/avatar/v3/774bc8aa4baa452ea438af6ae7a7ab3d_38060/preview_video_target.mp4"
"Leos_standing_sofa_front","Leos Sofa Front 2","male","False","https://files2.heygen.ai/avatar/v3/038adceb6f2a443099edf51f2836e12b_38260/preview_talk_1.webp","https://files2.heygen.ai/avatar/v3/038adceb6f2a443099edf51f2836e12b_38260/preview_video_talk_1.mp4"
"Leos_sitting_sofa_front","Leos Sofa Front","male","False","https://files2.heygen.ai/avatar/v3/4da0419e57454aab9e321f42aa972375_38260/preview_target.webp","https://files2.heygen.ai/avatar/v3/4da0419e57454aab9e321f42aa972375_38260/preview_video_target.mp4"
"Leos_standing_sofa_side","Leos Sofa Side 2","male","False","https://files2.heygen.ai/avatar/v3/dcbef159fe8047c88710734ecd77dc63_38270/preview_talk_1.webp","https://files2.heygen.ai/avatar/v3/dcbef159fe8047c88710734ecd77dc63_38270/preview_video_talk_1.mp4"
"Leos_sitting_sofa_side","Leos Sofa Side","male","False","https://files2.heygen.ai/avatar/v3/62caaf8e206a413e9783ce865b116832_38270/preview_target.webp","https://files2.heygen.ai/avatar/v3/62caaf8e206a413e9783ce865b116832_38270/preview_video_target.mp4"
"Leszek_sitting_lounge_front","Leszek Lounge Front","male","False","https://files2.heygen.ai/avatar/v3/67f5c5d34f304271a3d25de529ce669b_38490/preview_talk_1.webp","https://files2.heygen.ai/avatar/v3/67f5c5d34f304271a3d25de529ce669b_38490/preview_video_talk_1.mp4"
"Leszek_sitting_lounge_side","Leszek Lounge Side","male","False","https://files2.heygen.ai/avatar/v3/1995ed4d96bd4879937e7cbaae09eb4f_38500/preview_talk_2.webp","https://files2.heygen.ai/avatar/v3/1995ed4d96bd4879937e7cbaae09eb4f_38500/preview_video_talk_2.mp4"
"Leszek_standing_outdoorbusiness_front","Leszek Outdoor Business Front","male","False","https://files2.heygen.ai/avatar/v3/2536850380f14112b84b9dfa0ce5a8fb_38410/preview_target.webp","https://files2.heygen.ai/avatar/v3/2536850380f14112b84b9dfa0ce5a8fb_38410/preview_video_target.mp4"
"Leszek_standing_outdoorbusiness_side","Leszek Outdoor Business Side","male","False","https://files2.heygen.ai/avatar/v3/050132ae00574515a38afaf93820c80d_38400/preview_target.webp","https://files2.heygen.ai/avatar/v3/050132ae00574515a38afaf93820c80d_38400/preview_video_target.mp4"
"Leszek_standing_outdoorcasual_front","Leszek Outdoor Casual Front","male","False","https://files2.heygen.ai/avatar/v3/0b4a8f1afbe7449b9f06020ef550e486_38410/preview_talk_1.webp","https://files2.heygen.ai/avatar/v3/0b4a8f1afbe7449b9f06020ef550e486_38410/preview_video_talk_1.mp4"
"Leszek_standing_outdoorcasual_side","Leszek Outdoor Casual Side","male","False","https://files2.heygen.ai/avatar/v3/0380256385f64860b4fa5cb67661212d_38400/preview_talk_1.webp","https://files2.heygen.ai/avatar/v3/0380256385f64860b4fa5cb67661212d_38400/preview_video_talk_1.mp4"
"Leszek_sitting_sofa_front","Leszek Sofa Front","male","False","https://files2.heygen.ai/avatar/v3/6bcdc43cd4be4b098f3338aefb83fe4c_38490/preview_talk_2.webp","https://files2.heygen.ai/avatar/v3/6bcdc43cd4be4b098f3338aefb83fe4c_38490/preview_video_talk_2.mp4"
"Leszek_sitting_sofa_side","Leszek Sofa Side","male","False","https://files2.heygen.ai/avatar/v3/225b314b878f4cdc88a378a08e346610_38500/preview_target.webp","https://files2.heygen.ai/avatar/v3/225b314b878f4cdc88a378a08e346610_38500/preview_video_target.mp4"
"Lily_public_lite1_20230601","Leah","female","False","https://files2.heygen.ai/avatar/v3/b596c0849b7942778ad27f63c5995e33_2626/preview_talk_1.webp","https://files2.heygen.ai/avatar/v3/b596c0849b7942778ad27f63c5995e33_2626/preview_video_talk_1.mp4"
"Lily_public_pro1_20230614","Leah in Black Suit","female","False","https://files2.heygen.ai/avatar/v3/51267c0f0f2045518a8c66bb1709bf2a_2654/preview_target.webp","https://files2.heygen.ai/avatar/v3/51267c0f0f2045518a8c66bb1709bf2a_2654/preview_video_target.mp4"
"Lina_Casual_Front_2_public","Lina Casual Front 2","female","False","https://files2.heygen.ai/avatar/v3/dcbb1272edce4003b63f5f87cdb99ea0_48370/preview_target.webp","https://files2.heygen.ai/avatar/v3/dcbb1272edce4003b63f5f87cdb99ea0_48370/preview_video_target.mp4"
"Lina_Casual_Front_public","Lina Casual Front","female","False","https://files2.heygen.ai/avatar/v3/f362f513eb5241d795aa555d47e02db5_48370/preview_talk_2.webp","https://files2.heygen.ai/avatar/v3/f362f513eb5241d795aa555d47e02db5_48370/preview_video_talk_2.mp4"
"Lina_Casual_Side_2_public","Lina Casual Side 2","female","False","https://files2.heygen.ai/avatar/v3/8a770e4e91864a5db7dd09eee74d7d4b_48360/preview_talk_1.webp","https://files2.heygen.ai/avatar/v3/8a770e4e91864a5db7dd09eee74d7d4b_48360/preview_video_talk_1.mp4"
"Lina_Casual_Side_public","Lina Casual Side","female","False","https://files2.heygen.ai/avatar/v3/07ec261b50144715a8c8c37dd078a481_48360/preview_talk_2.webp","https://files2.heygen.ai/avatar/v3/07ec261b50144715a8c8c37dd078a481_48360/preview_video_talk_2.mp4"
"Lina_Casual_Sitting_Front_public","Lina Casual Sitting Front","female","False","https://files2.heygen.ai/avatar/v3/190a8bd537fd4fda840e09f49d277599_48370/preview_talk_1.webp","https://files2.heygen.ai/avatar/v3/190a8bd537fd4fda840e09f49d277599_48370/preview_video_talk_1.mp4"
"Lina_Casual_Sitting_Side_public","Lina Casual Sitting Side","female","False","https://files2.heygen.ai/avatar/v3/719ea3283dae4fc6bae76daec69e29a5_48360/preview_target.webp","https://files2.heygen.ai/avatar/v3/719ea3283dae4fc6bae76daec69e29a5_48360/preview_video_target.mp4"
"Lina_Dress_Front_public","Lina Dress Front","female","False","https://files2.heygen.ai/avatar/v3/4233989bd7a744ffba03f17a438a256a_48340/preview_talk_1.webp","https://files2.heygen.ai/avatar/v3/4233989bd7a744ffba03f17a438a256a_48340/preview_video_talk_1.mp4"
"Lina_Dress_Side_2_public","Lina Dress Side 2","female","False","https://files2.heygen.ai/avatar/v3/c88381419d6d4318aabdf066aea096b1_45960/preview_talk_1.webp","https://files2.heygen.ai/avatar/v3/c88381419d6d4318aabdf066aea096b1_45960/preview_video_talk_1.mp4"
"Lina_Dress_Side_public","Lina Dress Side","female","False","https://files2.heygen.ai/avatar/v3/3361373eff2c466f88f1a2797668b018_48350/preview_target.webp","https://files2.heygen.ai/avatar/v3/3361373eff2c466f88f1a2797668b018_48350/preview_video_target.mp4"
"Lina_Dress_Sitting_Front_public","Lina Dress Sitting Front","female","False","https://files2.heygen.ai/avatar/v3/c6a3fe9b7ed64889a76387bd70e36b37_48340/preview_target.webp","https://files2.heygen.ai/avatar/v3/c6a3fe9b7ed64889a76387bd70e36b37_48340/preview_video_target.mp4"
"Lina_Dress_Sitting_Side_public","Lina Dress Sitting Side","female","False","https://files2.heygen.ai/avatar/v3/a92f50e226da436b8d9169a4d3084c3f_45960/preview_talk_2.webp","https://files2.heygen.ai/avatar/v3/a92f50e226da436b8d9169a4d3084c3f_45960/preview_video_talk_2.mp4"
"Lina_Sweater_Front_2_public","Lina Sweater Front 2","female","False","https://files2.heygen.ai/avatar/v3/c24b776620094c2db9c0366160cec82d_48320/preview_talk_1.webp","https://files2.heygen.ai/avatar/v3/c24b776620094c2db9c0366160cec82d_48320/preview_video_talk_1.mp4"
"Lina_Sweater_Front_public","Lina Sweater Front","female","False","https://files2.heygen.ai/avatar/v3/3d8888d911904c1ab0059ca69c1e8814_46190/preview_talk_3.webp","https://files2.heygen.ai/avatar/v3/3d8888d911904c1ab0059ca69c1e8814_46190/preview_video_talk_3.mp4"
"Lina_Sweater_Side_2_public","Lina Sweater Side 2","female","False","https://files2.heygen.ai/avatar/v3/1509c4fc0cc5444188561aa6c02d761b_46190/preview_talk_2.webp","https://files2.heygen.ai/avatar/v3/1509c4fc0cc5444188561aa6c02d761b_46190/preview_video_talk_2.mp4"
"Lina_Sweater_Side_public","Lina Sweater Side","female","False","https://files2.heygen.ai/avatar/v3/1d26efc602e347fead32af0ac6eb3345_46190/preview_talk_3.webp","https://files2.heygen.ai/avatar/v3/1d26efc602e347fead32af0ac6eb3345_46190/preview_video_talk_3.mp4"
"Lina_Sweater_Sitting_Front_2_public","Lina Sweater Sitting Front 2","female","False","https://files2.heygen.ai/avatar/v3/11a1509a55e84ef38bf543c4fc780765_46180/preview_talk_3.webp","https://files2.heygen.ai/avatar/v3/11a1509a55e84ef38bf543c4fc780765_46180/preview_video_talk_3.mp4"
"Lina_Sweater_Sitting_Front_public","Lina Sweater Sitting Front","female","False","https://files2.heygen.ai/avatar/v3/007d329047914a5d84ee892b602df5bb_46180/preview_talk_1.webp","https://files2.heygen.ai/avatar/v3/007d329047914a5d84ee892b602df5bb_46180/preview_video_talk_1.mp4"
"Lina_Sweater_Sitting_Side_2_public","Lina Sweater Sitting Side 2","female","False","https://files2.heygen.ai/avatar/v3/339bf2081af24616a55b77b3ecc2092f_48330/preview_target.webp","https://files2.heygen.ai/avatar/v3/339bf2081af24616a55b77b3ecc2092f_48330/preview_video_target.mp4"
"Lina_Sweater_Sitting_Side_public","Lina Sweater Sitting Side","female","False","https://files2.heygen.ai/avatar/v3/98738abc27534cf49da0564ef1890b61_46190/preview_target.webp","https://files2.heygen.ai/avatar/v3/98738abc27534cf49da0564ef1890b61_46190/preview_video_target.mp4"
"Lisa_public","Lisa","female","False","https://files2.heygen.ai/avatar/v3/4db63bc961c84f7bb8709b91961f39f5_52230/preview_target.webp","https://files2.heygen.ai/avatar/v3/4db63bc961c84f7bb8709b91961f39f5_52230/preview_video_target.mp4"
"Luca_public","Luca","male","False","https://files2.heygen.ai/avatar/v3/5cedd38b227746ea95edc4a0332c7746_52300/preview_target.webp","https://files2.heygen.ai/avatar/v3/5cedd38b227746ea95edc4a0332c7746_52300/preview_video_target.mp4"
"Lucien_public_5","Lucien in Black coat","male","False","https://files2.heygen.ai/avatar/v3/c2591f539b25433188e77a6099d97adb_61610/preview_target.webp","https://files2.heygen.ai/avatar/v3/c2591f539b25433188e77a6099d97adb_61610/preview_video_target.mp4"
"Lucien_public_4","Lucien in Black polo-shirt","male","False","https://files2.heygen.ai/avatar/v3/7b4e8dc7bb024049aa7eb07504eb70b7_61600/preview_target.webp","https://files2.heygen.ai/avatar/v3/7b4e8dc7bb024049aa7eb07504eb70b7_61600/preview_video_target.mp4"
"Lucien_public_1","Lucien in Blue blazer","male","False","https://files2.heygen.ai/avatar/v3/061286b5f6a84cf69a92623ed560b806_61570/preview_target.webp","https://files2.heygen.ai/avatar/v3/061286b5f6a84cf69a92623ed560b806_61570/preview_video_target.mp4"
"Lucien_public_2","Lucien in Blue shirt","male","False","https://files2.heygen.ai/avatar/v3/24bd57aa288a4893af8e1b766890ef0c_61580/preview_target.webp","https://files2.heygen.ai/avatar/v3/24bd57aa288a4893af8e1b766890ef0c_61580/preview_video_target.mp4"
"Lucien_public_6","Lucien in Grey blazer","male","False","https://files2.heygen.ai/avatar/v3/95a6430aaf1b4d32a84e311d3010e27a_61620/preview_target.webp","https://files2.heygen.ai/avatar/v3/95a6430aaf1b4d32a84e311d3010e27a_61620/preview_video_target.mp4"
"Lucien_public_3","Lucien in White shirt","male","False","https://files2.heygen.ai/avatar/v3/4621c808e93e4c568fd3dd9d5058661b_61590/preview_target.webp","https://files2.heygen.ai/avatar/v3/4621c808e93e4c568fd3dd9d5058661b_61590/preview_video_target.mp4"
"Luke_public_20240306","Luke in Brown Suit","male","False","https://files2.heygen.ai/avatar/v3/c326a7d470be4cd0b949cde567a68567_14857/preview_talk_5.webp","https://files2.heygen.ai/avatar/v3/c326a7d470be4cd0b949cde567a68567_14857/preview_video_talk_5.mp4"
"Luke_public_2_20240306","Luke in Yellow Jacket","male","False","https://files2.heygen.ai/avatar/v3/c326a7d470be4cd0b949cde567a68567_14857/preview_target.webp","https://files2.heygen.ai/avatar/v3/c326a7d470be4cd0b949cde567a68567_14857/preview_video_target.mp4"
"Luke_public_3_20240306","Luke in Blue Suit","male","False","https://files2.heygen.ai/avatar/v3/c326a7d470be4cd0b949cde567a68567_14857/preview_talk_3.webp","https://files2.heygen.ai/avatar/v3/c326a7d470be4cd0b949cde567a68567_14857/preview_video_talk_3.mp4"
"Marcus_expressive_2024120201","Marcus (Upper Body)","male","False","https://files2.heygen.ai/avatar/v3/5e3416381f2345569991010c35d5c8cb_45820/preview_target.webp","https://files2.heygen.ai/avatar/v3/5e3416381f2345569991010c35d5c8cb_45820/preview_video_target.mp4"
"Marcus_Coffee_Front_2_public","Marcus CafÃ© Front 2","male","False","https://files2.heygen.ai/avatar/v3/fcd327bcfd654842b64f0a2eafff9d4b_45740/preview_target.webp","https://files2.heygen.ai/avatar/v3/fcd327bcfd654842b64f0a2eafff9d4b_45740/preview_video_target.mp4"
"Marcus_Coffee_Front_public","Marcus CafÃ© Front","male","False","https://files2.heygen.ai/avatar/v3/92c0f5925e6e4a90b77970fc7f7c1945_45270/preview_target.webp","https://files2.heygen.ai/avatar/v3/92c0f5925e6e4a90b77970fc7f7c1945_45270/preview_video_target.mp4"
"Marcus_Coffee_Side_2_public","Marcus CafÃ© Side 2","male","False","https://files2.heygen.ai/avatar/v3/49442ddc578f452cbcf29c2eb414e55c_45750/preview_target.webp","https://files2.heygen.ai/avatar/v3/49442ddc578f452cbcf29c2eb414e55c_45750/preview_video_target.mp4"
"Marcus_Coffee_Side_public","Marcus CafÃ© Side","male","False","https://files2.heygen.ai/avatar/v3/080e0d3b42474117bb95ed72d710c024_45260/preview_talk_1.webp","https://files2.heygen.ai/avatar/v3/080e0d3b42474117bb95ed72d710c024_45260/preview_video_talk_1.mp4"
"Marcus_Casual_Front_public","Marcus Casual Front","male","False","https://files2.heygen.ai/avatar/v3/3e9090ab80f24aedbda3edcc5477aa10_45740/preview_talk_2.webp","https://files2.heygen.ai/avatar/v3/3e9090ab80f24aedbda3edcc5477aa10_45740/preview_video_talk_2.mp4"
"Marcus_Casual_Side_public","Marcus Casual Side","male","False","https://files2.heygen.ai/avatar/v3/85ade20079d74bfbb1e06c76c49ea387_45750/preview_talk_2.webp","https://files2.heygen.ai/avatar/v3/85ade20079d74bfbb1e06c76c49ea387_45750/preview_video_talk_2.mp4"
"Marcus_Casual_Sitting_Front_2_public","Marcus Casual Sitting Front 2","male","False","https://files2.heygen.ai/avatar/v3/62d76dab37344c3ead7b9b1878740253_45760/preview_talk_1.webp","https://files2.heygen.ai/avatar/v3/62d76dab37344c3ead7b9b1878740253_45760/preview_video_talk_1.mp4"
"Marcus_Casual_Sitting_Front_public","Marcus Casual Sitting Front","male","False","https://files2.heygen.ai/avatar/v3/630c5090f8444f88b5fb4f2780df5d05_45740/preview_talk_1.webp","https://files2.heygen.ai/avatar/v3/630c5090f8444f88b5fb4f2780df5d05_45740/preview_video_talk_1.mp4"
"Marcus_Casual_Sitting_Side_2_public","Marcus Casual Sitting Side 2","male","False","https://files2.heygen.ai/avatar/v3/443080c52a90427eaa37e7d88e3aaf94_45770/preview_talk_2.webp","https://files2.heygen.ai/avatar/v3/443080c52a90427eaa37e7d88e3aaf94_45770/preview_video_talk_2.mp4"
"Marcus_Casual_Sitting_Side_public","Marcus Casual Sitting Side","male","False","https://files2.heygen.ai/avatar/v3/596aeb26dece4bb7a7b78cbed4f52898_45750/preview_talk_1.webp","https://files2.heygen.ai/avatar/v3/596aeb26dece4bb7a7b78cbed4f52898_45750/preview_video_talk_1.mp4"
"Marcus_Denim_Jacket_Front_public","Marcus Denim Jacket Front","male","False","https://files2.heygen.ai/avatar/v3/804201392f074f23aa895748049b739c_45760/preview_talk_2.webp","https://files2.heygen.ai/avatar/v3/804201392f074f23aa895748049b739c_45760/preview_video_talk_2.mp4"
"Marcus_Denim_Jacket_Side_public","Marcus Denim Jacket Side","male","False","https://files2.heygen.ai/avatar/v3/dbe0810db99e480a9c32d0548e8af687_45770/preview_talk_1.webp","https://files2.heygen.ai/avatar/v3/dbe0810db99e480a9c32d0548e8af687_45770/preview_video_talk_1.mp4"
"Marcus_Education_Front_public","Marcus Education Front","male","False","https://files2.heygen.ai/avatar/v3/70912c8e123d424ab3aca412d1c90ffa_45760/preview_target.webp","https://files2.heygen.ai/avatar/v3/70912c8e123d424ab3aca412d1c90ffa_45760/preview_video_target.mp4"
"Marcus_Education_Side_public","Marcus Education Side","male","False","https://files2.heygen.ai/avatar/v3/7c7ea16acf92424889919cb2f508bb62_45770/preview_target.webp","https://files2.heygen.ai/avatar/v3/7c7ea16acf92424889919cb2f508bb62_45770/preview_video_target.mp4"
"Marcus_Sitting_Front_public","Marcus Sitting Front","male","False","https://files2.heygen.ai/avatar/v3/9661e2e3108f4ea182429fbc2fb7e777_45270/preview_talk_2.webp","https://files2.heygen.ai/avatar/v3/9661e2e3108f4ea182429fbc2fb7e777_45270/preview_video_talk_2.mp4"
"Marcus_Sitting_Side_public","Marcus Sitting Side","male","False","https://files2.heygen.ai/avatar/v3/4d9d5af955f34e8091528b3f5ea6bdd2_45260/preview_talk_2.webp","https://files2.heygen.ai/avatar/v3/4d9d5af955f34e8091528b3f5ea6bdd2_45260/preview_video_talk_2.mp4"
"Marcus_Suit_Front_public","Marcus Suit Front","male","False","https://files2.heygen.ai/avatar/v3/e2ebd7fc67994cf9870c8a2226ea2fef_45270/preview_talk_1.webp","https://files2.heygen.ai/avatar/v3/e2ebd7fc67994cf9870c8a2226ea2fef_45270/preview_video_talk_1.mp4"
"Marcus_Suit_Side_public","Marcus Suit Side","male","False","https://files2.heygen.ai/avatar/v3/69f7bbca82d84d4c945b93b1fb01798f_45260/preview_target.webp","https://files2.heygen.ai/avatar/v3/69f7bbca82d84d4c945b93b1fb01798f_45260/preview_video_target.mp4"
"Maria_public_3_20240111","Maria in Suit","female","False","https://files2.heygen.ai/avatar/v3/59f9b51a1c3c4218a74dd324b0ac9e1e_13310/preview_talk_1.webp","https://files2.heygen.ai/avatar/v3/59f9b51a1c3c4218a74dd324b0ac9e1e_13310/preview_video_talk_1.mp4"
"Maria_public_20240111","Maria in Sweater","female","False","https://files2.heygen.ai/avatar/v3/59f9b51a1c3c4218a74dd324b0ac9e1e_13310/preview_talk_3.webp","https://files2.heygen.ai/avatar/v3/59f9b51a1c3c4218a74dd324b0ac9e1e_13310/preview_video_talk_3.mp4"
"Maria_public_2_20240111","Maria in Black Suit","female","False","https://files2.heygen.ai/avatar/v3/59f9b51a1c3c4218a74dd324b0ac9e1e_13310/preview_talk_4.webp","https://files2.heygen.ai/avatar/v3/59f9b51a1c3c4218a74dd324b0ac9e1e_13310/preview_video_talk_4.mp4"
"Martina_standing_office_front","Martina Office Front 2","female","False","https://files2.heygen.ai/avatar/v3/25257e48e8034131a3a055b234cd4683_38090/preview_talk_1.webp","https://files2.heygen.ai/avatar/v3/25257e48e8034131a3a055b234cd4683_38090/preview_video_talk_1.mp4"
"Martina_sitting_office_front","Martina Office Front","female","False","https://files2.heygen.ai/avatar/v3/9712d1bcebed4c5d9869d36af796a532_38090/preview_target.webp","https://files2.heygen.ai/avatar/v3/9712d1bcebed4c5d9869d36af796a532_38090/preview_video_target.mp4"
"Martina_standing_office_side","Martina Office Side 2","female","False","https://files2.heygen.ai/avatar/v3/fd973e3d6bbd4954a42ee559a2bff6e6_38100/preview_talk_1.webp","https://files2.heygen.ai/avatar/v3/fd973e3d6bbd4954a42ee559a2bff6e6_38100/preview_video_talk_1.mp4"
"Martina_sitting_office_side","Martina Office Side","female","False","https://files2.heygen.ai/avatar/v3/59c8f4452d1f461c9404568f189df4f3_38100/preview_target.webp","https://files2.heygen.ai/avatar/v3/59c8f4452d1f461c9404568f189df4f3_38100/preview_video_target.mp4"
"Martina_standing_sofa_front","Martina Sofa Front 2","female","False","https://files2.heygen.ai/avatar/v3/48b6894526c84bdda40330d3325df5fa_38790/preview_target.webp","https://files2.heygen.ai/avatar/v3/48b6894526c84bdda40330d3325df5fa_38790/preview_video_target.mp4"
"Martina_sitting_sofa_front","Martina Sofa Front","female","False","https://files2.heygen.ai/avatar/v3/fd17e321d8bb460487ab34acf75eeae7_38300/preview_target.webp","https://files2.heygen.ai/avatar/v3/fd17e321d8bb460487ab34acf75eeae7_38300/preview_video_target.mp4"
"Martina_standing_sofa_side","Martina Sofa Side 2","female","False","https://files2.heygen.ai/avatar/v3/a1c55173e68245ad886a30cce161c351_38310/preview_talk_1.webp","https://files2.heygen.ai/avatar/v3/a1c55173e68245ad886a30cce161c351_38310/preview_video_talk_1.mp4"
"Martina_sitting_sofa_side","Martina Sofa Side","female","False","https://files2.heygen.ai/avatar/v3/88e9c715d39f45869626baee48cf6249_38310/preview_target.webp","https://files2.heygen.ai/avatar/v3/88e9c715d39f45869626baee48cf6249_38310/preview_video_target.mp4"
"Masha_standing_office_front","Masha Office Front 2","female","False","https://files2.heygen.ai/avatar/v3/e2b628b892a740efbde8a8bf9371d410_37860/preview_talk_2.webp","https://files2.heygen.ai/avatar/v3/e2b628b892a740efbde8a8bf9371d410_37860/preview_video_talk_2.mp4"
"Masha_sitting_office_front","Masha Office Front","female","False","https://files2.heygen.ai/avatar/v3/a295712797d54bf4b6426c5e8593909a_37860/preview_talk_3.webp","https://files2.heygen.ai/avatar/v3/a295712797d54bf4b6426c5e8593909a_37860/preview_video_talk_3.mp4"
"Masha_standing_office_side","Masha Office Side 2","female","False","https://files2.heygen.ai/avatar/v3/26715cbc2f664a4798da60f6b8118da1_37880/preview_talk_1.webp","https://files2.heygen.ai/avatar/v3/26715cbc2f664a4798da60f6b8118da1_37880/preview_video_talk_1.mp4"
"Masha_sitting_office_side","Masha Office Side","female","False","https://files2.heygen.ai/avatar/v3/16b1efeaaa274e65904d0edfa720067e_37880/preview_target.webp","https://files2.heygen.ai/avatar/v3/16b1efeaaa274e65904d0edfa720067e_37880/preview_video_target.mp4"
"Masha_standing_sofacasual_front","Masha Sofa Casual Front 2","female","False","https://files2.heygen.ai/avatar/v3/174699c01e7c47e990196259a02e027d_37860/preview_talk_1.webp","https://files2.heygen.ai/avatar/v3/174699c01e7c47e990196259a02e027d_37860/preview_video_talk_1.mp4"
"Masha_sitting_sofacasual_front","Masha Sofa Casual Front","female","False","https://files2.heygen.ai/avatar/v3/42238f78ef4c49b6bfb77e7cd7913977_37860/preview_target.webp","https://files2.heygen.ai/avatar/v3/42238f78ef4c49b6bfb77e7cd7913977_37860/preview_video_target.mp4"
"Masha_standing_sofacasual_side","Masha Sofa Casual Side 2","female","False","https://files2.heygen.ai/avatar/v3/ad2f42ddac064e0b93e14bff4e1f9551_37870/preview_target.webp","https://files2.heygen.ai/avatar/v3/ad2f42ddac064e0b93e14bff4e1f9551_37870/preview_video_target.mp4"
"Masha_sitting_sofacasual_side","Masha Sofa Casual Side","female","False","https://files2.heygen.ai/avatar/v3/5059349cb10c4599a3c98ef45466382f_37870/preview_talk_1.webp","https://files2.heygen.ai/avatar/v3/5059349cb10c4599a3c98ef45466382f_37870/preview_video_talk_1.mp4"
"Mason_public_20240304","Mason in Blue Suit","male","False","https://files2.heygen.ai/avatar/v3/e7425ff40f38498085030cafa8108034_14757/preview_talk_3.webp","https://files2.heygen.ai/avatar/v3/e7425ff40f38498085030cafa8108034_14757/preview_video_talk_3.mp4"
"Mason_public_2_20240304","Mason in White Shirt","male","False","https://files2.heygen.ai/avatar/v3/e7425ff40f38498085030cafa8108034_14757/preview_talk_5.webp","https://files2.heygen.ai/avatar/v3/e7425ff40f38498085030cafa8108034_14757/preview_video_talk_5.mp4"
"Mason_public_3_20240304","Mason in Blue Sweater","male","False","https://files2.heygen.ai/avatar/v3/e7425ff40f38498085030cafa8108034_14757/preview_talk_1.webp","https://files2.heygen.ai/avatar/v3/e7425ff40f38498085030cafa8108034_14757/preview_video_talk_1.mp4"
"Matteo_standing_office_front","Matteo Office Front 2","male","False","https://files2.heygen.ai/avatar/v3/c4434f25263b4de48eafe838338272fe_37420/preview_talk_1.webp","https://files2.heygen.ai/avatar/v3/c4434f25263b4de48eafe838338272fe_37420/preview_video_talk_1.mp4"
"Matteo_sitting_office_front","Matteo Office Front","male","False","https://files2.heygen.ai/avatar/v3/600142856eb648cbb6786783d3fe25fd_37420/preview_target.webp","https://files2.heygen.ai/avatar/v3/600142856eb648cbb6786783d3fe25fd_37420/preview_video_target.mp4"
"Matteo_standing_office_side","Matteo Office Side 2","male","False","https://files2.heygen.ai/avatar/v3/d1526fb587854cfa839cd03749f0c1b9_37430/preview_talk_1.webp","https://files2.heygen.ai/avatar/v3/d1526fb587854cfa839cd03749f0c1b9_37430/preview_video_talk_1.mp4"
"Matteo_sitting_office_side","Matteo Office Side","male","False","https://files2.heygen.ai/avatar/v3/3b287941ebe2437fb8a6f4c313be1738_37430/preview_target.webp","https://files2.heygen.ai/avatar/v3/3b287941ebe2437fb8a6f4c313be1738_37430/preview_video_target.mp4"
"Matteo_standing_sofa_front","Matteo Sofa Front 2","male","False","https://files2.heygen.ai/avatar/v3/a63084fab5a14c509459500877a4f2c0_37380/preview_talk_1.webp","https://files2.heygen.ai/avatar/v3/a63084fab5a14c509459500877a4f2c0_37380/preview_video_talk_1.mp4"
"Matteo_sitting_sofa_front","Matteo Sofa Front","male","False","https://files2.heygen.ai/avatar/v3/3f123e7884aa4024ab9d623566449f1d_37380/preview_target.webp","https://files2.heygen.ai/avatar/v3/3f123e7884aa4024ab9d623566449f1d_37380/preview_video_target.mp4"
"Matteo_standing_sofa_side","Matteo Sofa Side 2","male","False","https://files2.heygen.ai/avatar/v3/6e3c56e3f2a04041836ae4449bdcb808_37390/preview_target.webp","https://files2.heygen.ai/avatar/v3/6e3c56e3f2a04041836ae4449bdcb808_37390/preview_video_target.mp4"
"Matteo_sitting_sofa_side","Matteo Sofa Side","male","False","https://files2.heygen.ai/avatar/v3/c1b5f6e2702140bea7658c9af83aaa19_37390/preview_talk_1.webp","https://files2.heygen.ai/avatar/v3/c1b5f6e2702140bea7658c9af83aaa19_37390/preview_video_talk_1.mp4"
"Max_expressive_2024112701","Max (Upper Body)","male","False","https://files2.heygen.ai/avatar/v3/7c66b96c447b4c79a8ee93512afc73a6_44390/preview_talk_4.webp","https://files2.heygen.ai/avatar/v3/7c66b96c447b4c79a8ee93512afc73a6_44390/preview_video_talk_4.mp4"
"Max_sitting_indoor_front","Max Indoor Front","male","False","https://files2.heygen.ai/avatar/v3/5316bfe35e3a41a99af40650698e8ca4_39520/preview_target.webp","https://files2.heygen.ai/avatar/v3/5316bfe35e3a41a99af40650698e8ca4_39520/preview_video_target.mp4"
"Max_sitting_indoor_side","Max Indoor Side","male","False","https://files2.heygen.ai/avatar/v3/ea8708c75dd14ce1b0aa0f56addd79ff_39610/preview_target.webp","https://files2.heygen.ai/avatar/v3/ea8708c75dd14ce1b0aa0f56addd79ff_39610/preview_video_target.mp4"
"Max_standing_outdoorsport_front","Max Outdoor Sport Front","male","False","https://files2.heygen.ai/avatar/v3/613d8444f5264ee8997725a087ce520c_39390/preview_talk_2.webp","https://files2.heygen.ai/avatar/v3/613d8444f5264ee8997725a087ce520c_39390/preview_video_talk_2.mp4"
"Max_standing_outdoorsport_side","Max Outdoor Sport Side","male","False","https://files2.heygen.ai/avatar/v3/8d5321631a09475ab759d39f15d4de52_39480/preview_target.webp","https://files2.heygen.ai/avatar/v3/8d5321631a09475ab759d39f15d4de52_39480/preview_video_target.mp4"
"Milena_standing_office_front","Milena Office Front 2","female","False","https://files2.heygen.ai/avatar/v3/69d07b8f02194765befda0c2d2a9588d_37730/preview_talk_7.webp","https://files2.heygen.ai/avatar/v3/69d07b8f02194765befda0c2d2a9588d_37730/preview_video_talk_7.mp4"
"Milena_sitting_office_front","Milena Office Front","female","False","https://files2.heygen.ai/avatar/v3/732ab382194149198f3c29d85988890e_37740/preview_talk_4.webp","https://files2.heygen.ai/avatar/v3/732ab382194149198f3c29d85988890e_37740/preview_video_talk_4.mp4"
"Milena_standing_office_side","Milena Office Side 2","female","False","https://files2.heygen.ai/avatar/v3/82c60b4406aa4aa08449f0f4fb2604c0_38000/preview_talk_1.webp","https://files2.heygen.ai/avatar/v3/82c60b4406aa4aa08449f0f4fb2604c0_38000/preview_video_talk_1.mp4"
"Milena_sitting_office_side","Milena Office Side","female","False","https://files2.heygen.ai/avatar/v3/2c71265382fd443385abff2833c985c0_37740/preview_target.webp","https://files2.heygen.ai/avatar/v3/2c71265382fd443385abff2833c985c0_37740/preview_video_target.mp4"
"Milena_standing_sofa_front","Milena Sofa Front 2","female","False","https://files2.heygen.ai/avatar/v3/22a0b782d84f46ddac70d67212979d1d_37730/preview_talk_3.webp","https://files2.heygen.ai/avatar/v3/22a0b782d84f46ddac70d67212979d1d_37730/preview_video_talk_3.mp4"
"Milena_sitting_sofa_front","Milena Sofa Front","female","False","https://files2.heygen.ai/avatar/v3/0bfb786b43c147eea67f56152f469b37_37730/preview_talk_1.webp","https://files2.heygen.ai/avatar/v3/0bfb786b43c147eea67f56152f469b37_37730/preview_video_talk_1.mp4"
"Milena_standing_sofa_side","Milena Sofa Side 2","female","False","https://files2.heygen.ai/avatar/v3/4f0ed7f8c8d848e98a5e5ad1884be249_37740/preview_talk_5.webp","https://files2.heygen.ai/avatar/v3/4f0ed7f8c8d848e98a5e5ad1884be249_37740/preview_video_talk_5.mp4"
"Milena_sitting_sofa_side","Milena Sofa Side","female","False","https://files2.heygen.ai/avatar/v3/e4e069ceaa2143c8bdfd33c08c2cc1b1_37740/preview_talk_2.webp","https://files2.heygen.ai/avatar/v3/e4e069ceaa2143c8bdfd33c08c2cc1b1_37740/preview_video_talk_2.mp4"
"Miles_expressive_2024112701","Miles (Upper Body)","male","False","https://files2.heygen.ai/avatar/v3/09782079cbb14d97be82de2fe867c690_44410/preview_talk_4.webp","https://files2.heygen.ai/avatar/v3/09782079cbb14d97be82de2fe867c690_44410/preview_video_talk_4.mp4"
"Miles_standing_outdoor_front","Miles Outdoor Front","male","False","https://files2.heygen.ai/avatar/v3/c18ac00b6a8c422c89aab25bf0182da3_37460/preview_talk_1.webp","https://files2.heygen.ai/avatar/v3/c18ac00b6a8c422c89aab25bf0182da3_37460/preview_video_talk_1.mp4"
"Miles_standing_outdoor_side","Miles Outdoor Side","male","False","https://files2.heygen.ai/avatar/v3/02f5b414d63e49e8905031b93f4784ae_37470/preview_talk_1.webp","https://files2.heygen.ai/avatar/v3/02f5b414d63e49e8905031b93f4784ae_37470/preview_video_talk_1.mp4"
"Miles_sitting_sofa_front","Miles Sofa Front 2","male","False","https://files2.heygen.ai/avatar/v3/185238c6e6824ec7b4bba8ea3d9650a2_37460/preview_talk_2.webp","https://files2.heygen.ai/avatar/v3/185238c6e6824ec7b4bba8ea3d9650a2_37460/preview_video_talk_2.mp4"
"Miles_standing_sofa_front","Miles Sofa Front","male","False","https://files2.heygen.ai/avatar/v3/2297b2619b784d6db35ce56c6a93c385_37460/preview_talk_3.webp","https://files2.heygen.ai/avatar/v3/2297b2619b784d6db35ce56c6a93c385_37460/preview_video_talk_3.mp4"
"Miles_sitting_sofa_side","Miles Sofa Side 2","male","False","https://files2.heygen.ai/avatar/v3/49d3cbae2df44edd9690b4ec329ada1f_37470/preview_talk_2.webp","https://files2.heygen.ai/avatar/v3/49d3cbae2df44edd9690b4ec329ada1f_37470/preview_video_talk_2.mp4"
"Miles_standing_sofa_side","Miles Sofa Side","male","False","https://files2.heygen.ai/avatar/v3/fcf2a5f6b1ba4e5c9582c49e0c52f8ad_37470/preview_talk_3.webp","https://files2.heygen.ai/avatar/v3/fcf2a5f6b1ba4e5c9582c49e0c52f8ad_37470/preview_video_talk_3.mp4"
"Minho_public_2","Minho in Blue blazer","male","False","https://files2.heygen.ai/avatar/v3/8a75198b104f463a8b4282e8f512c98a_62210/preview_target.webp","https://files2.heygen.ai/avatar/v3/8a75198b104f463a8b4282e8f512c98a_62210/preview_video_target.mp4"
"Minho_public_6","Minho in Blue shirt","male","False","https://files2.heygen.ai/avatar/v3/df3547166a564b6796fc0ca56bd9d4d1_62250/preview_target.webp","https://files2.heygen.ai/avatar/v3/df3547166a564b6796fc0ca56bd9d4d1_62250/preview_video_target.mp4"
"Minho_public_1","Minho in Khaki jacket","male","False","https://files2.heygen.ai/avatar/v3/ad3f4256ecd842218068539a7b2ac9c2_62200/preview_target.webp","https://files2.heygen.ai/avatar/v3/ad3f4256ecd842218068539a7b2ac9c2_62200/preview_video_target.mp4"
"Minho_public_3","Minho in White shirt","male","False","https://files2.heygen.ai/avatar/v3/feb7d8a3fa374c8388e2272632929ed6_62220/preview_target.webp","https://files2.heygen.ai/avatar/v3/feb7d8a3fa374c8388e2272632929ed6_62220/preview_video_target.mp4"
"Minho_public_4","Minho in White t-shirt","male","False","https://files2.heygen.ai/avatar/v3/65edb3cc9c674d24bb13626ec4badf9f_62230/preview_target.webp","https://files2.heygen.ai/avatar/v3/65edb3cc9c674d24bb13626ec4badf9f_62230/preview_video_target.mp4"
"Mireia_sitting_businessindoor_front","Mireia Business Indoor Front","female","False","https://files2.heygen.ai/avatar/v3/216fc0bd22ce4456a7565d6ce3793125_39020/preview_talk_7.webp","https://files2.heygen.ai/avatar/v3/216fc0bd22ce4456a7565d6ce3793125_39020/preview_video_talk_7.mp4"
"Mireia_sitting_businessindoor_side","Mireia Business Indoor Side","female","False","https://files2.heygen.ai/avatar/v3/089414f8a06c4cf7a47d3a14a5019ce3_39050/preview_talk_3.webp","https://files2.heygen.ai/avatar/v3/089414f8a06c4cf7a47d3a14a5019ce3_39050/preview_video_talk_3.mp4"
"Mireia_sitting_outdoorchair_front","Mireia Outdoor Chair Front","female","False","https://files2.heygen.ai/avatar/v3/a6c1b75d2edc484f8f5d9a274aa55f00_39020/preview_talk_3.webp","https://files2.heygen.ai/avatar/v3/a6c1b75d2edc484f8f5d9a274aa55f00_39020/preview_video_talk_3.mp4"
"Mireia_standing_outdoor_front","Mireia Outdoor Front","female","False","https://files2.heygen.ai/avatar/v3/3c70eb76fb3b4631acbfd0ef6a2540e8_39020/preview_target.webp","https://files2.heygen.ai/avatar/v3/3c70eb76fb3b4631acbfd0ef6a2540e8_39020/preview_video_target.mp4"
"Mireia_standing_outdoor_side","Mireia Outdoor Side","female","False","https://files2.heygen.ai/avatar/v3/19f986f218ec4231b8154bfd24ddba45_39050/preview_target.webp","https://files2.heygen.ai/avatar/v3/19f986f218ec4231b8154bfd24ddba45_39050/preview_video_target.mp4"
"Mireia_sitting_outdoortable_front","Mireia Outdoor Table Front","female","False","https://files2.heygen.ai/avatar/v3/d6473c9b66c742138e45b05f2451d4ac_39020/preview_talk_5.webp","https://files2.heygen.ai/avatar/v3/d6473c9b66c742138e45b05f2451d4ac_39020/preview_video_talk_5.mp4"
"Mireia_sitting_outdoortable_side","Mireia Outdoor Table Side","female","False","https://files2.heygen.ai/avatar/v3/d6f671298a974005b092d2790516d2d2_39060/preview_target.webp","https://files2.heygen.ai/avatar/v3/d6f671298a974005b092d2790516d2d2_39060/preview_video_target.mp4"
"Miyu_sitting_office_front","Miyu Office Front 2","female","False","https://files2.heygen.ai/avatar/v3/845a1bdc03f84f15a668f9401797a661_37800/preview_talk_2.webp","https://files2.heygen.ai/avatar/v3/845a1bdc03f84f15a668f9401797a661_37800/preview_video_talk_2.mp4"
"Miyu_standing_office_front","Miyu Office Front","female","False","https://files2.heygen.ai/avatar/v3/673145fb1fa34b59a438db24b700fb08_37800/preview_talk_6.webp","https://files2.heygen.ai/avatar/v3/673145fb1fa34b59a438db24b700fb08_37800/preview_video_talk_6.mp4"
"Miyu_sitting_office_side","Miyu Office Side 2","female","False","https://files2.heygen.ai/avatar/v3/91a6bc464d714d2da4881c2e561235cc_37500/preview_target.webp","https://files2.heygen.ai/avatar/v3/91a6bc464d714d2da4881c2e561235cc_37500/preview_video_target.mp4"
"Miyu_standing_office_side","Miyu Office Side","female","False","https://files2.heygen.ai/avatar/v3/a59def73e84b44b09cc569f0511c1c8c_37500/preview_talk_6.webp","https://files2.heygen.ai/avatar/v3/a59def73e84b44b09cc569f0511c1c8c_37500/preview_video_talk_6.mp4"
"Miyu_sitting_sofabusiness_front","Miyu Sofa Business Front","female","False","https://files2.heygen.ai/avatar/v3/9aa7ff78e8db413d928776af36428403_37540/preview_talk_1.webp","https://files2.heygen.ai/avatar/v3/9aa7ff78e8db413d928776af36428403_37540/preview_video_talk_1.mp4"
"Miyu_sitting_sofabusiness_side","Miyu Sofa Business Side","female","False","https://files2.heygen.ai/avatar/v3/3087f1536485453dad659ccd912305a9_37550/preview_talk_1.webp","https://files2.heygen.ai/avatar/v3/3087f1536485453dad659ccd912305a9_37550/preview_video_talk_1.mp4"
"Miyu_sitting_sofacasual_front","Miyu Sofa Casual Front 2","female","False","https://files2.heygen.ai/avatar/v3/2a5c4cc52e8c4fc09c19d73aacde95a3_37810/preview_target.webp","https://files2.heygen.ai/avatar/v3/2a5c4cc52e8c4fc09c19d73aacde95a3_37810/preview_video_target.mp4"
"Miyu_standing_sofacasual_front","Miyu Sofa Casual Front","female","False","https://files2.heygen.ai/avatar/v3/93e28fce67c84bf095686a6d6af86a00_37810/preview_talk_4.webp","https://files2.heygen.ai/avatar/v3/93e28fce67c84bf095686a6d6af86a00_37810/preview_video_talk_4.mp4"
"Miyu_sitting_sofacasual_side","Miyu Sofa Casual Side 2 ","female","False","https://files2.heygen.ai/avatar/v3/4c5a7f8082fe4eb4a396f9c2c58f7fa0_37530/preview_talk_4.webp","https://files2.heygen.ai/avatar/v3/4c5a7f8082fe4eb4a396f9c2c58f7fa0_37530/preview_video_talk_4.mp4"
"Miyu_standing_sofacasual_side","Miyu Sofa Casual Side","female","False","https://files2.heygen.ai/avatar/v3/14aafc7022fa48ada98d21b7ebe47b04_37530/preview_target.webp","https://files2.heygen.ai/avatar/v3/14aafc7022fa48ada98d21b7ebe47b04_37530/preview_video_target.mp4"
"Nadim_public_5","Nadim in Black blazer","male","False","https://files2.heygen.ai/avatar/v3/db5ad93ed00c4eaaab83ac225da62f20_62140/preview_target.webp","https://files2.heygen.ai/avatar/v3/db5ad93ed00c4eaaab83ac225da62f20_62140/preview_video_target.mp4"
"Nadim_public_1","Nadim in Blue blazer","male","False","https://files2.heygen.ai/avatar/v3/b995d7b9e5dc42cdbc0a5f1cbaaec2ef_62100/preview_target.webp","https://files2.heygen.ai/avatar/v3/b995d7b9e5dc42cdbc0a5f1cbaaec2ef_62100/preview_video_target.mp4"
"Nadim_public_4","Nadim in Blue jacket","male","False","https://files2.heygen.ai/avatar/v3/1f207e03aecd4d6bb469d06beefa6e00_62130/preview_target.webp","https://files2.heygen.ai/avatar/v3/1f207e03aecd4d6bb469d06beefa6e00_62130/preview_video_target.mp4"
"Nadim_public_3","Nadim in Puffer vest","male","False","https://files2.heygen.ai/avatar/v3/33551063c61345f1a49a5fef45acd965_62120/preview_target.webp","https://files2.heygen.ai/avatar/v3/33551063c61345f1a49a5fef45acd965_62120/preview_video_target.mp4"
"Nadim_public_2","Nadim in White shirt","male","False","https://files2.heygen.ai/avatar/v3/8793bd6db51f4772abfc7a168d43c463_62110/preview_target.webp","https://files2.heygen.ai/avatar/v3/8793bd6db51f4772abfc7a168d43c463_62110/preview_video_target.mp4"
"Neil_public_2_20240328","Neil in Black Shirt","male","False","https://files2.heygen.ai/avatar/v3/d64ba0e79efb4f7b8b156d429b035ae0_18200/preview_talk_2.webp","https://files2.heygen.ai/avatar/v3/d64ba0e79efb4f7b8b156d429b035ae0_18200/preview_video_talk_2.mp4"
"Neil_public_20240328","Neil in Black Suit ","male","False","https://files2.heygen.ai/avatar/v3/e3266036ba1f427c8c3267f894006e11_18200/preview_talk_4.webp","https://files2.heygen.ai/avatar/v3/e3266036ba1f427c8c3267f894006e11_18200/preview_video_talk_4.mp4"
"Neil_public_3_20240328","Neil in Yellow Jacket","male","False","https://files2.heygen.ai/avatar/v3/71c4aa021e6f4b10b0b1b4bb3742b8c4_18200/preview_target.webp","https://files2.heygen.ai/avatar/v3/71c4aa021e6f4b10b0b1b4bb3742b8c4_18200/preview_video_target.mp4"
"Nico_public","Nico","male","False","https://files2.heygen.ai/avatar/v3/36ea896236c6453c9587d29e92741154_52310/preview_target.webp","https://files2.heygen.ai/avatar/v3/36ea896236c6453c9587d29e92741154_52310/preview_video_target.mp4"
"Noah_sitting_lobby_front","Noah Lobby Front 2","male","False","https://files2.heygen.ai/avatar/v3/9f2cd4dc7a234405b54994d57a94e727_39350/preview_talk_1.webp","https://files2.heygen.ai/avatar/v3/9f2cd4dc7a234405b54994d57a94e727_39350/preview_video_talk_1.mp4"
"Noah_standing_lobby_front","Noah Lobby Front","male","False","https://files2.heygen.ai/avatar/v3/32c5fd108f364c178cf538819f9ddc44_39350/preview_target.webp","https://files2.heygen.ai/avatar/v3/32c5fd108f364c178cf538819f9ddc44_39350/preview_video_target.mp4"
"Noah_standing_lobby_side","Noah Lobby Side 2","male","False","https://files2.heygen.ai/avatar/v3/b6a74ee4609f4e948ccd53fe7983a51b_39370/preview_talk_3.webp","https://files2.heygen.ai/avatar/v3/b6a74ee4609f4e948ccd53fe7983a51b_39370/preview_video_talk_3.mp4"
"Noah_sitting_lobby_side","Noah Lobby Side","male","False","https://files2.heygen.ai/avatar/v3/652c2c7739e643559ae7a7678a934914_39360/preview_target.webp","https://files2.heygen.ai/avatar/v3/652c2c7739e643559ae7a7678a934914_39360/preview_video_target.mp4"
"Noah_sitting_office_front","Noah Office Front 2","male","False","https://files2.heygen.ai/avatar/v3/6ca1846860fc45e6bc0c244833a33b51_39350/preview_talk_3.webp","https://files2.heygen.ai/avatar/v3/6ca1846860fc45e6bc0c244833a33b51_39350/preview_video_talk_3.mp4"
"Noah_standing_office_front","Noah Office Front","male","False","https://files2.heygen.ai/avatar/v3/b863aacea458444b9cf3ffba065cc12c_39350/preview_talk_2.webp","https://files2.heygen.ai/avatar/v3/b863aacea458444b9cf3ffba065cc12c_39350/preview_video_talk_2.mp4"
"Noah_standing_office_side","Noah Office Side 2","male","False","https://files2.heygen.ai/avatar/v3/0132a00094284f16af2fd2f4260a3a7d_39370/preview_target.webp","https://files2.heygen.ai/avatar/v3/0132a00094284f16af2fd2f4260a3a7d_39370/preview_video_target.mp4"
"Noah_sitting_office_side","Noah Office Side","male","False","https://files2.heygen.ai/avatar/v3/48611017d9bc4d439ea871039ffb60db_39360/preview_talk_1.webp","https://files2.heygen.ai/avatar/v3/48611017d9bc4d439ea871039ffb60db_39360/preview_video_talk_1.mp4"
"Noah_sitting_sofa_front","Noah Sofa Front 2","male","False","https://files2.heygen.ai/avatar/v3/2e19cc1ed67640d2bbe2c14187d30f55_39350/preview_talk_4.webp","https://files2.heygen.ai/avatar/v3/2e19cc1ed67640d2bbe2c14187d30f55_39350/preview_video_talk_4.mp4"
"Noah_standing_sofa_front","Noah Sofa Front ","male","False","https://files2.heygen.ai/avatar/v3/c05c1d7066a145189ac40c91e8c1faa6_39350/preview_talk_5.webp","https://files2.heygen.ai/avatar/v3/c05c1d7066a145189ac40c91e8c1faa6_39350/preview_video_talk_5.mp4"
"Noah_sitting_sofa_side","Noah Sofa Side 2","male","False","https://files2.heygen.ai/avatar/v3/0781e9c3c667432eb001d5ad3ac07a5e_39370/preview_talk_2.webp","https://files2.heygen.ai/avatar/v3/0781e9c3c667432eb001d5ad3ac07a5e_39370/preview_video_talk_2.mp4"
"Noah_standing_sofa_side","Noah Sofa Side","male","False","https://files2.heygen.ai/avatar/v3/5546a1dfbb544b3e85dc712eb73cdb39_39370/preview_talk_1.webp","https://files2.heygen.ai/avatar/v3/5546a1dfbb544b3e85dc712eb73cdb39_39370/preview_video_talk_1.mp4"
"Nour_public_1","Nour in Black blazer","female","False","https://files2.heygen.ai/avatar/v3/dc457bef90d34af38c7053b4cb0a1df1_61770/preview_target.webp","https://files2.heygen.ai/avatar/v3/dc457bef90d34af38c7053b4cb0a1df1_61770/preview_video_target.mp4"
"Nour_public_2","Nour in Brown dress","female","False","https://files2.heygen.ai/avatar/v3/6f17a9fed47743ffb9fb235a11196a08_61780/preview_target.webp","https://files2.heygen.ai/avatar/v3/6f17a9fed47743ffb9fb235a11196a08_61780/preview_video_target.mp4"
"Nour_public_4","Nour in Grey hoodie","female","False","https://files2.heygen.ai/avatar/v3/53eee4c800574f93b8df781f6935314b_61800/preview_target.webp","https://files2.heygen.ai/avatar/v3/53eee4c800574f93b8df781f6935314b_61800/preview_video_target.mp4"
"Nour_public_5","Nour in Sporty vest","female","False","https://files2.heygen.ai/avatar/v3/25abbd3886ec41f68e1f34747efa1cb0_61810/preview_target.webp","https://files2.heygen.ai/avatar/v3/25abbd3886ec41f68e1f34747efa1cb0_61810/preview_video_target.mp4"
"Nour_public_3","Nour in White shirt","female","False","https://files2.heygen.ai/avatar/v3/4cd3d64d14ac4649bd080d8625e72ccf_61790/preview_target.webp","https://files2.heygen.ai/avatar/v3/4cd3d64d14ac4649bd080d8625e72ccf_61790/preview_video_target.mp4"
"Odelia_public_2_20240326","Odelia in Blue Suit","female","False","https://files2.heygen.ai/avatar/v3/ad5ddeb5b3b2417c8474fc2f3b93af72_16270/preview_target.webp","https://files2.heygen.ai/avatar/v3/ad5ddeb5b3b2417c8474fc2f3b93af72_16270/preview_video_target.mp4"
"Odelia_public_3_20240326","Odelia in Red Dress ","female","False","https://files2.heygen.ai/avatar/v3/8c5b23e75d7c4584a0cbb8471fd7ac17_16270/preview_talk_2.webp","https://files2.heygen.ai/avatar/v3/8c5b23e75d7c4584a0cbb8471fd7ac17_16270/preview_video_talk_2.mp4"
"Odelia_public_20240326","Odelia in Yellow Suit","female","False","https://files2.heygen.ai/avatar/v3/12c23ceab7ca4022824e1d20c48efdcf_16270/preview_talk_4.webp","https://files2.heygen.ai/avatar/v3/12c23ceab7ca4022824e1d20c48efdcf_16270/preview_video_talk_4.mp4"
"Onat_expressive_2024120201","Onat (Upper Body)","male","False","https://files2.heygen.ai/avatar/v3/b888f44224124d04b9b880cf26e331b7_45850/preview_talk_1.webp","https://files2.heygen.ai/avatar/v3/b888f44224124d04b9b880cf26e331b7_45850/preview_video_talk_1.mp4"
"Onat_Casual_Front_public","Onat Casual Front","male","False","https://files2.heygen.ai/avatar/v3/89e785397e134e74b9d151cef186fd18_42170/preview_target.webp","https://files2.heygen.ai/avatar/v3/89e785397e134e74b9d151cef186fd18_42170/preview_video_target.mp4"
"Onat_Casual_Side_public","Onat Casual Side","male","False","https://files2.heygen.ai/avatar/v3/460be1b4e464490aac05dd49a015fc36_42160/preview_target.webp","https://files2.heygen.ai/avatar/v3/460be1b4e464490aac05dd49a015fc36_42160/preview_video_target.mp4"
"Onat_Casual_Sitting_Front_public","Onat Casual Sitting Front","male","False","https://files2.heygen.ai/avatar/v3/518bf85d31c54b7e85dd047b3b4dc6ef_42180/preview_talk_1.webp","https://files2.heygen.ai/avatar/v3/518bf85d31c54b7e85dd047b3b4dc6ef_42180/preview_video_talk_1.mp4"
"Onat_Casual_Sitting_Side_public","Onat Casual Sitting Side","male","False","https://files2.heygen.ai/avatar/v3/ef7e96cf5a7346fab65b205a884be691_42210/preview_target.webp","https://files2.heygen.ai/avatar/v3/ef7e96cf5a7346fab65b205a884be691_42210/preview_video_target.mp4"
"Onat_Macbook_Front2_public","Onat Macbook Front 2","male","False","https://files2.heygen.ai/avatar/v3/ea9dbb4e93064b91998f52ce4ce4dbe1_43160/preview_talk_1.webp","https://files2.heygen.ai/avatar/v3/ea9dbb4e93064b91998f52ce4ce4dbe1_43160/preview_video_talk_1.mp4"
"Onat_Macbook_Front_public","Onat Macbook Front","male","False","https://files2.heygen.ai/avatar/v3/1e698e3842864d18b5150798de032a29_42200/preview_target.webp","https://files2.heygen.ai/avatar/v3/1e698e3842864d18b5150798de032a29_42200/preview_video_target.mp4"
"Onat_Macbook_Side2_public","Onat Macbook Side 2","male","False","https://files2.heygen.ai/avatar/v3/b85308fcc45649a59de48e1bc3d33c36_42130/preview_target.webp","https://files2.heygen.ai/avatar/v3/b85308fcc45649a59de48e1bc3d33c36_42130/preview_video_target.mp4"
"Onat_Macbook_Side_public","Onat Macbook Side","male","False","https://files2.heygen.ai/avatar/v3/ef074452bf15468e8bc3da2899696ac9_42210/preview_talk_2.webp","https://files2.heygen.ai/avatar/v3/ef074452bf15468e8bc3da2899696ac9_42210/preview_video_talk_2.mp4"
"Onat_Suit_Front_public","Onat Suit Front","male","False","https://files2.heygen.ai/avatar/v3/e2811ccbb3b247fabf76a93d288a75a6_43160/preview_target.webp","https://files2.heygen.ai/avatar/v3/e2811ccbb3b247fabf76a93d288a75a6_43160/preview_video_target.mp4"
"Onat_Suit_Side_public","Onat Suit Side","male","False","https://files2.heygen.ai/avatar/v3/62f72ca3ed5d4ea29fb67ebe233028c8_42140/preview_target.webp","https://files2.heygen.ai/avatar/v3/62f72ca3ed5d4ea29fb67ebe233028c8_42140/preview_video_target.mp4"
"Onat_Suit_Sitting_Front_public","Onat Suit Sitting Front","male","False","https://files2.heygen.ai/avatar/v3/cc4f098b8e8843e7a6e7928cb74b47f2_42180/preview_target.webp","https://files2.heygen.ai/avatar/v3/cc4f098b8e8843e7a6e7928cb74b47f2_42180/preview_video_target.mp4"
"Onat_Suit_Sitting_Side_public","Onat Suit Sitting Side","male","False","https://files2.heygen.ai/avatar/v3/1d523a647d1a47b799df54c1a82f4608_42190/preview_target.webp","https://files2.heygen.ai/avatar/v3/1d523a647d1a47b799df54c1a82f4608_42190/preview_video_target.mp4"
"Onat_iPad_Front_public","Onat iPad Front","male","False","https://files2.heygen.ai/avatar/v3/1959775809d7446294b1dc722a9a23a3_42200/preview_talk_1.webp","https://files2.heygen.ai/avatar/v3/1959775809d7446294b1dc722a9a23a3_42200/preview_video_talk_1.mp4"
"Onat_iPad_Side_public","Onat iPad Side","male","False","https://files2.heygen.ai/avatar/v3/481794844cf140e6a6d0f36e74d65315_42210/preview_talk_1.webp","https://files2.heygen.ai/avatar/v3/481794844cf140e6a6d0f36e74d65315_42210/preview_video_talk_1.mp4"
"Onat_iPad_Sitting_Front_public","Onat iPad Sitting Front","male","False","https://files2.heygen.ai/avatar/v3/ed1a51a567dd477cb274621e36a11ad3_42220/preview_target.webp","https://files2.heygen.ai/avatar/v3/ed1a51a567dd477cb274621e36a11ad3_42220/preview_video_target.mp4"
"Onat_iPad_Sitting_Side_public","Onat iPad Sitting Side","male","False","https://files2.heygen.ai/avatar/v3/096643a51ba74748abdf53f77c804fd8_42150/preview_target.webp","https://files2.heygen.ai/avatar/v3/096643a51ba74748abdf53f77c804fd8_42150/preview_video_target.mp4"
"Oxana_2_expressive_2024112701","Oxana (Upper Body)","female","False","https://files2.heygen.ai/avatar/v3/57b649cf7b5d4cbe9dd753270384fc65_44690/preview_talk_2.webp","https://files2.heygen.ai/avatar/v3/57b649cf7b5d4cbe9dd753270384fc65_44690/preview_video_talk_2.mp4"
"Oxana_expressive_2024112701","Oxana (Upper Body)","female","False","https://files2.heygen.ai/avatar/v3/1665a4594bf547a997119c0452c19047_44320/preview_talk_2.webp","https://files2.heygen.ai/avatar/v3/1665a4594bf547a997119c0452c19047_44320/preview_video_talk_2.mp4"
"Oxana_standing_gym_front","Oxana Gym Front 2","female","False","https://files2.heygen.ai/avatar/v3/0fe43ddff45e480fa0a8df275c0bbcf7_38710/preview_target.webp","https://files2.heygen.ai/avatar/v3/0fe43ddff45e480fa0a8df275c0bbcf7_38710/preview_video_target.mp4"
"Oxana_sitting_gym_front","Oxana Gym Front","female","False","https://files2.heygen.ai/avatar/v3/77c8e6b6c3174f1c91f9f6b4f3c07c3a_38710/preview_talk_1.webp","https://files2.heygen.ai/avatar/v3/77c8e6b6c3174f1c91f9f6b4f3c07c3a_38710/preview_video_talk_1.mp4"
"Oxana_standing_gym_side","Oxana Gym Side 2","female","False","https://files2.heygen.ai/avatar/v3/e611e730595d4778a73689a8acd6e000_38720/preview_target.webp","https://files2.heygen.ai/avatar/v3/e611e730595d4778a73689a8acd6e000_38720/preview_video_target.mp4"
"Oxana_sitting_gym_side","Oxana Gym Side","female","False","https://files2.heygen.ai/avatar/v3/fd508efa20d446eb923a3cb2d04623de_38720/preview_talk_1.webp","https://files2.heygen.ai/avatar/v3/fd508efa20d446eb923a3cb2d04623de_38720/preview_video_talk_1.mp4"
"Oxana_standing_office_front","Oxana Office Front 2","female","False","https://files2.heygen.ai/avatar/v3/316476fb812b42cfadd138761e861ca9_38070/preview_talk_1.webp","https://files2.heygen.ai/avatar/v3/316476fb812b42cfadd138761e861ca9_38070/preview_video_talk_1.mp4"
"Oxana_sitting_office_front","Oxana Office Front","female","False","https://files2.heygen.ai/avatar/v3/0fbdc079af804651aeef77c68b20a70f_38070/preview_target.webp","https://files2.heygen.ai/avatar/v3/0fbdc079af804651aeef77c68b20a70f_38070/preview_video_target.mp4"
"Oxana_standing_office_side","Oxana Office Side 2","female","False","https://files2.heygen.ai/avatar/v3/18f0e70f53a94934915107b7af6b09a6_38080/preview_talk_1.webp","https://files2.heygen.ai/avatar/v3/18f0e70f53a94934915107b7af6b09a6_38080/preview_video_talk_1.mp4"
"Oxana_sitting_office_side","Oxana Office Side","female","False","https://files2.heygen.ai/avatar/v3/6cb7a4d8db774db6a7b9dd974964630c_38080/preview_target.webp","https://files2.heygen.ai/avatar/v3/6cb7a4d8db774db6a7b9dd974964630c_38080/preview_video_target.mp4"
"Oxana_standing_sofa_front","Oxana Sofa Front 2","female","False","https://files2.heygen.ai/avatar/v3/c2d94b111f744c9b9c782f6b304bd2aa_38280/preview_talk_1.webp","https://files2.heygen.ai/avatar/v3/c2d94b111f744c9b9c782f6b304bd2aa_38280/preview_video_talk_1.mp4"
"Oxana_sitting_sofa_front","Oxana Sofa Front","female","False","https://files2.heygen.ai/avatar/v3/fefb436423624173b15b894a6040e034_38280/preview_target.webp","https://files2.heygen.ai/avatar/v3/fefb436423624173b15b894a6040e034_38280/preview_video_target.mp4"
"Oxana_standing_sofa_side","Oxana Sofa Side 2","female","False","https://files2.heygen.ai/avatar/v3/fa9b0cb249c64f8b924e9fd6b576fa3a_38290/preview_talk_1.webp","https://files2.heygen.ai/avatar/v3/fa9b0cb249c64f8b924e9fd6b576fa3a_38290/preview_video_talk_1.mp4"
"Oxana_sitting_sofa_side","Oxana Sofa Side","female","False","https://files2.heygen.ai/avatar/v3/67e1e02efd0047f194cdc30e91fe875a_38290/preview_target.webp","https://files2.heygen.ai/avatar/v3/67e1e02efd0047f194cdc30e91fe875a_38290/preview_video_target.mp4"
"Oxana_standing_yoga_front","Oxana Yoga Front 2","female","False","https://files2.heygen.ai/avatar/v3/1eb7937698e5413dab36e496121dc4b5_38670/preview_talk_1.webp","https://files2.heygen.ai/avatar/v3/1eb7937698e5413dab36e496121dc4b5_38670/preview_video_talk_1.mp4"
"Oxana_sitting_yoga_front","Oxana Yoga Front","female","False","https://files2.heygen.ai/avatar/v3/dff28f22812d44c0be4ec48cf29198f7_38670/preview_target.webp","https://files2.heygen.ai/avatar/v3/dff28f22812d44c0be4ec48cf29198f7_38670/preview_video_target.mp4"
"Oxana_standing_yoga_side","Oxana Yoga Side 2","female","False","https://files2.heygen.ai/avatar/v3/78b24bcbb2394f3595e8279e8f71374e_38680/preview_talk_1.webp","https://files2.heygen.ai/avatar/v3/78b24bcbb2394f3595e8279e8f71374e_38680/preview_video_talk_1.mp4"
"Oxana_sitting_yoga_side","Oxana Yoga Side","female","False","https://files2.heygen.ai/avatar/v3/b0facc55512a4250904297f3d9fa1441_38680/preview_target.webp","https://files2.heygen.ai/avatar/v3/b0facc55512a4250904297f3d9fa1441_38680/preview_video_target.mp4"
"Patrizio_standing_businesstraining_front","Patrizio Business Training Front","male","False","https://files2.heygen.ai/avatar/v3/46c6e9fe736d40d4bf8b89baafede4a5_38860/preview_talk_1.webp","https://files2.heygen.ai/avatar/v3/46c6e9fe736d40d4bf8b89baafede4a5_38860/preview_video_talk_1.mp4"
"Patrizio_standing_businesstraining_side","Patrizio Business Training Side","male","False","https://files2.heygen.ai/avatar/v3/8d7e665309c1465ea581e93f978844c5_38850/preview_talk_1.webp","https://files2.heygen.ai/avatar/v3/8d7e665309c1465ea581e93f978844c5_38850/preview_video_talk_1.mp4"
"Patrizio_sitting_office_front","Patrizio Office Front","male","False","https://files2.heygen.ai/avatar/v3/c8d2f5b65d084dea9004a1a1bfc17351_38860/preview_talk_2.webp","https://files2.heygen.ai/avatar/v3/c8d2f5b65d084dea9004a1a1bfc17351_38860/preview_video_talk_2.mp4"
"Patrizio_sitting_office_side","Patrizio Office Side 2","male","False","https://files2.heygen.ai/avatar/v3/477948257ba041709365a229559b7b19_38850/preview_talk_3.webp","https://files2.heygen.ai/avatar/v3/477948257ba041709365a229559b7b19_38850/preview_video_talk_3.mp4"
"Patrizio_standing_office_side","Patrizio Office Side","male","False","https://files2.heygen.ai/avatar/v3/5944e77da5c44394b95b8b565e64dcf1_38850/preview_target.webp","https://files2.heygen.ai/avatar/v3/5944e77da5c44394b95b8b565e64dcf1_38850/preview_video_target.mp4"
"Patrizio_sitting_sofa_front","Patrizio Sofa Front","male","False","https://files2.heygen.ai/avatar/v3/94cf5b24a14f4b898643cf7f0f43fbe4_38860/preview_target.webp","https://files2.heygen.ai/avatar/v3/94cf5b24a14f4b898643cf7f0f43fbe4_38860/preview_video_target.mp4"
"Patrizio_sitting_sofa_side","Patrizio Sofa Side","male","False","https://files2.heygen.ai/avatar/v3/77ac231a83d04523839b014d7413aba7_38850/preview_talk_2.webp","https://files2.heygen.ai/avatar/v3/77ac231a83d04523839b014d7413aba7_38850/preview_video_talk_2.mp4"
"Piper_sitting_businesssofa_front","Piper Business Sofa Front","female","False","https://files2.heygen.ai/avatar/v3/0dcdbd20783f4a2a9333bfbd7cce304e_38930/preview_talk_1.webp","https://files2.heygen.ai/avatar/v3/0dcdbd20783f4a2a9333bfbd7cce304e_38930/preview_video_talk_1.mp4"
"Piper_sitting_businesssofa_side","Piper Business Sofa Side","female","False","https://files2.heygen.ai/avatar/v3/7cb9f9458f2d493398468ba81fbcd9f9_38920/preview_target.webp","https://files2.heygen.ai/avatar/v3/7cb9f9458f2d493398468ba81fbcd9f9_38920/preview_video_target.mp4"
"Piper_standing_education_front","Piper Education Front","female","False","https://files2.heygen.ai/avatar/v3/2b48addfc8c6454eab8beb14c004e3eb_38930/preview_target.webp","https://files2.heygen.ai/avatar/v3/2b48addfc8c6454eab8beb14c004e3eb_38930/preview_video_target.mp4"
"Piper_standing_education_side","Piper Education Side","female","False","https://files2.heygen.ai/avatar/v3/d683e10d637a42ec9825b0cc794094da_38920/preview_talk_1.webp","https://files2.heygen.ai/avatar/v3/d683e10d637a42ec9825b0cc794094da_38920/preview_video_talk_1.mp4"
"Rasmus_sitting_lounge_front","Rasmus Lounge Front 2","male","False","https://files2.heygen.ai/avatar/v3/37adfc229dae4acc929ba755bf88a665_38130/preview_talk_1.webp","https://files2.heygen.ai/avatar/v3/37adfc229dae4acc929ba755bf88a665_38130/preview_video_talk_1.mp4"
"Rasmus_standing_lounge_front","Rasmus Lounge Front","male","False","https://files2.heygen.ai/avatar/v3/ad3bfd21175b46cf88b63c016e7aeac0_38130/preview_target.webp","https://files2.heygen.ai/avatar/v3/ad3bfd21175b46cf88b63c016e7aeac0_38130/preview_video_target.mp4"
"Rasmus_sitting_lounge_side","Rasmus Lounge Side 2","male","False","https://files2.heygen.ai/avatar/v3/f93fcde33f954ace8c45b72b22df5958_38140/preview_target.webp","https://files2.heygen.ai/avatar/v3/f93fcde33f954ace8c45b72b22df5958_38140/preview_video_target.mp4"
"Rasmus_standing_lounge_side","Rasmus Lounge Side","male","False","https://files2.heygen.ai/avatar/v3/8c3c8ad7c78341c2b0de01b33100a235_38140/preview_talk_1.webp","https://files2.heygen.ai/avatar/v3/8c3c8ad7c78341c2b0de01b33100a235_38140/preview_video_talk_1.mp4"
"Rasmus_standing_sofa_front","Rasmus Sofa Front 2","male","False","https://files2.heygen.ai/avatar/v3/9e6f4d1c42a04599b6a743f2c89920b0_37970/preview_target.webp","https://files2.heygen.ai/avatar/v3/9e6f4d1c42a04599b6a743f2c89920b0_37970/preview_video_target.mp4"
"Rasmus_sitting_sofa_front","Rasmus Sofa Front","male","False","https://files2.heygen.ai/avatar/v3/4113768e26354c7199130d8219517c2c_37970/preview_talk_1.webp","https://files2.heygen.ai/avatar/v3/4113768e26354c7199130d8219517c2c_37970/preview_video_talk_1.mp4"
"Rasmus_standing_sofa_side","Rasmus Sofa Side 2","male","False","https://files2.heygen.ai/avatar/v3/c8c33ea45f2a493f9be9b18ba4d252ac_37990/preview_target.webp","https://files2.heygen.ai/avatar/v3/c8c33ea45f2a493f9be9b18ba4d252ac_37990/preview_video_target.mp4"
"Rasmus_sitting_sofa_side","Rasmus Sofa Side","male","False","https://files2.heygen.ai/avatar/v3/033c2fa38a7142c1bc369dc81d8d9829_37980/preview_target.webp","https://files2.heygen.ai/avatar/v3/033c2fa38a7142c1bc369dc81d8d9829_37980/preview_video_target.mp4"
"Raul_expressive_2024112501","Raul (Upper Body)","male","False","https://files2.heygen.ai/avatar/v3/7549c7fd53b949ba80a569a93b9077b0_44260/preview_talk_2.webp","https://files2.heygen.ai/avatar/v3/7549c7fd53b949ba80a569a93b9077b0_44260/preview_video_talk_2.mp4"
"Raul_Sitting_businesssofa_front_close","Raul Business Sofa Front 2","male","False","https://files2.heygen.ai/avatar/v3/f27279aef6934f7684abc2f73dd38bfd_38820/preview_talk_1.webp","https://files2.heygen.ai/avatar/v3/f27279aef6934f7684abc2f73dd38bfd_38820/preview_video_talk_1.mp4"
"Raul_Sitting_businesssofa_front","Raul Business Sofa Front","male","False","https://files2.heygen.ai/avatar/v3/47632ccb9f494df6b03fe8ba0e6d3022_38820/preview_target.webp","https://files2.heygen.ai/avatar/v3/47632ccb9f494df6b03fe8ba0e6d3022_38820/preview_video_target.mp4"
"Raul_standing_businesssofa_side","Raul Business Sofa Side 2","male","False","https://files2.heygen.ai/avatar/v3/41c3092e0e7d463d9580585df9922a43_38980/preview_talk_4.webp","https://files2.heygen.ai/avatar/v3/41c3092e0e7d463d9580585df9922a43_38980/preview_video_talk_4.mp4"
"Raul_sitting_businesssofa_side","Raul Business Sofa Side","male","False","https://files2.heygen.ai/avatar/v3/d9f3aac2fdde4c77864c7efa48705198_38980/preview_talk_3.webp","https://files2.heygen.ai/avatar/v3/d9f3aac2fdde4c77864c7efa48705198_38980/preview_video_talk_3.mp4"
"Raul_standing_casualsofa_front_close","Raul Casual Sofa Front 2","male","False","https://files2.heygen.ai/avatar/v3/5aec38e5d9e64bf78ec67c2c9c6f6990_38810/preview_talk_2.webp","https://files2.heygen.ai/avatar/v3/5aec38e5d9e64bf78ec67c2c9c6f6990_38810/preview_video_talk_2.mp4"
"Raul_standing_casualsofa_front","Raul Casual Sofa Front","male","False","https://files2.heygen.ai/avatar/v3/ee1bd0cf3a48471eba4e889982e24810_38810/preview_talk_3.webp","https://files2.heygen.ai/avatar/v3/ee1bd0cf3a48471eba4e889982e24810_38810/preview_video_talk_3.mp4"
"Raul_standing_casualsofa_side_close","Raul Casual Sofa Side 2","male","False","https://files2.heygen.ai/avatar/v3/74544a929b514efe9df9d6a03557fe8f_38980/preview_talk_2.webp","https://files2.heygen.ai/avatar/v3/74544a929b514efe9df9d6a03557fe8f_38980/preview_video_talk_2.mp4"
"Raul_standing_casualsofa_side","Raul Casual Sofa Side","male","False","https://files2.heygen.ai/avatar/v3/fe6ec3d1189140c19ec36546b57b90c3_38980/preview_talk_1.webp","https://files2.heygen.ai/avatar/v3/fe6ec3d1189140c19ec36546b57b90c3_38980/preview_video_talk_1.mp4"
"Raul_sitting_casualsofanoipad_front","Raul Casual Sofa no iPad Front","male","False","https://files2.heygen.ai/avatar/v3/fcdc331a145547ca9db17fefb9e5779f_38810/preview_talk_1.webp","https://files2.heygen.ai/avatar/v3/fcdc331a145547ca9db17fefb9e5779f_38810/preview_video_talk_1.mp4"
"Raul_sitting_casualsofanoipad_side","Raul Casual Sofa no iPad Side","male","False","https://files2.heygen.ai/avatar/v3/94b1cfff270846c686235e47d763d11c_38990/preview_target.webp","https://files2.heygen.ai/avatar/v3/94b1cfff270846c686235e47d763d11c_38990/preview_video_target.mp4"
"Raul_sitting_casualsofawithipad_front","Raul Casual Sofa with iPad Front","male","False","https://files2.heygen.ai/avatar/v3/5b7ccb338dc4477d89db916950207884_38810/preview_target.webp","https://files2.heygen.ai/avatar/v3/5b7ccb338dc4477d89db916950207884_38810/preview_video_target.mp4"
"Raul_sitting_casualsofawithipad_side","Raul Casual Sofa with iPad Side","male","False","https://files2.heygen.ai/avatar/v3/8d3f9f70da51449299e5801114d67f73_38990/preview_talk_1.webp","https://files2.heygen.ai/avatar/v3/8d3f9f70da51449299e5801114d67f73_38990/preview_video_talk_1.mp4"
"Raul_sitting_office_front","Raul Office Front 2","male","False","https://files2.heygen.ai/avatar/v3/5fc7aa3a15e9462d9380987074814805_38960/preview_target.webp","https://files2.heygen.ai/avatar/v3/5fc7aa3a15e9462d9380987074814805_38960/preview_video_target.mp4"
"Raul_standing_office_front","Raul Office Front","male","False","https://files2.heygen.ai/avatar/v3/a47ab167ad2c41b293a05610bbfa84b0_38810/preview_talk_4.webp","https://files2.heygen.ai/avatar/v3/a47ab167ad2c41b293a05610bbfa84b0_38810/preview_video_talk_4.mp4"
"Raul_sitting_office_side","Raul Office Side","male","False","https://files2.heygen.ai/avatar/v3/982fa2306a4f46059c40053b1971fc4f_38980/preview_talk_5.webp","https://files2.heygen.ai/avatar/v3/982fa2306a4f46059c40053b1971fc4f_38980/preview_video_talk_5.mp4"
"Raul_sitting_sofa_front_close","Raul Sofa Front 2","male","False","https://files2.heygen.ai/avatar/v3/1d2971b6d6ff49718afb6f7277b8be29_38800/preview_talk_2.webp","https://files2.heygen.ai/avatar/v3/1d2971b6d6ff49718afb6f7277b8be29_38800/preview_video_talk_2.mp4"
"Raul_sitting_sofa_front","Raul Sofa Front","male","False","https://files2.heygen.ai/avatar/v3/31f4e77edac645c4b0526925f4aa6fde_38800/preview_talk_1.webp","https://files2.heygen.ai/avatar/v3/31f4e77edac645c4b0526925f4aa6fde_38800/preview_video_talk_1.mp4"
"Raul_sitting_sofa_side_close","Raul Sofa Side 2","male","False","https://files2.heygen.ai/avatar/v3/6a5635f104264794b3f3e27f21f444cb_38980/preview_talk_6.webp","https://files2.heygen.ai/avatar/v3/6a5635f104264794b3f3e27f21f444cb_38980/preview_video_talk_6.mp4"
"Raul_sitting_sofa_side","Raul Sofa Side","male","False","https://files2.heygen.ai/avatar/v3/dc0fb90040c84a7ba05f782553edfe38_38980/preview_target.webp","https://files2.heygen.ai/avatar/v3/dc0fb90040c84a7ba05f782553edfe38_38980/preview_video_target.mp4"
"Rebecca_public","Rebecca","female","False","https://files2.heygen.ai/avatar/v3/3248bab4279f45738c1397c06978e1d4_54470/preview_target.webp","https://files2.heygen.ai/avatar/v3/3248bab4279f45738c1397c06978e1d4_54470/preview_video_target.mp4"
"Ren_expressive_2024112701","Ren (Upper Body)","male","False","https://files2.heygen.ai/avatar/v3/b66c9f3dabf74b03832ebe2dfadd935f_44330/preview_talk_1.webp","https://files2.heygen.ai/avatar/v3/b66c9f3dabf74b03832ebe2dfadd935f_44330/preview_video_talk_1.mp4"
"Ren_sitting_office_front","Ren Office Front 2","male","False","https://files2.heygen.ai/avatar/v3/65d19cdc69434a4797599255a6fdcba9_37790/preview_target.webp","https://files2.heygen.ai/avatar/v3/65d19cdc69434a4797599255a6fdcba9_37790/preview_video_target.mp4"
"Ren_standing_office_front","Ren Office Front","male","False","https://files2.heygen.ai/avatar/v3/11e57f2100ae4fc4b97cb99e7d23ad6a_37790/preview_talk_6.webp","https://files2.heygen.ai/avatar/v3/11e57f2100ae4fc4b97cb99e7d23ad6a_37790/preview_video_talk_6.mp4"
"Ren_sitting_office_side","Ren Office Side 2","male","False","https://files2.heygen.ai/avatar/v3/a319de11cfdb4fa0808be9088fd78261_37510/preview_talk_1.webp","https://files2.heygen.ai/avatar/v3/a319de11cfdb4fa0808be9088fd78261_37510/preview_video_talk_1.mp4"
"Ren_standing_office_side","Ren Office Side","male","False","https://files2.heygen.ai/avatar/v3/db2ef7f814fa4e778d1c6ed1d11e5064_37510/preview_talk_3.webp","https://files2.heygen.ai/avatar/v3/db2ef7f814fa4e778d1c6ed1d11e5064_37510/preview_video_talk_3.mp4"
"Ren_sitting_sofabusiness_front","Ren Sofa Business Front","male","False","https://files2.heygen.ai/avatar/v3/21d6f432bc3a44baa5fb2612d1f4e600_37570/preview_talk_1.webp","https://files2.heygen.ai/avatar/v3/21d6f432bc3a44baa5fb2612d1f4e600_37570/preview_video_talk_1.mp4"
"Ren_sitting_sofabusiness_side","Ren Sofa Business Side","male","False","https://files2.heygen.ai/avatar/v3/e325408d81694f46aaa220267e969dca_37830/preview_talk_1.webp","https://files2.heygen.ai/avatar/v3/e325408d81694f46aaa220267e969dca_37830/preview_video_talk_1.mp4"
"Ren_sitting_sofacasual_front","Ren Sofa Casual Front 2","male","False","https://files2.heygen.ai/avatar/v3/a3b007fa40a5427fbc92a1f1c3b18ca6_37820/preview_talk_2.webp","https://files2.heygen.ai/avatar/v3/a3b007fa40a5427fbc92a1f1c3b18ca6_37820/preview_video_talk_2.mp4"
"Ren_standing_sofacasual_front","Ren Sofa Casual Front","male","False","https://files2.heygen.ai/avatar/v3/18baef94e29f4f5b8d61e306437e50bf_37820/preview_talk_3.webp","https://files2.heygen.ai/avatar/v3/18baef94e29f4f5b8d61e306437e50bf_37820/preview_video_talk_3.mp4"
"Ren_sitting_sofacasual_side","Ren Sofa Casual Side 2 ","male","False","https://files2.heygen.ai/avatar/v3/f577d604d660437597cafa97471a86ae_37520/preview_talk_2.webp","https://files2.heygen.ai/avatar/v3/f577d604d660437597cafa97471a86ae_37520/preview_video_talk_2.mp4"
"Ren_standing_sofacasual_side","Ren Sofa Casual Side","male","False","https://files2.heygen.ai/avatar/v3/4303bd96d1974a56aa3a118258cddcd9_37520/preview_talk_3.webp","https://files2.heygen.ai/avatar/v3/4303bd96d1974a56aa3a118258cddcd9_37520/preview_video_talk_3.mp4"
"Riley_expressive_2024112501","Riley (Upper Body)","male","False","https://files2.heygen.ai/avatar/v3/7687a6937865431d8ecfb5703adc72f9_44300/preview_talk_1.webp","https://files2.heygen.ai/avatar/v3/7687a6937865431d8ecfb5703adc72f9_44300/preview_video_talk_1.mp4"
"Riley_siting_casual_front","Riley Casual Front","male","False","https://files2.heygen.ai/avatar/v3/f01b66bbb9f541bc9eb296e04513584e_39170/preview_talk_1.webp","https://files2.heygen.ai/avatar/v3/f01b66bbb9f541bc9eb296e04513584e_39170/preview_video_talk_1.mp4"
"Riley_sitting_casual_side","Riley Casual Side","male","False","https://files2.heygen.ai/avatar/v3/550f41aaa75f42829a4f2839617e111d_39180/preview_talk_1.webp","https://files2.heygen.ai/avatar/v3/550f41aaa75f42829a4f2839617e111d_39180/preview_video_talk_1.mp4"
"Riley_sitting_office_front","Riley Office Front","male","False","https://files2.heygen.ai/avatar/v3/f850e87f38bf4643ac17dadd574dc557_39170/preview_target.webp","https://files2.heygen.ai/avatar/v3/f850e87f38bf4643ac17dadd574dc557_39170/preview_video_target.mp4"
"Riley_sitting_office_side","Riley Office Side","male","False","https://files2.heygen.ai/avatar/v3/8d4bd025395643e59136ecbade0f8089_39180/preview_target.webp","https://files2.heygen.ai/avatar/v3/8d4bd025395643e59136ecbade0f8089_39180/preview_video_target.mp4"
"Roman_standing_outdoorsport_front","Roman Outdoor Sport Front","male","False","https://files2.heygen.ai/avatar/v3/5922b17fcffa4a038ba098501f8e085e_38420/preview_target.webp","https://files2.heygen.ai/avatar/v3/5922b17fcffa4a038ba098501f8e085e_38420/preview_video_target.mp4"
"Roman_standing_outdoorsport_side","Roman Outdoor Sport Side","male","False","https://files2.heygen.ai/avatar/v3/439cc8dd23d045b786c7b7a941890e78_38430/preview_target.webp","https://files2.heygen.ai/avatar/v3/439cc8dd23d045b786c7b7a941890e78_38430/preview_video_target.mp4"
"Sabine_sitting_office_front","Sabine Office Front 2","female","False","https://files2.heygen.ai/avatar/v3/09ffd4a3fba04940a5ee89df873d1eed_37120/preview_talk_3.webp","https://files2.heygen.ai/avatar/v3/09ffd4a3fba04940a5ee89df873d1eed_37120/preview_video_talk_3.mp4"
"Sabine_standing_office_front","Sabine Office Front","female","False","https://files2.heygen.ai/avatar/v3/884f8cb7bf7f4be295519756d601e1c9_37120/preview_target.webp","https://files2.heygen.ai/avatar/v3/884f8cb7bf7f4be295519756d601e1c9_37120/preview_video_target.mp4"
"Sabine_standing_office_side","Sabine Office Side","female","False","https://files2.heygen.ai/avatar/v3/1c283b1805e04780bfb5ebd8493fd848_37190/preview_target.webp","https://files2.heygen.ai/avatar/v3/1c283b1805e04780bfb5ebd8493fd848_37190/preview_video_target.mp4"
"Sabine_sitting_sofa_side","Sabine Sofa Side","female","False","https://files2.heygen.ai/avatar/v3/b8e909ae9aaf4268959bbd03bab832ee_37200/preview_target.webp","https://files2.heygen.ai/avatar/v3/b8e909ae9aaf4268959bbd03bab832ee_37200/preview_video_target.mp4"
"Salma_headscarf_Front","Salma in headscarf (Front)","female","False","https://files2.heygen.ai/avatar/v3/3aceb5e1b2cc4cc5993d703220dd9bf8_34960/preview_target.webp","https://files2.heygen.ai/avatar/v3/3aceb5e1b2cc4cc5993d703220dd9bf8_34960/preview_video_target.mp4"
"Salma_headscarf_Left","Salma in headscarf (Left)","female","False","https://files2.heygen.ai/avatar/v3/e79c1ae85ac94afb9f0fbde8a68b4db4_34970/preview_target.webp","https://files2.heygen.ai/avatar/v3/e79c1ae85ac94afb9f0fbde8a68b4db4_34970/preview_video_target.mp4"
"Salma_headscarf_Right","Salma in headscarf (Right)","female","False","https://files2.heygen.ai/avatar/v3/ea0b6f61b0c54fafb25984cb944b5069_34980/preview_target.webp","https://files2.heygen.ai/avatar/v3/ea0b6f61b0c54fafb25984cb944b5069_34980/preview_video_target.mp4"
"Santa_Avatar_Present_Standing_public","Santa Avatar Present Standing ","male","False","https://files2.heygen.ai/avatar/v3/54958fee867744dba6a1f8d32136c0bc_47020/preview_target.webp","https://files2.heygen.ai/avatar/v3/54958fee867744dba6a1f8d32136c0bc_47020/preview_video_target.mp4"
"Santa_Avatar_Sitting_2_public","Santa Avatar Sitting 2","male","False","https://files2.heygen.ai/avatar/v3/18b537e455684ecebccf13c1b7cfe419_47050/preview_target.webp","https://files2.heygen.ai/avatar/v3/18b537e455684ecebccf13c1b7cfe419_47050/preview_video_target.mp4"
"SantaAvatar_Sitting_public","Santa Avatar Sitting","male","False","https://files2.heygen.ai/avatar/v3/c1f72d2c3b2c4c299c294c4ba7d19597_47030/preview_target.webp","https://files2.heygen.ai/avatar/v3/c1f72d2c3b2c4c299c294c4ba7d19597_47030/preview_video_target.mp4"
"Santa_Avatar_Sitting_Side_public","Santa Avatar Sitting Side","male","False","https://files2.heygen.ai/avatar/v3/adcdaee1522347f79a6032cdf10d0340_47040/preview_target.webp","https://files2.heygen.ai/avatar/v3/adcdaee1522347f79a6032cdf10d0340_47040/preview_video_target.mp4"
"Santa_Avatar_Standing_public","Santa Avatar Standing","male","False","https://files2.heygen.ai/avatar/v3/4468ba9a9b1744bd9948c8d28436db14_47010/preview_target.webp","https://files2.heygen.ai/avatar/v3/4468ba9a9b1744bd9948c8d28436db14_47010/preview_video_target.mp4"
"Santa_Fireplace_Front_public","Santa Fireplace Front","male","False","https://files2.heygen.ai/avatar/v3/3b4e464bf15f4194b082be0e631354c6_46860/preview_target.webp","https://files2.heygen.ai/avatar/v3/3b4e464bf15f4194b082be0e631354c6_46860/preview_video_target.mp4"
"Santa_Fireplace_Side_public","Santa Fireplace Side","male","False","https://files2.heygen.ai/avatar/v3/665d8eb0fe2640e9b5485f48077c0036_46870/preview_target.webp","https://files2.heygen.ai/avatar/v3/665d8eb0fe2640e9b5485f48077c0036_46870/preview_video_target.mp4"
"Saskia_public_1","Saskia in Blue blazer","female","False","https://files2.heygen.ai/avatar/v3/ad785d3a8f24402a85cb5ea2e3216ebe_61870/preview_target.webp","https://files2.heygen.ai/avatar/v3/ad785d3a8f24402a85cb5ea2e3216ebe_61870/preview_video_target.mp4"
"Saskia_public_2","Saskia in Blue shirt","female","False","https://files2.heygen.ai/avatar/v3/610d4553effc4d42a3914055ef607ded_61880/preview_target.webp","https://files2.heygen.ai/avatar/v3/610d4553effc4d42a3914055ef607ded_61880/preview_video_target.mp4"
"Saskia_public_4","Saskia in Green blazer","female","False","https://files2.heygen.ai/avatar/v3/419962d7a6524a60b1d2b3be135cce28_61900/preview_target.webp","https://files2.heygen.ai/avatar/v3/419962d7a6524a60b1d2b3be135cce28_61900/preview_video_target.mp4"
"Saskia_public_3","Saskia in Grey vest","female","False","https://files2.heygen.ai/avatar/v3/5ef57d1891ee40ac9f3886e10f678d3f_61890/preview_target.webp","https://files2.heygen.ai/avatar/v3/5ef57d1891ee40ac9f3886e10f678d3f_61890/preview_video_target.mp4"
"Saskia_public_5","Saskia in White blazer","female","False","https://files2.heygen.ai/avatar/v3/82fb2a863213475cbca9d4f00548299e_61920/preview_target.webp","https://files2.heygen.ai/avatar/v3/82fb2a863213475cbca9d4f00548299e_61920/preview_video_target.mp4"
"Scarlett_sitting_couch2_front","Scarlett Couch Front 2","female","False","https://files2.heygen.ai/avatar/v3/3d5904b6fef640eebda2a4deea943492_39070/preview_talk_1.webp","https://files2.heygen.ai/avatar/v3/3d5904b6fef640eebda2a4deea943492_39070/preview_video_talk_1.mp4"
"Scarlett_sitting_couch_front","Scarlett Couch Front","female","False","https://files2.heygen.ai/avatar/v3/d5920bf0d18a42148c6e40496df82108_39070/preview_target.webp","https://files2.heygen.ai/avatar/v3/d5920bf0d18a42148c6e40496df82108_39070/preview_video_target.mp4"
"Scarlett_sitting_couch2_side","Scarlett Couch Side 2","female","False","https://files2.heygen.ai/avatar/v3/8b76dafe61b948c9a73d10759142bd97_39080/preview_target.webp","https://files2.heygen.ai/avatar/v3/8b76dafe61b948c9a73d10759142bd97_39080/preview_video_target.mp4"
"Scarlett_sitting_couch_side","Scarlett Couch Side","female","False","https://files2.heygen.ai/avatar/v3/7bc0d0bec9a9491cb38db1329b2563f9_39080/preview_talk_1.webp","https://files2.heygen.ai/avatar/v3/7bc0d0bec9a9491cb38db1329b2563f9_39080/preview_video_talk_1.mp4"
"Scarlett_siiting_fireplace_front","Scarlett Fireplace Front","female","False","https://files2.heygen.ai/avatar/v3/47ce0a4dcbf34c99a9073b03dd88c2d8_39070/preview_talk_3.webp","https://files2.heygen.ai/avatar/v3/47ce0a4dcbf34c99a9073b03dd88c2d8_39070/preview_video_talk_3.mp4"
"Scarlett_sitting_fireplace_side","Scarlett Fireplace Side","female","False","https://files2.heygen.ai/avatar/v3/420ccd165b5644fa89f292d695b6900a_39090/preview_talk_4.webp","https://files2.heygen.ai/avatar/v3/420ccd165b5644fa89f292d695b6900a_39090/preview_video_talk_4.mp4"
"Scarlett_standing_hall_front","Scarlett Hall Front","female","False","https://files2.heygen.ai/avatar/v3/761c137b109e49a69991344904e2bf0a_39070/preview_talk_4.webp","https://files2.heygen.ai/avatar/v3/761c137b109e49a69991344904e2bf0a_39070/preview_video_talk_4.mp4"
"Scarlett_standing_hall_side","Scarlett Hall Side","female","False","https://files2.heygen.ai/avatar/v3/78632df837f24ef6ba86972276699267_39090/preview_talk_1.webp","https://files2.heygen.ai/avatar/v3/78632df837f24ef6ba86972276699267_39090/preview_video_talk_1.mp4"
"Scarlett_sitting_yoga_front","Scarlett Yoga Front","female","False","https://files2.heygen.ai/avatar/v3/946f804908de47fda0b9bb71fc266e9e_39070/preview_talk_7.webp","https://files2.heygen.ai/avatar/v3/946f804908de47fda0b9bb71fc266e9e_39070/preview_video_talk_7.mp4"
"Scarlett_sitting_yoga_side","Scarlett Yoga Side","female","False","https://files2.heygen.ai/avatar/v3/7d06d641f0294a16a1781459ef9fdc16_39090/preview_talk_3.webp","https://files2.heygen.ai/avatar/v3/7d06d641f0294a16a1781459ef9fdc16_39090/preview_video_talk_3.mp4"
"Seema_Business_Front_public","Seema Business Front","female","False","https://files2.heygen.ai/avatar/v3/be2e19842ffb406a994d78c624a05ada_47190/preview_target.webp","https://files2.heygen.ai/avatar/v3/be2e19842ffb406a994d78c624a05ada_47190/preview_video_target.mp4"
"Seema_Business_Side_public","Seema Business Side","female","False","https://files2.heygen.ai/avatar/v3/cbf1739a848e41cc92b7e888195fe9f0_47930/preview_target.webp","https://files2.heygen.ai/avatar/v3/cbf1739a848e41cc92b7e888195fe9f0_47930/preview_video_target.mp4"
"Seema_Business_Sitting_Side_public","Seema Business Sitting Side","female","False","https://files2.heygen.ai/avatar/v3/2fb44fa7ea0c4ba7bbbada51d687e96e_47960/preview_target.webp","https://files2.heygen.ai/avatar/v3/2fb44fa7ea0c4ba7bbbada51d687e96e_47960/preview_video_target.mp4"
"Seema_Casual_Front_public","Seema Casual Front","female","False","https://files2.heygen.ai/avatar/v3/3b9ea37604b94cfeb32903c1ed2234c2_47200/preview_target.webp","https://files2.heygen.ai/avatar/v3/3b9ea37604b94cfeb32903c1ed2234c2_47200/preview_video_target.mp4"
"Seema_Casual_Side_public","Seema Casual Side","female","False","https://files2.heygen.ai/avatar/v3/797c7a3c48104002b3e91f55f2a53067_47940/preview_target.webp","https://files2.heygen.ai/avatar/v3/797c7a3c48104002b3e91f55f2a53067_47940/preview_video_target.mp4"
"Seema_Casual_Sitting_Front_public","Seema Casual Sitting Front","female","False","https://files2.heygen.ai/avatar/v3/5162ec8fb2db41d1b624848e7aab1579_47200/preview_talk_1.webp","https://files2.heygen.ai/avatar/v3/5162ec8fb2db41d1b624848e7aab1579_47200/preview_video_talk_1.mp4"
"Seema_Casual_Sitting_Side_public","Seema Casual Sitting Side","female","False","https://files2.heygen.ai/avatar/v3/341378ee6556423c835a4ac0dcd66abc_47950/preview_target.webp","https://files2.heygen.ai/avatar/v3/341378ee6556423c835a4ac0dcd66abc_47950/preview_video_target.mp4"
"Seema_Nurse_Front_2_public","Seema Nurse Front 2","female","False","https://files2.heygen.ai/avatar/v3/ec2ac8be5bf340db835a3317d67ea0f6_47180/preview_target.webp","https://files2.heygen.ai/avatar/v3/ec2ac8be5bf340db835a3317d67ea0f6_47180/preview_video_target.mp4"
"Seema_Nurse_Front_public","Seema Nurse Front","female","False","https://files2.heygen.ai/avatar/v3/cb8970e1e10141f6a7ff6bf2fc2eefdd_45910/preview_talk_2.webp","https://files2.heygen.ai/avatar/v3/cb8970e1e10141f6a7ff6bf2fc2eefdd_45910/preview_video_talk_2.mp4"
"Seema_Nurse_Side_2_public","Seema Nurse Side 2","female","False","https://files2.heygen.ai/avatar/v3/95fb8526c7e34bbdad5658ff0dbf27d0_48640/preview_talk_1.webp","https://files2.heygen.ai/avatar/v3/95fb8526c7e34bbdad5658ff0dbf27d0_48640/preview_video_talk_1.mp4"
"Seema_Nurse_Side_public","Seema Nurse Side","female","False","https://files2.heygen.ai/avatar/v3/54bde094ff504ba181d641bd16689ecb_45920/preview_target.webp","https://files2.heygen.ai/avatar/v3/54bde094ff504ba181d641bd16689ecb_45920/preview_video_target.mp4"
"Shawn_Business_Front_public","Shawn Business Front","male","False","https://files2.heygen.ai/avatar/v3/5393508e61154f86af3d5d303dcd0705_47810/preview_target.webp","https://files2.heygen.ai/avatar/v3/5393508e61154f86af3d5d303dcd0705_47810/preview_video_target.mp4"
"Shawn_Business_Side_public","Shawn Business Side","male","False","https://files2.heygen.ai/avatar/v3/138a39cb5b794709a543f4ddb70f08f1_48280/preview_target.webp","https://files2.heygen.ai/avatar/v3/138a39cb5b794709a543f4ddb70f08f1_48280/preview_video_target.mp4"
"Shawn_Casual_Sitting_Front_public","Shawn Casual Sitting Front","male","False","https://files2.heygen.ai/avatar/v3/6a279d11751c485ca95bff6c884f8dc0_46610/preview_target.webp","https://files2.heygen.ai/avatar/v3/6a279d11751c485ca95bff6c884f8dc0_46610/preview_video_target.mp4"
"Shawn_Casual_Sitting_Side_public","Shawn Casual Sitting Side","male","False","https://files2.heygen.ai/avatar/v3/8f4fb5445e3c4d4591823c636c8df6dc_46600/preview_target.webp","https://files2.heygen.ai/avatar/v3/8f4fb5445e3c4d4591823c636c8df6dc_46600/preview_video_target.mp4"
"Shawn_Sitting_Front_public","Shawn Sitting Front","male","False","https://files2.heygen.ai/avatar/v3/a4ccf276f977430db7614b5f545e4459_46590/preview_target.webp","https://files2.heygen.ai/avatar/v3/a4ccf276f977430db7614b5f545e4459_46590/preview_video_target.mp4"
"Shawn_Sitting_Side_public","Shawn Sitting Side","male","False","https://files2.heygen.ai/avatar/v3/ac74f908f355476ca3b4f1126d7c78e8_46580/preview_target.webp","https://files2.heygen.ai/avatar/v3/ac74f908f355476ca3b4f1126d7c78e8_46580/preview_video_target.mp4"
"Shawn_Suit_Front_public","Shawn Suit Front","male","False","https://files2.heygen.ai/avatar/v3/e8e19bc909f24c24a0956f4528e5faa7_46590/preview_talk_1.webp","https://files2.heygen.ai/avatar/v3/e8e19bc909f24c24a0956f4528e5faa7_46590/preview_video_talk_1.mp4"
"Shawn_Suit_Side_public","Shawn Suit Side","male","False","https://files2.heygen.ai/avatar/v3/a63591deb71d40f29b082f8ba37770cf_48270/preview_target.webp","https://files2.heygen.ai/avatar/v3/a63591deb71d40f29b082f8ba37770cf_48270/preview_video_target.mp4"
"Shawn_Therapist_public","Shawn Therapist","male","False","https://files2.heygen.ai/avatar/v3/db2fb7fd0d044b908395a011166ab22d_45680/preview_target.webp","https://files2.heygen.ai/avatar/v3/db2fb7fd0d044b908395a011166ab22d_45680/preview_video_target.mp4"
"Shirley_Business_Front_public","Shirley Business Front","female","False","https://files2.heygen.ai/avatar/v3/44e21323366e4ec090e4842f22d809a3_45060/preview_target.webp","https://files2.heygen.ai/avatar/v3/44e21323366e4ec090e4842f22d809a3_45060/preview_video_target.mp4"
"Shirley_Business_Side_public","Shirley Business Side","female","False","https://files2.heygen.ai/avatar/v3/952cdab029a2486aa4607aad95219927_44880/preview_target.webp","https://files2.heygen.ai/avatar/v3/952cdab029a2486aa4607aad95219927_44880/preview_video_target.mp4"
"Shirley_Casual_Front_2_public","Shirley Casual Front 2","female","False","https://files2.heygen.ai/avatar/v3/cd941d947b4d4a4daaefa467ef6684e9_46420/preview_target.webp","https://files2.heygen.ai/avatar/v3/cd941d947b4d4a4daaefa467ef6684e9_46420/preview_video_target.mp4"
"Shirley_Casual_Front_public","Shirley Casual Front","female","False","https://files2.heygen.ai/avatar/v3/f91459962a364969aef913e10e3694c0_45690/preview_talk_2.webp","https://files2.heygen.ai/avatar/v3/f91459962a364969aef913e10e3694c0_45690/preview_video_talk_2.mp4"
"Shirley_Casual_Side_public","Shirley Casual Side","female","False","https://files2.heygen.ai/avatar/v3/6588befdd56f48df837e401a5c4da40e_45710/preview_target.webp","https://files2.heygen.ai/avatar/v3/6588befdd56f48df837e401a5c4da40e_45710/preview_video_target.mp4"
"Shirley_Casual_Sitting_Front_2_public","Shirley Casual Sitting Front 2","female","False","https://files2.heygen.ai/avatar/v3/ffc94dccec8d421bbf3202213cef54c0_45690/preview_target.webp","https://files2.heygen.ai/avatar/v3/ffc94dccec8d421bbf3202213cef54c0_45690/preview_video_target.mp4"
"Shirley_Casual_Sitting_Front_public","Shirley Casual Sitting Front","female","False","https://files2.heygen.ai/avatar/v3/f90306f2d74f4a99a2f4a0a3b8fafb0b_44890/preview_talk_2.webp","https://files2.heygen.ai/avatar/v3/f90306f2d74f4a99a2f4a0a3b8fafb0b_44890/preview_video_talk_2.mp4"
"Shirley_Casual_Sitting_Side_2_public","Shirley Casual Sitting Side 2","female","False","https://files2.heygen.ai/avatar/v3/0389fc0a88df45d09151a719ad697a5f_45730/preview_talk_1.webp","https://files2.heygen.ai/avatar/v3/0389fc0a88df45d09151a719ad697a5f_45730/preview_video_talk_1.mp4"
"Shirley_Casual_Sitting_Side_public","Shirley Casual Sitting Side","female","False","https://files2.heygen.ai/avatar/v3/2470140cbd5246fa8ac3c1ade076ba86_44900/preview_target.webp","https://files2.heygen.ai/avatar/v3/2470140cbd5246fa8ac3c1ade076ba86_44900/preview_video_target.mp4"
"Shirley_Education_Front_public","Shirley Education Front","female","False","https://files2.heygen.ai/avatar/v3/2ccdadf0a61a4d4780d2c862055f521d_44890/preview_talk_1.webp","https://files2.heygen.ai/avatar/v3/2ccdadf0a61a4d4780d2c862055f521d_44890/preview_video_talk_1.mp4"
"Shirley_Education_Side_2_public","Shirley Education Side 2","female","False","https://files2.heygen.ai/avatar/v3/3355b47ef7084bff99a386bb92ca7bc5_45730/preview_target.webp","https://files2.heygen.ai/avatar/v3/3355b47ef7084bff99a386bb92ca7bc5_45730/preview_video_target.mp4"
"Shirley_Education_Side_public","Shirley Education Side","female","False","https://files2.heygen.ai/avatar/v3/6c57ef81cca44edf8adae37f109098b5_44900/preview_talk_2.webp","https://files2.heygen.ai/avatar/v3/6c57ef81cca44edf8adae37f109098b5_44900/preview_video_talk_2.mp4"
"Shirley_Sitting_Front_public","Shirley Sitting Front","female","False","https://files2.heygen.ai/avatar/v3/d5bf46b1f2b144419b398a2d03678c0f_45550/preview_target.webp","https://files2.heygen.ai/avatar/v3/d5bf46b1f2b144419b398a2d03678c0f_45550/preview_video_target.mp4"
"Shirley_Sitting_Side_public","Shirley Sitting Side","female","False","https://files2.heygen.ai/avatar/v3/3fc7194dc44943709502dccdd8ae812b_45560/preview_target.webp","https://files2.heygen.ai/avatar/v3/3fc7194dc44943709502dccdd8ae812b_45560/preview_video_target.mp4"
"Shirley_Skirt_Front_public","Shirley Skirt Front","female","False","https://files2.heygen.ai/avatar/v3/8292035385c94619a5715cc8fc7fd255_44890/preview_target.webp","https://files2.heygen.ai/avatar/v3/8292035385c94619a5715cc8fc7fd255_44890/preview_video_target.mp4"
"Shirley_Skirt_Side_public","Shirley Skirt Side","female","False","https://files2.heygen.ai/avatar/v3/63c8757eed4e405aaa7b945355a0fdd0_44900/preview_talk_1.webp","https://files2.heygen.ai/avatar/v3/63c8757eed4e405aaa7b945355a0fdd0_44900/preview_video_talk_1.mp4"
"Shirley_Suit_Front_public","Shirley Suit Front","female","False","https://files2.heygen.ai/avatar/v3/f2a74c7c295149518c3048efe8c25b0f_45060/preview_talk_1.webp","https://files2.heygen.ai/avatar/v3/f2a74c7c295149518c3048efe8c25b0f_45060/preview_video_talk_1.mp4"
"Shirley_Suit_Side_public","Shirley Suit Side","female","False","https://files2.heygen.ai/avatar/v3/9b22fb15b75e4e60ae50f3559259b818_44880/preview_talk_1.webp","https://files2.heygen.ai/avatar/v3/9b22fb15b75e4e60ae50f3559259b818_44880/preview_video_talk_1.mp4"
"Silas_expressive_2024120201","Silas (Upper Body)","male","False","https://files2.heygen.ai/avatar/v3/14995aaea1924915871517cb158b47e6_44790/preview_talk_2.webp","https://files2.heygen.ai/avatar/v3/14995aaea1924915871517cb158b47e6_44790/preview_video_talk_2.mp4"
"Silas_CustomerSupport_public","Silas Customer Support","male","False","https://files2.heygen.ai/avatar/v3/a1ed8c71e4bf4e6cb9071d2b7cd71e4e_45660/preview_talk_1.webp","https://files2.heygen.ai/avatar/v3/a1ed8c71e4bf4e6cb9071d2b7cd71e4e_45660/preview_video_talk_1.mp4"
"SilasHR_public","Silas HR","male","False","https://files2.heygen.ai/avatar/v3/582ee8fe072a48fda3bc68241aeff660_45660/preview_target.webp","https://files2.heygen.ai/avatar/v3/582ee8fe072a48fda3bc68241aeff660_45660/preview_video_target.mp4"
"Silas_sitting_lounge_front","Silas Lounge Front","male","False","https://files2.heygen.ai/avatar/v3/896caa087e3d49ffa2e6d005976afa92_38940/preview_talk_3.webp","https://files2.heygen.ai/avatar/v3/896caa087e3d49ffa2e6d005976afa92_38940/preview_video_talk_3.mp4"
"Silas_sitting_lounge_side","Silas Lounge Side","male","False","https://files2.heygen.ai/avatar/v3/4dac6a63f16e46aaaf9b11612708986b_38940/preview_talk_1.webp","https://files2.heygen.ai/avatar/v3/4dac6a63f16e46aaaf9b11612708986b_38940/preview_video_talk_1.mp4"
"Silas_sitting_sofa_side","Silas Sofa Side 2","male","False","https://files2.heygen.ai/avatar/v3/a5cee5be23464220b6b14eb62ed0dedd_38940/preview_talk_2.webp","https://files2.heygen.ai/avatar/v3/a5cee5be23464220b6b14eb62ed0dedd_38940/preview_video_talk_2.mp4"
"Silas_sitting_sofa_side_close","Silas Sofa Side","male","False","https://files2.heygen.ai/avatar/v3/a08231ecda954006845dc00c7db296bb_38940/preview_target.webp","https://files2.heygen.ai/avatar/v3/a08231ecda954006845dc00c7db296bb_38940/preview_video_target.mp4"
"Sloane_public_4","Sloane in Blue dress","female","False","https://files2.heygen.ai/avatar/v3/232abaa1b526408eaea72cc0553b22b8_59920/preview_target.webp","https://files2.heygen.ai/avatar/v3/232abaa1b526408eaea72cc0553b22b8_59920/preview_video_target.mp4"
"Sloane_public_5","Sloane in Grey suit","female","False","https://files2.heygen.ai/avatar/v3/5afc7dec5f5445199ddf1d839834dc6e_59930/preview_target.webp","https://files2.heygen.ai/avatar/v3/5afc7dec5f5445199ddf1d839834dc6e_59930/preview_video_target.mp4"
"Sloane_public_2","Sloane in Pink sweater","female","False","https://files2.heygen.ai/avatar/v3/8f54d6817c2a41e7bd9d954bab8763d2_59900/preview_target.webp","https://files2.heygen.ai/avatar/v3/8f54d6817c2a41e7bd9d954bab8763d2_59900/preview_video_target.mp4"
"Sophia_public_2_20240320","Sophia in Black Shirt","female","False","https://files2.heygen.ai/avatar/v3/5ea6e259de514d50905cdfc5cd1d3554_15278/preview_talk_5.webp","https://files2.heygen.ai/avatar/v3/5ea6e259de514d50905cdfc5cd1d3554_15278/preview_video_talk_5.mp4"
"Sophia_public_3_20240320","Sophia in Suit ","female","False","https://files2.heygen.ai/avatar/v3/075e21343582402892ceec9744dba2fe_15278/preview_talk_3.webp","https://files2.heygen.ai/avatar/v3/075e21343582402892ceec9744dba2fe_15278/preview_video_talk_3.mp4"
"Sophia_public_20240320","Sophia in White Suit","female","False","https://files2.heygen.ai/avatar/v3/446572d3d2174b3b9245c966fe183207_15278/preview_target.webp","https://files2.heygen.ai/avatar/v3/446572d3d2174b3b9245c966fe183207_15278/preview_video_target.mp4"
"Sophie_public","Sophie","female","False","https://files2.heygen.ai/avatar/v3/bf0bd8403ab441a0afc403d99e751132_52220/preview_target.webp","https://files2.heygen.ai/avatar/v3/bf0bd8403ab441a0afc403d99e751132_52220/preview_video_target.mp4"
"Stacy_in_Doctor_Front","Stacy in Doctor (Front)","female","False","https://files2.heygen.ai/avatar/v3/c4b72e953f62494aa1fc3be88d038dcb_35290/preview_talk_2.webp","https://files2.heygen.ai/avatar/v3/c4b72e953f62494aa1fc3be88d038dcb_35290/preview_video_talk_2.mp4"
"Stacy_in_Doctor_Left","Stacy in Doctor (Left)","female","False","https://files2.heygen.ai/avatar/v3/364291e5f11348b683da5b4ae98dae88_35300/preview_talk_2.webp","https://files2.heygen.ai/avatar/v3/364291e5f11348b683da5b4ae98dae88_35300/preview_video_talk_2.mp4"
"Stacy_in_Doctor_Right","Stacy in Doctor (Right)","female","False","https://files2.heygen.ai/avatar/v3/d2aa5c663b5e400188ab759aa3b8ce6f_35310/preview_talk_2.webp","https://files2.heygen.ai/avatar/v3/d2aa5c663b5e400188ab759aa3b8ce6f_35310/preview_video_talk_2.mp4"
"Stacy_in_Dress_Front","Stacy in Dress (Front)","female","False","https://files2.heygen.ai/avatar/v3/4f915c62f58a485fb313813f4c98b231_35290/preview_talk_1.webp","https://files2.heygen.ai/avatar/v3/4f915c62f58a485fb313813f4c98b231_35290/preview_video_talk_1.mp4"
"Stacy_in_Dress_Left","Stacy in Dress (Left)","female","False","https://files2.heygen.ai/avatar/v3/cd14264de05b4e7bace6b6752501d4e1_35300/preview_talk_1.webp","https://files2.heygen.ai/avatar/v3/cd14264de05b4e7bace6b6752501d4e1_35300/preview_video_talk_1.mp4"
"Stacy_in_Dress_Right","Stacy in Dress (Right)","female","False","https://files2.heygen.ai/avatar/v3/cc6713b765664f5b91dde30bc3f9e11e_35310/preview_talk_1.webp","https://files2.heygen.ai/avatar/v3/cc6713b765664f5b91dde30bc3f9e11e_35310/preview_video_talk_1.mp4"
"Stacy_in_Shirt_Front","Stacy in Shirt (Front)","female","False","https://files2.heygen.ai/avatar/v3/716f272a484f48c3a8af6a3f627a5aae_35290/preview_target.webp","https://files2.heygen.ai/avatar/v3/716f272a484f48c3a8af6a3f627a5aae_35290/preview_video_target.mp4"
"Stacy_in_Shirt_Left","Stacy in Shirt (Left)","female","False","https://files2.heygen.ai/avatar/v3/01a321fa3f7245c1b8cfbf60f253bb47_35300/preview_target.webp","https://files2.heygen.ai/avatar/v3/01a321fa3f7245c1b8cfbf60f253bb47_35300/preview_video_target.mp4"
"Stacy_in_Shirt_Right","Stacy in Shirt (Right)","female","False","https://files2.heygen.ai/avatar/v3/7d44ebc774f04c27b6447913d69a2fb8_35310/preview_target.webp","https://files2.heygen.ai/avatar/v3/7d44ebc774f04c27b6447913d69a2fb8_35310/preview_video_target.mp4"
"Susan_public_2_20240328","Susan in Black Shirt","female","False","https://files2.heygen.ai/avatar/v3/5dc05aef0295473da983300f43abf7fd_17860/preview_talk_5.webp","https://files2.heygen.ai/avatar/v3/5dc05aef0295473da983300f43abf7fd_17860/preview_video_talk_5.mp4"
"Susan_public_3_20240328","Susan in Black Suit","female","False","https://files2.heygen.ai/avatar/v3/cc39522acd1a4a8694847d655d8c1540_17860/preview_target.webp","https://files2.heygen.ai/avatar/v3/cc39522acd1a4a8694847d655d8c1540_17860/preview_video_target.mp4"
"Susan_public_20240328","Susan in Suit","female","False","https://files2.heygen.ai/avatar/v3/4ea29d1f60c1497bae28bdce8a4cc07c_17860/preview_talk_2.webp","https://files2.heygen.ai/avatar/v3/4ea29d1f60c1497bae28bdce8a4cc07c_17860/preview_video_talk_2.mp4"
"Tahlia_public_3","Tahlia in Blue dress","female","False","https://files2.heygen.ai/avatar/v3/4cdc97621b304eb0aa11ff7149c16ab7_60610/preview_target.webp","https://files2.heygen.ai/avatar/v3/4cdc97621b304eb0aa11ff7149c16ab7_60610/preview_video_target.mp4"
"Tahlia_public_1","Tahlia in Blue suit","female","False","https://files2.heygen.ai/avatar/v3/557a751f8a164d36a2471cf5ae7a9bb9_60590/preview_target.webp","https://files2.heygen.ai/avatar/v3/557a751f8a164d36a2471cf5ae7a9bb9_60590/preview_video_target.mp4"
"Tahlia_public_4","Tahlia in Dark blue suit","female","False","https://files2.heygen.ai/avatar/v3/1cf48408ea9040fd89ce1553af4f8913_60620/preview_target.webp","https://files2.heygen.ai/avatar/v3/1cf48408ea9040fd89ce1553af4f8913_60620/preview_video_target.mp4"
"Tahlia_public_2","Tahlia in Red suit","female","False","https://files2.heygen.ai/avatar/v3/fc1eb1f7e6d142cd8d32d99cad4fb042_60600/preview_target.webp","https://files2.heygen.ai/avatar/v3/fc1eb1f7e6d142cd8d32d99cad4fb042_60600/preview_video_target.mp4"
"Tahlia_public_5","Tahlia in White shirt","female","False","https://files2.heygen.ai/avatar/v3/2607d34afacb4ac3b240f26413d4fb89_60630/preview_target.webp","https://files2.heygen.ai/avatar/v3/2607d34afacb4ac3b240f26413d4fb89_60630/preview_video_target.mp4"
"Teodor_expressive_2024112701","Teodor (Upper Body)","male","False","https://files2.heygen.ai/avatar/v3/e241718935e14f9f8c3f13077c29f01c_44340/preview_target.webp","https://files2.heygen.ai/avatar/v3/e241718935e14f9f8c3f13077c29f01c_44340/preview_video_target.mp4"
"Teodor_standing_office_front","Teodor Office Front 2","male","False","https://files2.heygen.ai/avatar/v3/3c8a6b980667470da7417a65578438b6_38030/preview_talk_1.webp","https://files2.heygen.ai/avatar/v3/3c8a6b980667470da7417a65578438b6_38030/preview_video_talk_1.mp4"
"Teodor_sitting_office_front","Teodor Office Front","male","False","https://files2.heygen.ai/avatar/v3/35eb79d55dae43c682a1226352b64553_38030/preview_target.webp","https://files2.heygen.ai/avatar/v3/35eb79d55dae43c682a1226352b64553_38030/preview_video_target.mp4"
"Teodor_standing_office_side","Teodor Office Side 2","male","False","https://files2.heygen.ai/avatar/v3/02767eb6d66748c3a7757eb5b56d13f1_38040/preview_talk_1.webp","https://files2.heygen.ai/avatar/v3/02767eb6d66748c3a7757eb5b56d13f1_38040/preview_video_talk_1.mp4"
"Teodor_sitting_office_side","Teodor Office Side","male","False","https://files2.heygen.ai/avatar/v3/4c4e5ab65e7d40ebb34554dfc027243f_38040/preview_target.webp","https://files2.heygen.ai/avatar/v3/4c4e5ab65e7d40ebb34554dfc027243f_38040/preview_video_target.mp4"
"Teodor_standing_sofa_front","Teodor Sofa Front 2","male","False","https://files2.heygen.ai/avatar/v3/8010656f2fcb4da7bcd5ace4e71afa5e_38240/preview_talk_1.webp","https://files2.heygen.ai/avatar/v3/8010656f2fcb4da7bcd5ace4e71afa5e_38240/preview_video_talk_1.mp4"
"Teodor_sitting_sofa_front","Teodor Sofa Front","male","False","https://files2.heygen.ai/avatar/v3/a5007e956bf44558b1f1a031735c2f20_38240/preview_target.webp","https://files2.heygen.ai/avatar/v3/a5007e956bf44558b1f1a031735c2f20_38240/preview_video_target.mp4"
"Teodor_standing_sofa_side","Teodor Sofa Side 2","male","False","https://files2.heygen.ai/avatar/v3/df8241390c6f40dca46d0da4a01e34e8_38250/preview_talk_1.webp","https://files2.heygen.ai/avatar/v3/df8241390c6f40dca46d0da4a01e34e8_38250/preview_video_talk_1.mp4"
"Teodor_sitting_sofa_side","Teodor Sofa Side","male","False","https://files2.heygen.ai/avatar/v3/ae25f1a2d9e14280a3a024b155578beb_38250/preview_target.webp","https://files2.heygen.ai/avatar/v3/ae25f1a2d9e14280a3a024b155578beb_38250/preview_video_target.mp4"
"Timothy_expressive_2024112701","Timothy (Upper Body)","male","False","https://files2.heygen.ai/avatar/v3/644dcda7d0974a3a8aa96a5f5bc56811_44680/preview_talk_1.webp","https://files2.heygen.ai/avatar/v3/644dcda7d0974a3a8aa96a5f5bc56811_44680/preview_video_talk_1.mp4"
"Timothy_sitting_casual_front","Timothy Casual Front","male","False","https://files2.heygen.ai/avatar/v3/b2e3b88f48fe43a0a7f303f8ad6b08c2_39150/preview_talk_1.webp","https://files2.heygen.ai/avatar/v3/b2e3b88f48fe43a0a7f303f8ad6b08c2_39150/preview_video_talk_1.mp4"
"Timothy_sitting_casual_side","Timothy Casual Side","male","False","https://files2.heygen.ai/avatar/v3/1d5433eb527d421e9238e11acafed426_39160/preview_talk_1.webp","https://files2.heygen.ai/avatar/v3/1d5433eb527d421e9238e11acafed426_39160/preview_video_talk_1.mp4"
"Timothy_sitting_office_front","Timothy Office Front","male","False","https://files2.heygen.ai/avatar/v3/8208663e1ab7412faa52ed38b4504442_39150/preview_target.webp","https://files2.heygen.ai/avatar/v3/8208663e1ab7412faa52ed38b4504442_39150/preview_video_target.mp4"
"Timothy_sitting_office_side","Timothy Office Side","male","False","https://files2.heygen.ai/avatar/v3/b49044f317c14044a149fc9e56ef286b_39160/preview_target.webp","https://files2.heygen.ai/avatar/v3/b49044f317c14044a149fc9e56ef286b_39160/preview_video_target.mp4"
"Tito_Casual_Front_2_public","Tito Casual Front 2","male","False","https://files2.heygen.ai/avatar/v3/0849ce36668940cb998f49d37748ea5e_47260/preview_talk_1.webp","https://files2.heygen.ai/avatar/v3/0849ce36668940cb998f49d37748ea5e_47260/preview_video_talk_1.mp4"
"Tito_Casual_Front_public","Tito Casual Front","male","False","https://files2.heygen.ai/avatar/v3/ff20f3298057456b98c2e48bf166aa8e_47260/preview_target.webp","https://files2.heygen.ai/avatar/v3/ff20f3298057456b98c2e48bf166aa8e_47260/preview_video_target.mp4"
"Tito_Casual_Side_2_public","Tito Casual Side 2","male","False","https://files2.heygen.ai/avatar/v3/639cfed50c3449d79b2b4deeab1aa7a3_47270/preview_talk_1.webp","https://files2.heygen.ai/avatar/v3/639cfed50c3449d79b2b4deeab1aa7a3_47270/preview_video_talk_1.mp4"
"Tito_Casual_Side_public","Tito Casual Side","male","False","https://files2.heygen.ai/avatar/v3/eaaa19323f33498a9f417d70731e8b01_47270/preview_talk_2.webp","https://files2.heygen.ai/avatar/v3/eaaa19323f33498a9f417d70731e8b01_47270/preview_video_talk_2.mp4"
"Tito_Casual_Sitting_Front_public","Tito Casual Sitting Front","male","False","https://files2.heygen.ai/avatar/v3/a3957df30e5f43ef98ea54a78fa99586_47260/preview_talk_2.webp","https://files2.heygen.ai/avatar/v3/a3957df30e5f43ef98ea54a78fa99586_47260/preview_video_talk_2.mp4"
"Tito_Casual_Sitting_Side_public","Tito Casual Sitting Side","male","False","https://files2.heygen.ai/avatar/v3/d78b66af29f74ea6a652b7b97c5cc7bd_47270/preview_target.webp","https://files2.heygen.ai/avatar/v3/d78b66af29f74ea6a652b7b97c5cc7bd_47270/preview_video_target.mp4"
"Tito_Coat_Front_2_public","Tito Coat Front 2","male","False","https://files2.heygen.ai/avatar/v3/4d834524455e4a709e41b0da3aee3d7e_47670/preview_talk_1.webp","https://files2.heygen.ai/avatar/v3/4d834524455e4a709e41b0da3aee3d7e_47670/preview_video_talk_1.mp4"
"Tito_Coat_Front_public","Tito Coat Front","male","False","https://files2.heygen.ai/avatar/v3/3ee9776df2ad4415ac7878feef00c7fc_47670/preview_target.webp","https://files2.heygen.ai/avatar/v3/3ee9776df2ad4415ac7878feef00c7fc_47670/preview_video_target.mp4"
"Tito_Coat_Full_Side_public","Tito Coat Full Side","male","False","https://files2.heygen.ai/avatar/v3/00af0421f5bc4a84bb46754f595bf05a_47680/preview_talk_2.webp","https://files2.heygen.ai/avatar/v3/00af0421f5bc4a84bb46754f595bf05a_47680/preview_video_talk_2.mp4"
"Tito_Coat_Side_2_public","Tito Coat Side 2","male","False","https://files2.heygen.ai/avatar/v3/648c75f23af548a9aea63ddd908b9851_47680/preview_talk_1.webp","https://files2.heygen.ai/avatar/v3/648c75f23af548a9aea63ddd908b9851_47680/preview_video_talk_1.mp4"
"Tito_Coat_Side_public","Tito Coat Side","male","False","https://files2.heygen.ai/avatar/v3/691a1ab64ca74aff83d5b258c1881e6d_47680/preview_target.webp","https://files2.heygen.ai/avatar/v3/691a1ab64ca74aff83d5b258c1881e6d_47680/preview_video_target.mp4"
"Tito_Painter_Front_public","Tito Painter Front","male","False","https://files2.heygen.ai/avatar/v3/02c97e4ea76a416484a2dbdff50e82a9_47280/preview_target.webp","https://files2.heygen.ai/avatar/v3/02c97e4ea76a416484a2dbdff50e82a9_47280/preview_video_target.mp4"
"Tito_Painter_Full_Side_public","Tito Painter Full Side","male","False","https://files2.heygen.ai/avatar/v3/86b985536eda4927988209d6788ab7c1_47300/preview_target.webp","https://files2.heygen.ai/avatar/v3/86b985536eda4927988209d6788ab7c1_47300/preview_video_target.mp4"
"Tito_Painter_Side_public","Tito Painter Side","male","False","https://files2.heygen.ai/avatar/v3/b4d01ae899e64dbebcc3e2a3399cb56e_47290/preview_talk_1.webp","https://files2.heygen.ai/avatar/v3/b4d01ae899e64dbebcc3e2a3399cb56e_47290/preview_video_talk_1.mp4"
"Tito_Painter_Sitting_Front_public","Tito Painter Sitting Front","male","False","https://files2.heygen.ai/avatar/v3/eb0309ca6c8145aa9fc83d4a03495077_47310/preview_talk_1.webp","https://files2.heygen.ai/avatar/v3/eb0309ca6c8145aa9fc83d4a03495077_47310/preview_video_talk_1.mp4"
"Tito_Painter_Sitting_Side_public","Tito Painter Sitting Side","male","False","https://files2.heygen.ai/avatar/v3/a3a0e8e360d9444eb4c9e67b5b05e417_47290/preview_target.webp","https://files2.heygen.ai/avatar/v3/a3a0e8e360d9444eb4c9e67b5b05e417_47290/preview_video_target.mp4"
"Travis_public_20240301","Travis in Polo Shirt","male","False","https://files2.heygen.ai/avatar/v3/e0301de245614a3c84417cd88dffa276_14677/preview_talk_4.webp","https://files2.heygen.ai/avatar/v3/e0301de245614a3c84417cd88dffa276_14677/preview_video_talk_4.mp4"
"Travis_public_2_20240301","Travis in Gray Suit","male","False","https://files2.heygen.ai/avatar/v3/e0301de245614a3c84417cd88dffa276_14677/preview_target.webp","https://files2.heygen.ai/avatar/v3/e0301de245614a3c84417cd88dffa276_14677/preview_video_target.mp4"
"Travis_public_3_20240301","Travis in Black Suit","male","False","https://files2.heygen.ai/avatar/v3/e0301de245614a3c84417cd88dffa276_14677/preview_talk_2.webp","https://files2.heygen.ai/avatar/v3/e0301de245614a3c84417cd88dffa276_14677/preview_video_talk_2.mp4"
"Trevor_public_2_20240409","Trevor  in Plaid Shirt","male","False","https://files2.heygen.ai/avatar/v3/28f8c854f95e4e518ff9470028ef0c2c_20470/preview_talk_5.webp","https://files2.heygen.ai/avatar/v3/28f8c854f95e4e518ff9470028ef0c2c_20470/preview_video_talk_5.mp4"
"Trevor_public_4_20240409","Trevor in Blue Shirt","male","False","https://files2.heygen.ai/avatar/v3/acdf79c5062b4f8580ec4d5672419cfd_20470/preview_talk_1.webp","https://files2.heygen.ai/avatar/v3/acdf79c5062b4f8580ec4d5672419cfd_20470/preview_video_talk_1.mp4"
"Trevor_public_3_20240409","Trevor in Blue Suit","male","False","https://files2.heygen.ai/avatar/v3/feca55a0d4c14ff48fb563ccc009c3cd_20470/preview_talk_4.webp","https://files2.heygen.ai/avatar/v3/feca55a0d4c14ff48fb563ccc009c3cd_20470/preview_video_talk_4.mp4"
"Trevor_public_20240409","Trevor in Suit","male","False","https://files2.heygen.ai/avatar/v3/00d3b6f510e54748a7e1160a2ac6ab72_20470/preview_talk_3.webp","https://files2.heygen.ai/avatar/v3/00d3b6f510e54748a7e1160a2ac6ab72_20470/preview_video_talk_3.mp4"
"Tuba_Business_Chair_Front_public","Tuba Business Chair Front","female","False","https://files2.heygen.ai/avatar/v3/cb54e51ab5d14f7486183f8134d2d7bc_42280/preview_target.webp","https://files2.heygen.ai/avatar/v3/cb54e51ab5d14f7486183f8134d2d7bc_42280/preview_video_target.mp4"
"Tuba_Business_Chair_Side_public","Tuba Business Chair Side","female","False","https://files2.heygen.ai/avatar/v3/4f3f441889d142048906647bdfb47fb2_42360/preview_talk_1.webp","https://files2.heygen.ai/avatar/v3/4f3f441889d142048906647bdfb47fb2_42360/preview_video_talk_1.mp4"
"Tuba_Business_Front_public","Tuba Business Front","female","False","https://files2.heygen.ai/avatar/v3/bf44d8896af14612bace5a4b0fe5418d_42270/preview_talk_2.webp","https://files2.heygen.ai/avatar/v3/bf44d8896af14612bace5a4b0fe5418d_42270/preview_video_talk_2.mp4"
"Tuba_Business_Side_public","Tuba Business Side","female","False","https://files2.heygen.ai/avatar/v3/e730fc5471e041e8af66b2af6d4e9674_42280/preview_talk_3.webp","https://files2.heygen.ai/avatar/v3/e730fc5471e041e8af66b2af6d4e9674_42280/preview_video_talk_3.mp4"
"Tuba_Business_Sofa_Front_public","Tuba Business Sofa Front","female","False","https://files2.heygen.ai/avatar/v3/d2351661ad9544fe96a6f3f7c7d28523_42360/preview_talk_2.webp","https://files2.heygen.ai/avatar/v3/d2351661ad9544fe96a6f3f7c7d28523_42360/preview_video_talk_2.mp4"
"Tuba_Business_Sofa_Side_public","Tuba Business Sofa Side","female","False","https://files2.heygen.ai/avatar/v3/7211da1532624ba0a733e7830baebe1d_42370/preview_talk_1.webp","https://files2.heygen.ai/avatar/v3/7211da1532624ba0a733e7830baebe1d_42370/preview_video_talk_1.mp4"
"Tuba_Casual_Front_public","Tuba Casual Front","female","False","https://files2.heygen.ai/avatar/v3/889019dbee2c4eed983f9ef5675c02fd_42270/preview_talk_1.webp","https://files2.heygen.ai/avatar/v3/889019dbee2c4eed983f9ef5675c02fd_42270/preview_video_talk_1.mp4"
"Tuba_Casual_Side_public","Tuba Casual Side","female","False","https://files2.heygen.ai/avatar/v3/80a004ab8be24abfa2d84ba40b50f3b7_42280/preview_talk_2.webp","https://files2.heygen.ai/avatar/v3/80a004ab8be24abfa2d84ba40b50f3b7_42280/preview_video_talk_2.mp4"
"Tuba_Casual_Sitting_Front_public","Tuba Casual Sitting Front","female","False","https://files2.heygen.ai/avatar/v3/26ecd21683704123a9d439488b47e151_42360/preview_target.webp","https://files2.heygen.ai/avatar/v3/26ecd21683704123a9d439488b47e151_42360/preview_video_target.mp4"
"Tuba_Casual_Sitting_Side_public","Tuba Casual Sitting Side","female","False","https://files2.heygen.ai/avatar/v3/954d5769b5a5406590cc6ec8f118ed3d_42370/preview_target.webp","https://files2.heygen.ai/avatar/v3/954d5769b5a5406590cc6ec8f118ed3d_42370/preview_video_target.mp4"
"Tuba_Macbook_Front_public","Tuba Macbook Front","female","False","https://files2.heygen.ai/avatar/v3/60f07a8f4c874797b63e55413fb4c6d4_42270/preview_target.webp","https://files2.heygen.ai/avatar/v3/60f07a8f4c874797b63e55413fb4c6d4_42270/preview_video_target.mp4"
"Tuba_Macbook_Side_public","Tuba Macbook Side","female","False","https://files2.heygen.ai/avatar/v3/9e720ab0f4fe4876af12b1119fa881c9_42280/preview_talk_1.webp","https://files2.heygen.ai/avatar/v3/9e720ab0f4fe4876af12b1119fa881c9_42280/preview_video_talk_1.mp4"
"Veit_standing_office_front","Veit Office Front","male","False","https://files2.heygen.ai/avatar/v3/ee998336b07d4564aee85884dc0b402f_37160/preview_talk_3.webp","https://files2.heygen.ai/avatar/v3/ee998336b07d4564aee85884dc0b402f_37160/preview_video_talk_3.mp4"
"Veit_standing_office_side","Veit Office Side","male","False","https://files2.heygen.ai/avatar/v3/3baac19e399e4ac9b57881a74e6eae33_37270/preview_target.webp","https://files2.heygen.ai/avatar/v3/3baac19e399e4ac9b57881a74e6eae33_37270/preview_video_target.mp4"
"Veit_sitting_sofa_front","Veit Sofa Front","male","False","https://files2.heygen.ai/avatar/v3/be4edc2cba0c4723ac6145dfa2f7e37c_37160/preview_talk_1.webp","https://files2.heygen.ai/avatar/v3/be4edc2cba0c4723ac6145dfa2f7e37c_37160/preview_video_talk_1.mp4"
"Veit_sitting_sofa_side","Veit Sofa Side","male","False","https://files2.heygen.ai/avatar/v3/108aa323e16249659cf2eff1f858c02e_37280/preview_target.webp","https://files2.heygen.ai/avatar/v3/108aa323e16249659cf2eff1f858c02e_37280/preview_video_target.mp4"
"Vemon_standing_office_front","Vernon Office Front 2","male","False","https://files2.heygen.ai/avatar/v3/de79ab31586142f993dced04e5a29e7b_37680/preview_talk_2.webp","https://files2.heygen.ai/avatar/v3/de79ab31586142f993dced04e5a29e7b_37680/preview_video_talk_2.mp4"
"Vemon_sitting_office_front","Vernon Office Front","male","False","https://files2.heygen.ai/avatar/v3/9735e871f87648598d735dfda878775a_37680/preview_target.webp","https://files2.heygen.ai/avatar/v3/9735e871f87648598d735dfda878775a_37680/preview_video_target.mp4"
"Vemon_standing_office_side","Vernon Office Side 2","male","False","https://files2.heygen.ai/avatar/v3/8607947e70594881815ae096e3eb1fbc_37690/preview_target.webp","https://files2.heygen.ai/avatar/v3/8607947e70594881815ae096e3eb1fbc_37690/preview_video_target.mp4"
"Vemon_sitting_office_side","Vernon Office Side","male","False","https://files2.heygen.ai/avatar/v3/ce29e50eeead44718c872976b4adcc5b_37700/preview_target.webp","https://files2.heygen.ai/avatar/v3/ce29e50eeead44718c872976b4adcc5b_37700/preview_video_target.mp4"
"Verena_standing_office_front","Verena Office Front","female","False","https://files2.heygen.ai/avatar/v3/392967d6c52642a4968a8dd82572bd6c_37130/preview_target.webp","https://files2.heygen.ai/avatar/v3/392967d6c52642a4968a8dd82572bd6c_37130/preview_video_target.mp4"
"Verena_standing_office_side","Verena Office Side","female","False","https://files2.heygen.ai/avatar/v3/d0e741b23ce7441d99182b802752ee20_37210/preview_target.webp","https://files2.heygen.ai/avatar/v3/d0e741b23ce7441d99182b802752ee20_37210/preview_video_target.mp4"
"Verena_sitting_sofa_front","Verena Sofa Front","female","False","https://files2.heygen.ai/avatar/v3/d42bc057bdbb44aabb7db78121032510_37130/preview_talk_2.webp","https://files2.heygen.ai/avatar/v3/d42bc057bdbb44aabb7db78121032510_37130/preview_video_talk_2.mp4"
"Verena_sitting_sofa_side","Verena Sofa Side","female","False","https://files2.heygen.ai/avatar/v3/077686d2d0d14d8c8a01321479017229_37220/preview_target.webp","https://files2.heygen.ai/avatar/v3/077686d2d0d14d8c8a01321479017229_37220/preview_video_target.mp4"
"Vernon_expressive_2024112501","Vernon (Upper Body)","male","False","https://files2.heygen.ai/avatar/v3/6dc4290ab2524788a4e4f7f425662ce8_44310/preview_talk_2.webp","https://files2.heygen.ai/avatar/v3/6dc4290ab2524788a4e4f7f425662ce8_44310/preview_video_talk_2.mp4"
"Vernon_standing_lounge_front","Vernon Lounge Front 2","male","False","https://files2.heygen.ai/avatar/v3/a9071409a63f498bb6ea379d75fa7e72_37620/preview_talk_2.webp","https://files2.heygen.ai/avatar/v3/a9071409a63f498bb6ea379d75fa7e72_37620/preview_video_talk_2.mp4"
"Vernon_standing_lounge_side","Vernon Lounge Side 2","male","False","https://files2.heygen.ai/avatar/v3/96e71d061f024f5b822ceb93bb3bcb15_37640/preview_talk_1.webp","https://files2.heygen.ai/avatar/v3/96e71d061f024f5b822ceb93bb3bcb15_37640/preview_video_talk_1.mp4"
"Vernon_sitting_lounge_side","Vernon Lounge Side","male","False","https://files2.heygen.ai/avatar/v3/e26558b7bd114340b29140917deea434_37630/preview_target.webp","https://files2.heygen.ai/avatar/v3/e26558b7bd114340b29140917deea434_37630/preview_video_target.mp4"
"Vince_expressive_2024112701","Vince (Upper Body)","male","False","https://files2.heygen.ai/avatar/v3/2d8c3fcc029f4b9883b6668ece780419_44760/preview_talk_1.webp","https://files2.heygen.ai/avatar/v3/2d8c3fcc029f4b9883b6668ece780419_44760/preview_video_talk_1.mp4"
"Vince_sitting_businesssofa_front","Vince Business Sofa Front","male","False","https://files2.heygen.ai/avatar/v3/c95be48f8f6e41bf83fa6e41212decbd_38890/preview_talk_2.webp","https://files2.heygen.ai/avatar/v3/c95be48f8f6e41bf83fa6e41212decbd_38890/preview_video_talk_2.mp4"
"Vince_standing_businesstraining_front","Vince Business Training Front","male","False","https://files2.heygen.ai/avatar/v3/0734f4397d5d45b380befb3aa5e22366_38890/preview_talk_3.webp","https://files2.heygen.ai/avatar/v3/0734f4397d5d45b380befb3aa5e22366_38890/preview_video_talk_3.mp4"
"Vince_sitting_businesssofa_side","Vince Business Training Side 2","male","False","https://files2.heygen.ai/avatar/v3/ac89a4662cba4f7ea314d3973e48006e_38880/preview_target.webp","https://files2.heygen.ai/avatar/v3/ac89a4662cba4f7ea314d3973e48006e_38880/preview_video_target.mp4"
"Vince_standing_businesstraining_side","Vince Business Training Side","male","False","https://files2.heygen.ai/avatar/v3/a0c02c9ed6954a8d870a910d80061abe_38870/preview_talk_2.webp","https://files2.heygen.ai/avatar/v3/a0c02c9ed6954a8d870a910d80061abe_38870/preview_video_talk_2.mp4"
"Vince_standing_sofacasual_front","Vince Sofa Casual Front 2","male","False","https://files2.heygen.ai/avatar/v3/995711537c174575901529c0c235a061_38890/preview_talk_1.webp","https://files2.heygen.ai/avatar/v3/995711537c174575901529c0c235a061_38890/preview_video_talk_1.mp4"
"Vince_sitting_sofacasual_front","Vince Sofa Casual Front","male","False","https://files2.heygen.ai/avatar/v3/cca4cbbd012b4f0e899c73d25e8bd192_38890/preview_target.webp","https://files2.heygen.ai/avatar/v3/cca4cbbd012b4f0e899c73d25e8bd192_38890/preview_video_target.mp4"
"Vince_standing_sofacasual_side","Vince Sofa Casual Side 2","male","False","https://files2.heygen.ai/avatar/v3/7a09279f8c7f4ad58461080e54b6c207_38870/preview_talk_1.webp","https://files2.heygen.ai/avatar/v3/7a09279f8c7f4ad58461080e54b6c207_38870/preview_video_talk_1.mp4"
"Vince_sitting_sofacasual_side","Vince Sofa Casual Side","male","False","https://files2.heygen.ai/avatar/v3/1af844a83c5f45698fac330aec8487b5_38870/preview_target.webp","https://files2.heygen.ai/avatar/v3/1af844a83c5f45698fac330aec8487b5_38870/preview_video_target.mp4"
"Violante_Brown_Suit_Front_2_public","Violante Brown Suit Front 2","female","False","https://files2.heygen.ai/avatar/v3/247dbd4c290146d39cd40f91ca548da0_42580/preview_target.webp","https://files2.heygen.ai/avatar/v3/247dbd4c290146d39cd40f91ca548da0_42580/preview_video_target.mp4"
"Violante_Brown_Suit_Front_public","Violante Brown Suit Front ","female","False","https://files2.heygen.ai/avatar/v3/2225712da23643059562c93f60c3fe30_42580/preview_talk_3.webp","https://files2.heygen.ai/avatar/v3/2225712da23643059562c93f60c3fe30_42580/preview_video_talk_3.mp4"
"Violante_Business_Sitting_Front_public","Violante Business Sitting Front","female","False","https://files2.heygen.ai/avatar/v3/f24752591bae408b9664d0ded3e107b1_42560/preview_talk_2.webp","https://files2.heygen.ai/avatar/v3/f24752591bae408b9664d0ded3e107b1_42560/preview_video_talk_2.mp4"
"Violante_Business_Sitting_Side_public","Violante Business Sitting Side","female","False","https://files2.heygen.ai/avatar/v3/ea2c27c7adf440bcbd1098950058d48c_42550/preview_talk_2.webp","https://files2.heygen.ai/avatar/v3/ea2c27c7adf440bcbd1098950058d48c_42550/preview_video_talk_2.mp4"
"Violante_Casual_Sitting_Front_public","Violante Casual Sitting Front ","female","False","https://files2.heygen.ai/avatar/v3/dbb4ae3b6ce04de0a428a164831df9ab_42580/preview_talk_2.webp","https://files2.heygen.ai/avatar/v3/dbb4ae3b6ce04de0a428a164831df9ab_42580/preview_video_talk_2.mp4"
"Violante_Casual_Sitting_Side_public","Violante Casual Sitting Side","female","False","https://files2.heygen.ai/avatar/v3/cc66810a615c44cd97765c62ec66e9f3_42550/preview_target.webp","https://files2.heygen.ai/avatar/v3/cc66810a615c44cd97765c62ec66e9f3_42550/preview_video_target.mp4"
"Violante_Sport_Front_2_public","Violante Sport Front 2","female","False","https://files2.heygen.ai/avatar/v3/d59b6b4db079421aa2009f21a8b89fd2_45280/preview_target.webp","https://files2.heygen.ai/avatar/v3/d59b6b4db079421aa2009f21a8b89fd2_45280/preview_video_target.mp4"
"Violante_Sport_Front_public","Violante Sport Front","female","False","https://files2.heygen.ai/avatar/v3/f472fbabd2b8424795d5261861e0049a_45280/preview_talk_1.webp","https://files2.heygen.ai/avatar/v3/f472fbabd2b8424795d5261861e0049a_45280/preview_video_talk_1.mp4"
"Violante_Sport_Side_public","Violante Sport Side","female","False","https://files2.heygen.ai/avatar/v3/196936a7e593432aa3ff9fe8b093310e_45300/preview_target.webp","https://files2.heygen.ai/avatar/v3/196936a7e593432aa3ff9fe8b093310e_45300/preview_video_target.mp4"
"Violante_Sport_Sitting_Side_public","Violante Sport Sitting Side","female","False","https://files2.heygen.ai/avatar/v3/8b78702f28784018bade5421caf8588c_46410/preview_target.webp","https://files2.heygen.ai/avatar/v3/8b78702f28784018bade5421caf8588c_46410/preview_video_target.mp4"
"Violante_Suit_Front_public","Violante Suit Front","female","False","https://files2.heygen.ai/avatar/v3/1431fa0723d441d3b4e5f207828a6ea8_42560/preview_target.webp","https://files2.heygen.ai/avatar/v3/1431fa0723d441d3b4e5f207828a6ea8_42560/preview_video_target.mp4"
"Vivianna_public_20230110","Vivianna in Black shirt","female","False","https://files2.heygen.ai/avatar/v3/ced7fc80c3b24dc98e37a633beacf541_13256/preview_talk_1.webp","https://files2.heygen.ai/avatar/v3/ced7fc80c3b24dc98e37a633beacf541_13256/preview_video_talk_1.mp4"
"Wade_public_20240228","Wade in Black Suit","male","False","https://files2.heygen.ai/avatar/v3/413a17b67fd448e8928bd4e598d1e8c6_15204/preview_target.webp","https://files2.heygen.ai/avatar/v3/413a17b67fd448e8928bd4e598d1e8c6_15204/preview_video_target.mp4"
"Wade_public_2_20240228","Wade in Black Jacket","male","False","https://files2.heygen.ai/avatar/v3/2bf6af4afbc24ad0ae8e1f2f5a8ac25b_15204/preview_talk_3.webp","https://files2.heygen.ai/avatar/v3/2bf6af4afbc24ad0ae8e1f2f5a8ac25b_15204/preview_video_talk_3.mp4"
"Wade_public_3_20240228","Wade in Gray Jacket","male","False","https://files2.heygen.ai/avatar/v3/413a17b67fd448e8928bd4e598d1e8c6_15204/preview_talk_4.webp","https://files2.heygen.ai/avatar/v3/413a17b67fd448e8928bd4e598d1e8c6_15204/preview_video_talk_4.mp4"
"Yola_Active_Speaking_Front_public","Yola Active Speaking Front","female","False","https://files2.heygen.ai/avatar/v3/c427c8f4a1764b388a867c026b6e593f_43200/preview_talk_3.webp","https://files2.heygen.ai/avatar/v3/c427c8f4a1764b388a867c026b6e593f_43200/preview_video_talk_3.mp4"
"Yola_Active_Speaking_Side_public","Yola Active Speaking Side","female","False","https://files2.heygen.ai/avatar/v3/9b69ce1846d2455abc4b055d621cb813_43210/preview_talk_5.webp","https://files2.heygen.ai/avatar/v3/9b69ce1846d2455abc4b055d621cb813_43210/preview_video_talk_5.mp4"
"Yola_Business_Front_public","Yola Business Front","female","False","https://files2.heygen.ai/avatar/v3/4be4a55f70ac455e8938d0614725a667_43200/preview_talk_7.webp","https://files2.heygen.ai/avatar/v3/4be4a55f70ac455e8938d0614725a667_43200/preview_video_talk_7.mp4"
"Yola_Business_Side_public","Yola Business Side","female","False","https://files2.heygen.ai/avatar/v3/00cc713cf40642d2a2c2bf19079206ba_43210/preview_talk_8.webp","https://files2.heygen.ai/avatar/v3/00cc713cf40642d2a2c2bf19079206ba_43210/preview_video_talk_8.mp4"
"Yola_Calm_Speaking_Front_public","Yola Calm Speaking Front","female","False","https://files2.heygen.ai/avatar/v3/8287215eba254997af78eb66d9b95e2d_43200/preview_talk_2.webp","https://files2.heygen.ai/avatar/v3/8287215eba254997af78eb66d9b95e2d_43200/preview_video_talk_2.mp4"
"Yola_Calm_Speaking_Side_public","Yola Calm Speaking Side","female","False","https://files2.heygen.ai/avatar/v3/db021f1343a04ed3b818268268948ae4_43210/preview_talk_3.webp","https://files2.heygen.ai/avatar/v3/db021f1343a04ed3b818268268948ae4_43210/preview_video_talk_3.mp4"
"Yola_Casual_Front_public","Yola Casual Front","female","False","https://files2.heygen.ai/avatar/v3/4bc8ef5ac61446faa6c540f0eb39f6f3_43200/preview_target.webp","https://files2.heygen.ai/avatar/v3/4bc8ef5ac61446faa6c540f0eb39f6f3_43200/preview_video_target.mp4"
"Yola_Casual_Side_public","Yola Casual Side","female","False","https://files2.heygen.ai/avatar/v3/859dc28cba1c422a9171ffd6dece244c_43210/preview_target.webp","https://files2.heygen.ai/avatar/v3/859dc28cba1c422a9171ffd6dece244c_43210/preview_video_target.mp4"
"Yola_Employee_Badge_Front_public","Yola Employee Badge Front","female","False","https://files2.heygen.ai/avatar/v3/6c581c410603496f8a150f706fc97754_43200/preview_talk_5.webp","https://files2.heygen.ai/avatar/v3/6c581c410603496f8a150f706fc97754_43200/preview_video_talk_5.mp4"
"Yola_Employee_Badge_Side_public","Yola Employee Badge Side","female","False","https://files2.heygen.ai/avatar/v3/1fe0ee28343e4bcfa560003f3ad3faf1_43210/preview_talk_6.webp","https://files2.heygen.ai/avatar/v3/1fe0ee28343e4bcfa560003f3ad3faf1_43210/preview_video_talk_6.mp4"
"Zosia_public_2","Zosia in Blue blazer","female","False","https://files2.heygen.ai/avatar/v3/0d5b4d14d6544eaeb2fd5522fcaf03d8_61080/preview_target.webp","https://files2.heygen.ai/avatar/v3/0d5b4d14d6544eaeb2fd5522fcaf03d8_61080/preview_video_target.mp4"
"Zosia_public_4","Zosia in Green dress","female","False","https://files2.heygen.ai/avatar/v3/49fb72a5d53447eab2d6bd0bbcd10ecc_61100/preview_target.webp","https://files2.heygen.ai/avatar/v3/49fb72a5d53447eab2d6bd0bbcd10ecc_61100/preview_video_target.mp4"
"Zosia_public_3","Zosia in Khaki blazer","female","False","https://files2.heygen.ai/avatar/v3/2410889d1cfe4c99b3fc85600888139c_61090/preview_target.webp","https://files2.heygen.ai/avatar/v3/2410889d1cfe4c99b3fc85600888139c_61090/preview_video_target.mp4"
"Zosia_public_1","Zosia in White dress","female","False","https://files2.heygen.ai/avatar/v3/84c3dca718b640d09bfa7882ff88bd85_61070/preview_target.webp","https://files2.heygen.ai/avatar/v3/84c3dca718b640d09bfa7882ff88bd85_61070/preview_video_target.mp4"
"Zosia_public_5","Zosia in Yellow shirt","female","False","https://files2.heygen.ai/avatar/v3/8904fd13f11e4d88922d493fb6fb469b_61110/preview_target.webp","https://files2.heygen.ai/avatar/v3/8904fd13f11e4d88922d493fb6fb469b_61110/preview_video_target.mp4"
"Aurelien_public_pro4_20230601","Austin in Suit","male","False","https://files2.heygen.ai/avatar/v3/49b25ad2cbfe4f8ea1259998f77cd54b_2633/preview_target.webp","https://files2.heygen.ai/avatar/v3/49b25ad2cbfe4f8ea1259998f77cd54b_2633/preview_video_target.mp4"
"Aurelien_public_pro1_20230601","Austin in Blue Casual Suit","male","False","https://files2.heygen.ai/avatar/v3/0fb2f9ff60114f71a9ea7be31da84a19_2573/preview_target.webp","https://files2.heygen.ai/avatar/v3/0fb2f9ff60114f71a9ea7be31da84a19_2573/preview_video_target.mp4"
"Aurelien_public_pro2_20230601","Austin in Black Jacket","male","False","https://files2.heygen.ai/avatar/v3/4e21df8179ad46b4a81281c5575690af_2634/preview_talk_1.webp","https://files2.heygen.ai/avatar/v3/4e21df8179ad46b4a81281c5575690af_2634/preview_video_talk_1.mp4"
"Aurelien_public_pro3_20230601","Austin in Blue Suit","male","False","https://files2.heygen.ai/avatar/v3/d618bfca0bd74fdeaa3c7bf1cd3916d5_2634/preview_talk_2.webp","https://files2.heygen.ai/avatar/v3/d618bfca0bd74fdeaa3c7bf1cd3916d5_2634/preview_video_talk_2.mp4"
"candace_expressive_20240910","Candace in Pink Blazer (Upper Body)","female","False","https://files2.heygen.ai/avatar/v3/Candace_Pink_Blazer_Front_3_0_20240910/preview_target.webp","https://files2.heygen.ai/avatar/v3/Candace_Pink_Blazer_Front_3_0_20240910/preview_video_target.mp4"
"chad_expressive_20240910","Chad in Blue Shirt (Upper Body)","male","False","https://files2.heygen.ai/avatar/v3/Chad_in_Blue_Shirt_Front_3_0_20240910/preview_target.webp","https://files2.heygen.ai/avatar/v3/Chad_in_Blue_Shirt_Front_3_0_20240910/preview_video_target.mp4"
"Daisy-insuit-20220818","Daisy in Suit","female","False","https://files2.heygen.ai/avatar/v3/d99ba541a2c9413b941fa7efe90a1130_1059/preview_target.webp","https://files2.heygen.ai/avatar/v3/d99ba541a2c9413b941fa7efe90a1130_1059/preview_video_target.mp4"
"Daisy-inshirt-20220818","Daisy in Shirt","female","False","https://files2.heygen.ai/avatar/v3/d99ba541a2c9413b941fa7efe90a1130_1059/preview_talk_4.webp","https://files2.heygen.ai/avatar/v3/d99ba541a2c9413b941fa7efe90a1130_1059/preview_video_talk_4.mp4"
"Daisy-inskirt-20220818","Daisy in Dress","female","False","https://files2.heygen.ai/avatar/v3/d99ba541a2c9413b941fa7efe90a1130_1059/preview_talk_7.webp","https://files2.heygen.ai/avatar/v3/d99ba541a2c9413b941fa7efe90a1130_1059/preview_video_talk_7.mp4"
"Daisy-inTshirt-20220819","Daisy in T-shirt","female","False","https://files2.heygen.ai/avatar/v3/942859e6a10243d5816dd9b941c0a5d3_1041/preview_talk_1.webp","https://files2.heygen.ai/avatar/v3/942859e6a10243d5816dd9b941c0a5d3_1041/preview_video_talk_1.mp4"
"francis_expressive_20240910","Francis in Blazer (Upper Body)","male","False","https://files2.heygen.ai/avatar/v3/Francis_in_Blazer_Front_3_0_20240910/preview_target.webp","https://files2.heygen.ai/avatar/v3/Francis_in_Blazer_Front_3_0_20240910/preview_video_target.mp4"
"Mido-lite-20221128","Matthew","male","False","https://files2.heygen.ai/avatar/v3/5c304ab1e7534e2c887e2f795fbe6568_1354/preview_talk_1.webp","https://files2.heygen.ai/avatar/v3/5c304ab1e7534e2c887e2f795fbe6568_1354/preview_video_talk_1.mp4"
"Mido-pro-insuit-20221208","Matthew in Suit","male","False","https://files2.heygen.ai/avatar/v3/b2464b1b3d6d4e8d8b3695a4cbc3bba5_1434/preview_target.webp","https://files2.heygen.ai/avatar/v3/b2464b1b3d6d4e8d8b3695a4cbc3bba5_1434/preview_video_target.mp4"
"Mido-pro-flowershirt-20221208","Matthew in Flowery Shirt","male","False","https://files2.heygen.ai/avatar/v3/448086197fe64997b29c44a479db5853_1435/preview_target.webp","https://files2.heygen.ai/avatar/v3/448086197fe64997b29c44a479db5853_1435/preview_video_target.mp4"
"Mido-pro-greysweater-20221209","Matthew in Grey Sweater","male","False","https://files2.heygen.ai/avatar/v3/a0620cb143784340af00d5c9c36605c1_1430/preview_talk_2.webp","https://files2.heygen.ai/avatar/v3/a0620cb143784340af00d5c9c36605c1_1430/preview_video_talk_2.mp4"
"nik_expressive_20240910","Nik in Black Shirt","male","False","https://files2.heygen.ai/avatar/v3/Nik_Black_3_0_20240910/preview_target.webp","https://files2.heygen.ai/avatar/v3/Nik_Black_3_0_20240910/preview_video_target.mp4"
"nik_blue_expressive_20240910","Nik in Blue Sweater","male","False","https://files2.heygen.ai/avatar/v3/Nik_Blue_3_0_20240910/preview_target.webp","https://files2.heygen.ai/avatar/v3/Nik_Blue_3_0_20240910/preview_video_target.mp4"
"Tyler-incasualsuit-20220721","Tyler in Casual Suit","male","False","https://files2.heygen.ai/avatar/v3/79b245561ad448e796b7e77cd2773d0b_14263/preview_talk_11.webp","https://files2.heygen.ai/avatar/v3/79b245561ad448e796b7e77cd2773d0b_14263/preview_video_talk_11.mp4"
"Tyler-inshirt-20220721","Tyler in Shirt","male","False","https://files2.heygen.ai/avatar/v3/79b245561ad448e796b7e77cd2773d0b_14263/preview_talk_2.webp","https://files2.heygen.ai/avatar/v3/79b245561ad448e796b7e77cd2773d0b_14263/preview_video_talk_2.mp4"
"Tyler-insuit-20220721","Tyler in Suit","male","False","https://files2.heygen.ai/avatar/v3/79b245561ad448e796b7e77cd2773d0b_14263/preview_talk_5.webp","https://files2.heygen.ai/avatar/v3/79b245561ad448e796b7e77cd2773d0b_14263/preview_video_talk_5.mp4"
